timestamp,action,ticker,price,qty,value,reason,strategy,rsi,macd,signal,bb_upper,bb_mid,bb_lower,volume_ratio,pnl_pct,pnl_krw,entry,tp,sl
2025-10-20 00:46:07,SELL_SIGNAL,KRW-ETH,6024500.00,0,0,hold,보유중 (+0.11%),0,0,0,0,0,0,0,+0.11,0,6018000.00,6288810.00,5867550.00
2025-10-20 00:46:07,SELL_SIGNAL,KRW-META,24.45,0,0,hold,보유중 (-0.20%),0,0,0,0,0,0,0,-0.20,0,24.50,25.60,23.89
2025-10-20 00:46:07,SELL_SIGNAL,KRW-MIRA,475.50,0,0,hold,보유중 (-0.31%),0,0,0,0,0,0,0,-0.31,0,477.00,498.46,465.07
2025-10-20 00:46:08,SELL_SIGNAL,KRW-ETH,6024000.00,0,0,hold,보유중 (+0.10%),0,0,0,0,0,0,0,+0.10,0,6018000.00,6288810.00,5867550.00
2025-10-20 00:46:12,SELL_SIGNAL,KRW-META,24.45,0,0,hold,보유중 (-0.20%),0,0,0,0,0,0,0,-0.20,0,24.50,25.60,23.89
2025-10-20 00:46:12,SELL_SIGNAL,KRW-MIRA,475.50,0,0,hold,보유중 (-0.31%),0,0,0,0,0,0,0,-0.31,0,477.00,498.46,465.07
2025-10-20 00:46:14,SELL_SIGNAL,KRW-ETH,6023500.00,0,0,hold,보유중 (+0.09%),0,0,0,0,0,0,0,+0.09,0,6018000.00,6288810.00,5867550.00
2025-10-20 00:46:18,SELL_SIGNAL,KRW-META,24.45,0,0,hold,보유중 (-0.20%),0,0,0,0,0,0,0,-0.20,0,24.50,25.60,23.89
2025-10-20 00:46:18,SELL_SIGNAL,KRW-MIRA,475.50,0,0,hold,보유중 (-0.31%),0,0,0,0,0,0,0,-0.31,0,477.00,498.46,465.07
2025-10-20 00:46:20,SELL_SIGNAL,KRW-ETH,6023500.00,0,0,hold,보유중 (+0.09%),0,0,0,0,0,0,0,+0.09,0,6018000.00,6288810.00,5867550.00
2025-10-20 00:46:22,SELL_SIGNAL,KRW-ETH,6022500.00,0,0,hold,보유중 (+0.07%),0,0,0,0,0,0,0,+0.07,0,6018000.00,6288810.00,5867550.00
2025-10-20 00:46:23,SELL_SIGNAL,KRW-META,24.45,0,0,hold,보유중 (-0.20%),0,0,0,0,0,0,0,-0.20,0,24.50,25.60,23.89
2025-10-20 00:46:23,SELL_SIGNAL,KRW-MIRA,475.50,0,0,hold,보유중 (-0.31%),0,0,0,0,0,0,0,-0.31,0,477.00,498.46,465.07
2025-10-20 00:46:28,SELL_SIGNAL,KRW-ETH,6024000.00,0,0,hold,보유중 (+0.10%),0,0,0,0,0,0,0,+0.10,0,6018000.00,6288810.00,5867550.00
2025-10-20 00:46:28,SELL_SIGNAL,KRW-META,24.45,0,0,hold,보유중 (-0.20%),0,0,0,0,0,0,0,-0.20,0,24.50,25.60,23.89
2025-10-20 00:46:28,SELL_SIGNAL,KRW-MIRA,475.50,0,0,hold,보유중 (-0.31%),0,0,0,0,0,0,0,-0.31,0,477.00,498.46,465.07
2025-10-20 00:46:33,SELL_SIGNAL,KRW-ETH,6024000.00,0,0,hold,보유중 (+0.10%),0,0,0,0,0,0,0,+0.10,0,6018000.00,6288810.00,5867550.00
2025-10-20 00:46:33,SELL_SIGNAL,KRW-META,24.45,0,0,hold,보유중 (-0.20%),0,0,0,0,0,0,0,-0.20,0,24.50,25.60,23.89
2025-10-20 00:46:33,SELL_SIGNAL,KRW-MIRA,475.50,0,0,hold,보유중 (-0.31%),0,0,0,0,0,0,0,-0.31,0,477.00,498.46,465.07
2025-10-20 00:46:34,SELL_SIGNAL,KRW-ETH,6023500.00,0,0,hold,보유중 (+0.09%),0,0,0,0,0,0,0,+0.09,0,6018000.00,6288810.00,5867550.00
2025-10-20 00:46:38,SELL_SIGNAL,KRW-ETH,6024000.00,0,0,hold,보유중 (+0.10%),0,0,0,0,0,0,0,+0.10,0,6018000.00,6288810.00,5867550.00
2025-10-20 00:46:38,SELL_SIGNAL,KRW-META,24.45,0,0,hold,보유중 (-0.20%),0,0,0,0,0,0,0,-0.20,0,24.50,25.60,23.89
2025-10-20 00:46:38,SELL_SIGNAL,KRW-MIRA,475.50,0,0,hold,보유중 (-0.31%),0,0,0,0,0,0,0,-0.31,0,477.00,498.46,465.07
2025-10-20 00:46:41,SELL_SIGNAL,KRW-ETH,6024500.00,0,0,hold,보유중 (+0.11%),0,0,0,0,0,0,0,+0.11,0,6018000.00,6288810.00,5867550.00
2025-10-20 00:46:43,SELL_SIGNAL,KRW-META,24.45,0,0,hold,보유중 (-0.20%),0,0,0,0,0,0,0,-0.20,0,24.50,25.60,23.89
2025-10-20 00:46:43,SELL_SIGNAL,KRW-MIRA,475.50,0,0,hold,보유중 (-0.31%),0,0,0,0,0,0,0,-0.31,0,477.00,498.46,465.07
2025-10-20 00:46:46,SELL_SIGNAL,KRW-ETH,6024500.00,0,0,hold,보유중 (+0.11%),0,0,0,0,0,0,0,+0.11,0,6018000.00,6288810.00,5867550.00
2025-10-20 00:46:49,SELL_SIGNAL,KRW-META,24.45,0,0,hold,보유중 (-0.20%),0,0,0,0,0,0,0,-0.20,0,24.50,25.60,23.89
2025-10-20 00:46:49,SELL_SIGNAL,KRW-MIRA,475.50,0,0,hold,보유중 (-0.31%),0,0,0,0,0,0,0,-0.31,0,477.00,498.46,465.07
2025-10-20 00:46:51,SELL_SIGNAL,KRW-ETH,6024500.00,0,0,hold,보유중 (+0.11%),0,0,0,0,0,0,0,+0.11,0,6018000.00,6288810.00,5867550.00
2025-10-20 00:46:54,SELL_SIGNAL,KRW-META,24.45,0,0,hold,보유중 (-0.20%),0,0,0,0,0,0,0,-0.20,0,24.50,25.60,23.89
2025-10-20 00:46:54,SELL_SIGNAL,KRW-MIRA,475.50,0,0,hold,보유중 (-0.31%),0,0,0,0,0,0,0,-0.31,0,477.00,498.46,465.07
2025-10-20 00:46:56,SELL_SIGNAL,KRW-ETH,6024500.00,0,0,hold,보유중 (+0.11%),0,0,0,0,0,0,0,+0.11,0,6018000.00,6288810.00,5867550.00
2025-10-20 00:46:59,SELL_SIGNAL,KRW-META,24.45,0,0,hold,보유중 (-0.20%),0,0,0,0,0,0,0,-0.20,0,24.50,25.60,23.89
2025-10-20 00:46:59,SELL_SIGNAL,KRW-MIRA,475.50,0,0,hold,보유중 (-0.31%),0,0,0,0,0,0,0,-0.31,0,477.00,498.46,465.07
2025-10-20 00:47:01,SELL_SIGNAL,KRW-ETH,6023500.00,0,0,hold,보유중 (+0.09%),0,0,0,0,0,0,0,+0.09,0,6018000.00,6288810.00,5867550.00
2025-10-20 00:47:03,SELL_SIGNAL,KRW-ETH,6024000.00,0,0,hold,보유중 (+0.10%),0,0,0,0,0,0,0,+0.10,0,6018000.00,6288810.00,5867550.00
2025-10-20 00:47:04,SELL_SIGNAL,KRW-META,24.45,0,0,hold,보유중 (-0.20%),0,0,0,0,0,0,0,-0.20,0,24.50,25.60,23.89
2025-10-20 00:47:04,SELL_SIGNAL,KRW-MIRA,475.50,0,0,hold,보유중 (-0.31%),0,0,0,0,0,0,0,-0.31,0,477.00,498.46,465.07
2025-10-20 00:47:08,SELL_SIGNAL,KRW-ETH,6024000.00,0,0,hold,보유중 (+0.10%),0,0,0,0,0,0,0,+0.10,0,6018000.00,6288810.00,5867550.00
2025-10-20 00:47:09,SELL_SIGNAL,KRW-ETH,6024500.00,0,0,hold,보유중 (+0.11%),0,0,0,0,0,0,0,+0.11,0,6018000.00,6288810.00,5867550.00
2025-10-20 00:47:09,SELL_SIGNAL,KRW-META,24.45,0,0,hold,보유중 (-0.20%),0,0,0,0,0,0,0,-0.20,0,24.50,25.60,23.89
2025-10-20 00:47:09,SELL_SIGNAL,KRW-MIRA,475.50,0,0,hold,보유중 (-0.31%),0,0,0,0,0,0,0,-0.31,0,477.00,498.46,465.07
2025-10-20 00:47:10,SELL_SIGNAL,KRW-ETH,6024000.00,0,0,hold,보유중 (+0.10%),0,0,0,0,0,0,0,+0.10,0,6018000.00,6288810.00,5867550.00
2025-10-20 00:47:14,SELL_SIGNAL,KRW-META,24.45,0,0,hold,보유중 (-0.20%),0,0,0,0,0,0,0,-0.20,0,24.50,25.60,23.89
2025-10-20 00:47:14,SELL_SIGNAL,KRW-MIRA,475.50,0,0,hold,보유중 (-0.31%),0,0,0,0,0,0,0,-0.31,0,477.00,498.46,465.07
2025-10-20 00:47:16,SELL_SIGNAL,KRW-ETH,6024000.00,0,0,hold,보유중 (+0.10%),0,0,0,0,0,0,0,+0.10,0,6018000.00,6288810.00,5867550.00
2025-10-20 00:47:19,SELL_SIGNAL,KRW-ETH,6025500.00,0,0,hold,보유중 (+0.12%),0,0,0,0,0,0,0,+0.12,0,6018000.00,6288810.00,5867550.00
2025-10-20 00:47:19,SELL_SIGNAL,KRW-META,24.45,0,0,hold,보유중 (-0.20%),0,0,0,0,0,0,0,-0.20,0,24.50,25.60,23.89
2025-10-20 00:47:19,SELL_SIGNAL,KRW-MIRA,475.50,0,0,hold,보유중 (-0.31%),0,0,0,0,0,0,0,-0.31,0,477.00,498.46,465.07
2025-10-20 00:47:24,SELL_SIGNAL,KRW-ETH,6025500.00,0,0,hold,보유중 (+0.12%),0,0,0,0,0,0,0,+0.12,0,6018000.00,6288810.00,5867550.00
2025-10-20 00:47:24,SELL_SIGNAL,KRW-META,24.45,0,0,hold,보유중 (-0.20%),0,0,0,0,0,0,0,-0.20,0,24.50,25.60,23.89
2025-10-20 00:47:25,SELL_SIGNAL,KRW-MIRA,475.50,0,0,hold,보유중 (-0.31%),0,0,0,0,0,0,0,-0.31,0,477.00,498.46,465.07
2025-10-20 00:47:29,SELL_SIGNAL,KRW-ETH,6025500.00,0,0,hold,보유중 (+0.12%),0,0,0,0,0,0,0,+0.12,0,6018000.00,6288810.00,5867550.00
2025-10-20 00:47:30,SELL_SIGNAL,KRW-META,24.45,0,0,hold,보유중 (-0.20%),0,0,0,0,0,0,0,-0.20,0,24.50,25.60,23.89
2025-10-20 00:47:30,SELL_SIGNAL,KRW-MIRA,475.50,0,0,hold,보유중 (-0.31%),0,0,0,0,0,0,0,-0.31,0,477.00,498.46,465.07
2025-10-20 00:47:35,SELL_SIGNAL,KRW-META,24.45,0,0,hold,보유중 (-0.20%),0,0,0,0,0,0,0,-0.20,0,24.50,25.60,23.89
2025-10-20 00:47:35,SELL_SIGNAL,KRW-ETH,6025500.00,0,0,hold,보유중 (+0.12%),0,0,0,0,0,0,0,+0.12,0,6018000.00,6288810.00,5867550.00
2025-10-20 00:47:35,SELL_SIGNAL,KRW-MIRA,475.50,0,0,hold,보유중 (-0.31%),0,0,0,0,0,0,0,-0.31,0,477.00,498.46,465.07
2025-10-20 00:47:37,SELL_SIGNAL,KRW-ETH,6026500.00,0,0,hold,보유중 (+0.14%),0,0,0,0,0,0,0,+0.14,0,6018000.00,6288810.00,5867550.00
2025-10-20 00:47:40,SELL_SIGNAL,KRW-META,24.45,0,0,hold,보유중 (-0.20%),0,0,0,0,0,0,0,-0.20,0,24.50,25.60,23.89
2025-10-20 00:47:40,SELL_SIGNAL,KRW-MIRA,475.50,0,0,hold,보유중 (-0.31%),0,0,0,0,0,0,0,-0.31,0,477.00,498.46,465.07
2025-10-20 00:47:41,SELL_SIGNAL,KRW-ETH,6027500.00,0,0,hold,보유중 (+0.16%),0,0,0,0,0,0,0,+0.16,0,6018000.00,6288810.00,5867550.00
2025-10-20 00:47:45,SELL_SIGNAL,KRW-META,24.45,0,0,hold,보유중 (-0.20%),0,0,0,0,0,0,0,-0.20,0,24.50,25.60,23.89
2025-10-20 00:47:45,SELL_SIGNAL,KRW-MIRA,475.50,0,0,hold,보유중 (-0.31%),0,0,0,0,0,0,0,-0.31,0,477.00,498.46,465.07
2025-10-20 00:47:46,SELL_SIGNAL,KRW-ETH,6027500.00,0,0,hold,보유중 (+0.16%),0,0,0,0,0,0,0,+0.16,0,6018000.00,6288810.00,5867550.00
2025-10-20 00:47:50,SELL_SIGNAL,KRW-ETH,6029500.00,0,0,hold,보유중 (+0.19%),0,0,0,0,0,0,0,+0.19,0,6018000.00,6288810.00,5867550.00
2025-10-20 00:47:50,SELL_SIGNAL,KRW-META,24.45,0,0,hold,보유중 (-0.20%),0,0,0,0,0,0,0,-0.20,0,24.50,25.60,23.89
2025-10-20 00:47:50,SELL_SIGNAL,KRW-MIRA,475.50,0,0,hold,보유중 (-0.31%),0,0,0,0,0,0,0,-0.31,0,477.00,498.46,465.07
2025-10-20 00:47:55,SELL_SIGNAL,KRW-ETH,6027500.00,0,0,hold,보유중 (+0.16%),0,0,0,0,0,0,0,+0.16,0,6018000.00,6288810.00,5867550.00
2025-10-20 00:47:55,SELL_SIGNAL,KRW-META,24.45,0,0,hold,보유중 (-0.20%),0,0,0,0,0,0,0,-0.20,0,24.50,25.60,23.89
2025-10-20 00:47:55,SELL_SIGNAL,KRW-MIRA,475.50,0,0,hold,보유중 (-0.31%),0,0,0,0,0,0,0,-0.31,0,477.00,498.46,465.07
2025-10-20 00:48:00,SELL_SIGNAL,KRW-ETH,6029500.00,0,0,hold,보유중 (+0.19%),0,0,0,0,0,0,0,+0.19,0,6018000.00,6288810.00,5867550.00
2025-10-20 00:48:00,SELL_SIGNAL,KRW-META,24.45,0,0,hold,보유중 (-0.20%),0,0,0,0,0,0,0,-0.20,0,24.50,25.60,23.89
2025-10-20 00:48:00,SELL_SIGNAL,KRW-MIRA,475.50,0,0,hold,보유중 (-0.31%),0,0,0,0,0,0,0,-0.31,0,477.00,498.46,465.07
2025-10-20 00:48:05,SELL_SIGNAL,KRW-ETH,6029500.00,0,0,hold,보유중 (+0.19%),0,0,0,0,0,0,0,+0.19,0,6018000.00,6288810.00,5867550.00
2025-10-20 00:48:05,SELL_SIGNAL,KRW-META,24.45,0,0,hold,보유중 (-0.20%),0,0,0,0,0,0,0,-0.20,0,24.50,25.60,23.89
2025-10-20 00:48:06,SELL_SIGNAL,KRW-MIRA,476.50,0,0,hold,보유중 (-0.10%),0,0,0,0,0,0,0,-0.10,0,477.00,498.46,465.07
2025-10-20 00:48:06,SELL_SIGNAL,KRW-MIRA,475.50,0,0,hold,보유중 (-0.31%),0,0,0,0,0,0,0,-0.31,0,477.00,498.46,465.07
2025-10-20 00:48:10,SELL_SIGNAL,KRW-ETH,6029500.00,0,0,hold,보유중 (+0.19%),0,0,0,0,0,0,0,+0.19,0,6018000.00,6288810.00,5867550.00
2025-10-20 00:48:11,SELL_SIGNAL,KRW-META,24.45,0,0,hold,보유중 (-0.20%),0,0,0,0,0,0,0,-0.20,0,24.50,25.60,23.89
2025-10-20 00:48:11,SELL_SIGNAL,KRW-MIRA,476.00,0,0,hold,보유중 (-0.21%),0,0,0,0,0,0,0,-0.21,0,477.00,498.46,465.07
2025-10-20 00:48:16,SELL_SIGNAL,KRW-ETH,6029500.00,0,0,hold,보유중 (+0.19%),0,0,0,0,0,0,0,+0.19,0,6018000.00,6288810.00,5867550.00
2025-10-20 00:48:16,SELL_SIGNAL,KRW-META,24.45,0,0,hold,보유중 (-0.20%),0,0,0,0,0,0,0,-0.20,0,24.50,25.60,23.89
2025-10-20 00:48:16,SELL_SIGNAL,KRW-MIRA,476.00,0,0,hold,보유중 (-0.21%),0,0,0,0,0,0,0,-0.21,0,477.00,498.46,465.07
2025-10-20 00:48:19,SELL_SIGNAL,KRW-ETH,6032000.00,0,0,hold,보유중 (+0.23%),0,0,0,0,0,0,0,+0.23,0,6018000.00,6288810.00,5867550.00
2025-10-20 00:48:21,SELL_SIGNAL,KRW-META,24.45,0,0,hold,보유중 (-0.20%),0,0,0,0,0,0,0,-0.20,0,24.50,25.60,23.89
2025-10-20 00:48:21,SELL_SIGNAL,KRW-MIRA,476.00,0,0,hold,보유중 (-0.21%),0,0,0,0,0,0,0,-0.21,0,477.00,498.46,465.07
2025-10-20 00:48:26,SELL_SIGNAL,KRW-ETH,6032500.00,0,0,hold,보유중 (+0.24%),0,0,0,0,0,0,0,+0.24,0,6018000.00,6288810.00,5867550.00
2025-10-20 00:48:26,SELL_SIGNAL,KRW-META,24.45,0,0,hold,보유중 (-0.20%),0,0,0,0,0,0,0,-0.20,0,24.50,25.60,23.89
2025-10-20 00:48:26,SELL_SIGNAL,KRW-MIRA,476.50,0,0,hold,보유중 (-0.10%),0,0,0,0,0,0,0,-0.10,0,477.00,498.46,465.07
2025-10-20 00:48:31,SELL_SIGNAL,KRW-ETH,6032500.00,0,0,hold,보유중 (+0.24%),0,0,0,0,0,0,0,+0.24,0,6018000.00,6288810.00,5867550.00
2025-10-20 00:48:31,SELL_SIGNAL,KRW-META,24.45,0,0,hold,보유중 (-0.20%),0,0,0,0,0,0,0,-0.20,0,24.50,25.60,23.89
2025-10-20 00:48:31,SELL_SIGNAL,KRW-MIRA,476.50,0,0,hold,보유중 (-0.10%),0,0,0,0,0,0,0,-0.10,0,477.00,498.46,465.07
2025-10-20 00:48:36,SELL_SIGNAL,KRW-ETH,6032500.00,0,0,hold,보유중 (+0.24%),0,0,0,0,0,0,0,+0.24,0,6018000.00,6288810.00,5867550.00
2025-10-20 00:48:36,SELL_SIGNAL,KRW-META,24.45,0,0,hold,보유중 (-0.20%),0,0,0,0,0,0,0,-0.20,0,24.50,25.60,23.89
2025-10-20 00:48:36,SELL_SIGNAL,KRW-MIRA,476.00,0,0,hold,보유중 (-0.21%),0,0,0,0,0,0,0,-0.21,0,477.00,498.46,465.07
2025-10-20 00:48:41,SELL_SIGNAL,KRW-ETH,6032000.00,0,0,hold,보유중 (+0.23%),0,0,0,0,0,0,0,+0.23,0,6018000.00,6288810.00,5867550.00
2025-10-20 00:48:42,SELL_SIGNAL,KRW-META,24.45,0,0,hold,보유중 (-0.20%),0,0,0,0,0,0,0,-0.20,0,24.50,25.60,23.89
2025-10-20 00:48:42,SELL_SIGNAL,KRW-MIRA,476.00,0,0,hold,보유중 (-0.21%),0,0,0,0,0,0,0,-0.21,0,477.00,498.46,465.07
2025-10-20 00:48:42,SELL_SIGNAL,KRW-ETH,6032500.00,0,0,hold,보유중 (+0.24%),0,0,0,0,0,0,0,+0.24,0,6018000.00,6288810.00,5867550.00
2025-10-20 00:48:47,SELL_SIGNAL,KRW-ETH,6033000.00,0,0,hold,보유중 (+0.25%),0,0,0,0,0,0,0,+0.25,0,6018000.00,6288810.00,5867550.00
2025-10-20 00:48:47,SELL_SIGNAL,KRW-META,24.45,0,0,hold,보유중 (-0.20%),0,0,0,0,0,0,0,-0.20,0,24.50,25.60,23.89
2025-10-20 00:48:47,SELL_SIGNAL,KRW-MIRA,476.00,0,0,hold,보유중 (-0.21%),0,0,0,0,0,0,0,-0.21,0,477.00,498.46,465.07
2025-10-20 00:48:47,SELL_SIGNAL,KRW-ETH,6032500.00,0,0,hold,보유중 (+0.24%),0,0,0,0,0,0,0,+0.24,0,6018000.00,6288810.00,5867550.00
2025-10-20 00:48:52,SELL_SIGNAL,KRW-META,24.45,0,0,hold,보유중 (-0.20%),0,0,0,0,0,0,0,-0.20,0,24.50,25.60,23.89
2025-10-20 00:48:52,SELL_SIGNAL,KRW-MIRA,476.00,0,0,hold,보유중 (-0.21%),0,0,0,0,0,0,0,-0.21,0,477.00,498.46,465.07
2025-10-20 00:48:57,SELL_SIGNAL,KRW-ETH,6032500.00,0,0,hold,보유중 (+0.24%),0,0,0,0,0,0,0,+0.24,0,6018000.00,6288810.00,5867550.00
2025-10-20 00:48:57,SELL_SIGNAL,KRW-META,24.45,0,0,hold,보유중 (-0.20%),0,0,0,0,0,0,0,-0.20,0,24.50,25.60,23.89
2025-10-20 00:48:57,SELL_SIGNAL,KRW-MIRA,476.00,0,0,hold,보유중 (-0.21%),0,0,0,0,0,0,0,-0.21,0,477.00,498.46,465.07
2025-10-20 00:49:02,SELL_SIGNAL,KRW-ETH,6032000.00,0,0,hold,보유중 (+0.23%),0,0,0,0,0,0,0,+0.23,0,6018000.00,6288810.00,5867550.00
2025-10-20 00:49:02,SELL_SIGNAL,KRW-META,24.45,0,0,hold,보유중 (-0.20%),0,0,0,0,0,0,0,-0.20,0,24.50,25.60,23.89
2025-10-20 00:49:02,SELL_SIGNAL,KRW-MIRA,476.50,0,0,hold,보유중 (-0.10%),0,0,0,0,0,0,0,-0.10,0,477.00,498.46,465.07
2025-10-20 00:49:07,SELL_SIGNAL,KRW-ETH,6032000.00,0,0,hold,보유중 (+0.23%),0,0,0,0,0,0,0,+0.23,0,6018000.00,6288810.00,5867550.00
2025-10-20 00:49:07,SELL_SIGNAL,KRW-META,24.45,0,0,hold,보유중 (-0.20%),0,0,0,0,0,0,0,-0.20,0,24.50,25.60,23.89
2025-10-20 00:49:07,SELL_SIGNAL,KRW-MIRA,476.50,0,0,hold,보유중 (-0.10%),0,0,0,0,0,0,0,-0.10,0,477.00,498.46,465.07
2025-10-20 00:49:12,SELL_SIGNAL,KRW-ETH,6032000.00,0,0,hold,보유중 (+0.23%),0,0,0,0,0,0,0,+0.23,0,6018000.00,6288810.00,5867550.00
2025-10-20 00:49:13,SELL_SIGNAL,KRW-META,24.45,0,0,hold,보유중 (-0.20%),0,0,0,0,0,0,0,-0.20,0,24.50,25.60,23.89
2025-10-20 00:49:13,SELL_SIGNAL,KRW-MIRA,476.50,0,0,hold,보유중 (-0.10%),0,0,0,0,0,0,0,-0.10,0,477.00,498.46,465.07
2025-10-20 00:49:18,SELL_SIGNAL,KRW-ETH,6032000.00,0,0,hold,보유중 (+0.23%),0,0,0,0,0,0,0,+0.23,0,6018000.00,6288810.00,5867550.00
2025-10-20 00:49:18,SELL_SIGNAL,KRW-META,24.45,0,0,hold,보유중 (-0.20%),0,0,0,0,0,0,0,-0.20,0,24.50,25.60,23.89
2025-10-20 00:49:18,SELL_SIGNAL,KRW-MIRA,476.50,0,0,hold,보유중 (-0.10%),0,0,0,0,0,0,0,-0.10,0,477.00,498.46,465.07
2025-10-20 00:49:23,SELL_SIGNAL,KRW-ETH,6032000.00,0,0,hold,보유중 (+0.23%),0,0,0,0,0,0,0,+0.23,0,6018000.00,6288810.00,5867550.00
2025-10-20 00:49:23,SELL_SIGNAL,KRW-META,24.45,0,0,hold,보유중 (-0.20%),0,0,0,0,0,0,0,-0.20,0,24.50,25.60,23.89
2025-10-20 00:49:23,SELL_SIGNAL,KRW-MIRA,476.50,0,0,hold,보유중 (-0.10%),0,0,0,0,0,0,0,-0.10,0,477.00,498.46,465.07
2025-10-20 00:49:28,SELL_SIGNAL,KRW-ETH,6032000.00,0,0,hold,보유중 (+0.23%),0,0,0,0,0,0,0,+0.23,0,6018000.00,6288810.00,5867550.00
2025-10-20 00:49:28,SELL_SIGNAL,KRW-META,24.45,0,0,hold,보유중 (-0.20%),0,0,0,0,0,0,0,-0.20,0,24.50,25.60,23.89
2025-10-20 00:49:28,SELL_SIGNAL,KRW-MIRA,476.50,0,0,hold,보유중 (-0.10%),0,0,0,0,0,0,0,-0.10,0,477.00,498.46,465.07
2025-10-20 00:49:29,SELL_SIGNAL,KRW-ETH,6034500.00,0,0,hold,보유중 (+0.27%),0,0,0,0,0,0,0,+0.27,0,6018000.00,6288810.00,5867550.00
2025-10-20 00:49:33,SELL_SIGNAL,KRW-META,24.45,0,0,hold,보유중 (-0.20%),0,0,0,0,0,0,0,-0.20,0,24.50,25.60,23.89
2025-10-20 00:49:33,SELL_SIGNAL,KRW-MIRA,476.50,0,0,hold,보유중 (-0.10%),0,0,0,0,0,0,0,-0.10,0,477.00,498.46,465.07
2025-10-20 00:49:35,SELL_SIGNAL,KRW-ETH,6032000.00,0,0,hold,보유중 (+0.23%),0,0,0,0,0,0,0,+0.23,0,6018000.00,6288810.00,5867550.00
2025-10-20 00:49:38,SELL_SIGNAL,KRW-META,24.45,0,0,hold,보유중 (-0.20%),0,0,0,0,0,0,0,-0.20,0,24.50,25.60,23.89
2025-10-20 00:49:38,SELL_SIGNAL,KRW-MIRA,476.50,0,0,hold,보유중 (-0.10%),0,0,0,0,0,0,0,-0.10,0,477.00,498.46,465.07
2025-10-20 00:49:41,SELL_SIGNAL,KRW-ETH,6032000.00,0,0,hold,보유중 (+0.23%),0,0,0,0,0,0,0,+0.23,0,6018000.00,6288810.00,5867550.00
2025-10-20 00:49:43,SELL_SIGNAL,KRW-META,24.45,0,0,hold,보유중 (-0.20%),0,0,0,0,0,0,0,-0.20,0,24.50,25.60,23.89
2025-10-20 00:49:43,SELL_SIGNAL,KRW-MIRA,476.50,0,0,hold,보유중 (-0.10%),0,0,0,0,0,0,0,-0.10,0,477.00,498.46,465.07
2025-10-20 00:49:49,SELL_SIGNAL,KRW-ETH,6032000.00,0,0,hold,보유중 (+0.23%),0,0,0,0,0,0,0,+0.23,0,6018000.00,6288810.00,5867550.00
2025-10-20 00:49:49,SELL_SIGNAL,KRW-META,24.45,0,0,hold,보유중 (-0.20%),0,0,0,0,0,0,0,-0.20,0,24.50,25.60,23.89
2025-10-20 00:49:49,SELL_SIGNAL,KRW-MIRA,476.50,0,0,hold,보유중 (-0.10%),0,0,0,0,0,0,0,-0.10,0,477.00,498.46,465.07
2025-10-20 00:49:52,SELL_SIGNAL,KRW-ETH,6032500.00,0,0,hold,보유중 (+0.24%),0,0,0,0,0,0,0,+0.24,0,6018000.00,6288810.00,5867550.00
2025-10-20 00:49:54,SELL_SIGNAL,KRW-META,24.45,0,0,hold,보유중 (-0.20%),0,0,0,0,0,0,0,-0.20,0,24.50,25.60,23.89
2025-10-20 00:49:54,SELL_SIGNAL,KRW-MIRA,476.50,0,0,hold,보유중 (-0.10%),0,0,0,0,0,0,0,-0.10,0,477.00,498.46,465.07
2025-10-20 00:49:58,SELL_SIGNAL,KRW-MIRA,477.00,0,0,hold,보유중 (+0.00%),0,0,0,0,0,0,0,+0.00,0,477.00,498.46,465.07
2025-10-20 00:49:59,SELL_SIGNAL,KRW-ETH,6032500.00,0,0,hold,보유중 (+0.24%),0,0,0,0,0,0,0,+0.24,0,6018000.00,6288810.00,5867550.00
2025-10-20 00:49:59,SELL_SIGNAL,KRW-META,24.45,0,0,hold,보유중 (-0.20%),0,0,0,0,0,0,0,-0.20,0,24.50,25.60,23.89
2025-10-20 00:50:04,SELL_SIGNAL,KRW-ETH,6032500.00,0,0,hold,보유중 (+0.24%),0,0,0,0,0,0,0,+0.24,0,6018000.00,6288810.00,5867550.00
2025-10-20 00:50:04,SELL_SIGNAL,KRW-META,24.45,0,0,hold,보유중 (-0.20%),0,0,0,0,0,0,0,-0.20,0,24.50,25.60,23.89
2025-10-20 00:50:04,SELL_SIGNAL,KRW-MIRA,477.00,0,0,hold,보유중 (+0.00%),0,0,0,0,0,0,0,+0.00,0,477.00,498.46,465.07
2025-10-20 00:50:09,SELL_SIGNAL,KRW-ETH,6032500.00,0,0,hold,보유중 (+0.24%),0,0,0,0,0,0,0,+0.24,0,6018000.00,6288810.00,5867550.00
2025-10-20 00:50:09,SELL_SIGNAL,KRW-META,24.45,0,0,hold,보유중 (-0.20%),0,0,0,0,0,0,0,-0.20,0,24.50,25.60,23.89
2025-10-20 00:50:09,SELL_SIGNAL,KRW-MIRA,477.00,0,0,hold,보유중 (+0.00%),0,0,0,0,0,0,0,+0.00,0,477.00,498.46,465.07
2025-10-20 00:50:14,SELL_SIGNAL,KRW-ETH,6032500.00,0,0,hold,보유중 (+0.24%),0,0,0,0,0,0,0,+0.24,0,6018000.00,6288810.00,5867550.00
2025-10-20 00:50:15,SELL_SIGNAL,KRW-META,24.45,0,0,hold,보유중 (-0.20%),0,0,0,0,0,0,0,-0.20,0,24.50,25.60,23.89
2025-10-20 00:50:15,SELL_SIGNAL,KRW-MIRA,477.00,0,0,hold,보유중 (+0.00%),0,0,0,0,0,0,0,+0.00,0,477.00,498.46,465.07
2025-10-20 00:50:20,SELL_SIGNAL,KRW-ETH,6032500.00,0,0,hold,보유중 (+0.24%),0,0,0,0,0,0,0,+0.24,0,6018000.00,6288810.00,5867550.00
2025-10-20 00:50:20,SELL_SIGNAL,KRW-META,24.45,0,0,hold,보유중 (-0.20%),0,0,0,0,0,0,0,-0.20,0,24.50,25.60,23.89
2025-10-20 00:50:20,SELL_SIGNAL,KRW-MIRA,477.00,0,0,hold,보유중 (+0.00%),0,0,0,0,0,0,0,+0.00,0,477.00,498.46,465.07
2025-10-20 00:50:25,SELL_SIGNAL,KRW-ETH,6032500.00,0,0,hold,보유중 (+0.24%),0,0,0,0,0,0,0,+0.24,0,6018000.00,6288810.00,5867550.00
2025-10-20 00:50:25,SELL_SIGNAL,KRW-META,24.45,0,0,hold,보유중 (-0.20%),0,0,0,0,0,0,0,-0.20,0,24.50,25.60,23.89
2025-10-20 00:50:25,SELL_SIGNAL,KRW-MIRA,477.00,0,0,hold,보유중 (+0.00%),0,0,0,0,0,0,0,+0.00,0,477.00,498.46,465.07
2025-10-20 00:50:28,SELL_SIGNAL,KRW-ETH,6033000.00,0,0,hold,보유중 (+0.25%),0,0,0,0,0,0,0,+0.25,0,6018000.00,6288810.00,5867550.00
2025-10-20 00:50:30,SELL_SIGNAL,KRW-META,24.45,0,0,hold,보유중 (-0.20%),0,0,0,0,0,0,0,-0.20,0,24.50,25.60,23.89
2025-10-20 00:50:30,SELL_SIGNAL,KRW-MIRA,477.00,0,0,hold,보유중 (+0.00%),0,0,0,0,0,0,0,+0.00,0,477.00,498.46,465.07
2025-10-20 00:50:34,SELL_SIGNAL,KRW-ETH,6033000.00,0,0,hold,보유중 (+0.25%),0,0,0,0,0,0,0,+0.25,0,6018000.00,6288810.00,5867550.00
2025-10-20 00:50:35,SELL_SIGNAL,KRW-META,24.45,0,0,hold,보유중 (-0.20%),0,0,0,0,0,0,0,-0.20,0,24.50,25.60,23.89
2025-10-20 00:50:35,SELL_SIGNAL,KRW-MIRA,476.50,0,0,hold,보유중 (-0.10%),0,0,0,0,0,0,0,-0.10,0,477.00,498.46,465.07
2025-10-20 00:50:40,SELL_SIGNAL,KRW-ETH,6033000.00,0,0,hold,보유중 (+0.25%),0,0,0,0,0,0,0,+0.25,0,6018000.00,6288810.00,5867550.00
2025-10-20 00:50:40,SELL_SIGNAL,KRW-META,24.45,0,0,hold,보유중 (-0.20%),0,0,0,0,0,0,0,-0.20,0,24.50,25.60,23.89
2025-10-20 00:50:40,SELL_SIGNAL,KRW-MIRA,476.50,0,0,hold,보유중 (-0.10%),0,0,0,0,0,0,0,-0.10,0,477.00,498.46,465.07
2025-10-20 00:50:44,SELL_SIGNAL,KRW-ETH,6031500.00,0,0,hold,보유중 (+0.22%),0,0,0,0,0,0,0,+0.22,0,6018000.00,6288810.00,5867550.00
2025-10-20 00:50:45,SELL_SIGNAL,KRW-META,24.45,0,0,hold,보유중 (-0.20%),0,0,0,0,0,0,0,-0.20,0,24.50,25.60,23.89
2025-10-20 00:50:45,SELL_SIGNAL,KRW-MIRA,476.50,0,0,hold,보유중 (-0.10%),0,0,0,0,0,0,0,-0.10,0,477.00,498.46,465.07
2025-10-20 00:50:51,SELL_SIGNAL,KRW-ETH,6031500.00,0,0,hold,보유중 (+0.22%),0,0,0,0,0,0,0,+0.22,0,6018000.00,6288810.00,5867550.00
2025-10-20 00:50:51,SELL_SIGNAL,KRW-META,24.45,0,0,hold,보유중 (-0.20%),0,0,0,0,0,0,0,-0.20,0,24.50,25.60,23.89
2025-10-20 00:50:51,SELL_SIGNAL,KRW-MIRA,476.50,0,0,hold,보유중 (-0.10%),0,0,0,0,0,0,0,-0.10,0,477.00,498.46,465.07
2025-10-20 00:50:56,SELL_SIGNAL,KRW-ETH,6031500.00,0,0,hold,보유중 (+0.22%),0,0,0,0,0,0,0,+0.22,0,6018000.00,6288810.00,5867550.00
2025-10-20 00:50:56,SELL_SIGNAL,KRW-META,24.45,0,0,hold,보유중 (-0.20%),0,0,0,0,0,0,0,-0.20,0,24.50,25.60,23.89
2025-10-20 00:50:56,SELL_SIGNAL,KRW-MIRA,476.50,0,0,hold,보유중 (-0.10%),0,0,0,0,0,0,0,-0.10,0,477.00,498.46,465.07
2025-10-20 00:51:01,SELL_SIGNAL,KRW-ETH,6031500.00,0,0,hold,보유중 (+0.22%),0,0,0,0,0,0,0,+0.22,0,6018000.00,6288810.00,5867550.00
2025-10-20 00:51:01,SELL_SIGNAL,KRW-META,24.45,0,0,hold,보유중 (-0.20%),0,0,0,0,0,0,0,-0.20,0,24.50,25.60,23.89
2025-10-20 00:51:01,SELL_SIGNAL,KRW-MIRA,476.50,0,0,hold,보유중 (-0.10%),0,0,0,0,0,0,0,-0.10,0,477.00,498.46,465.07
2025-10-20 00:51:06,SELL_SIGNAL,KRW-ETH,6031500.00,0,0,hold,보유중 (+0.22%),0,0,0,0,0,0,0,+0.22,0,6018000.00,6288810.00,5867550.00
2025-10-20 00:51:06,SELL_SIGNAL,KRW-META,24.45,0,0,hold,보유중 (-0.20%),0,0,0,0,0,0,0,-0.20,0,24.50,25.60,23.89
2025-10-20 00:51:06,SELL_SIGNAL,KRW-MIRA,476.50,0,0,hold,보유중 (-0.10%),0,0,0,0,0,0,0,-0.10,0,477.00,498.46,465.07
2025-10-20 00:51:11,SELL_SIGNAL,KRW-ETH,6031500.00,0,0,hold,보유중 (+0.22%),0,0,0,0,0,0,0,+0.22,0,6018000.00,6288810.00,5867550.00
2025-10-20 00:51:11,SELL_SIGNAL,KRW-META,24.45,0,0,hold,보유중 (-0.20%),0,0,0,0,0,0,0,-0.20,0,24.50,25.60,23.89
2025-10-20 00:51:11,SELL_SIGNAL,KRW-MIRA,476.50,0,0,hold,보유중 (-0.10%),0,0,0,0,0,0,0,-0.10,0,477.00,498.46,465.07
2025-10-20 00:51:16,SELL_SIGNAL,KRW-ETH,6031500.00,0,0,hold,보유중 (+0.22%),0,0,0,0,0,0,0,+0.22,0,6018000.00,6288810.00,5867550.00
2025-10-20 00:51:16,SELL_SIGNAL,KRW-META,24.45,0,0,hold,보유중 (-0.20%),0,0,0,0,0,0,0,-0.20,0,24.50,25.60,23.89
2025-10-20 00:51:16,SELL_SIGNAL,KRW-MIRA,476.50,0,0,hold,보유중 (-0.10%),0,0,0,0,0,0,0,-0.10,0,477.00,498.46,465.07
2025-10-20 00:51:21,SELL_SIGNAL,KRW-ETH,6031500.00,0,0,hold,보유중 (+0.22%),0,0,0,0,0,0,0,+0.22,0,6018000.00,6288810.00,5867550.00
2025-10-20 00:51:21,SELL_SIGNAL,KRW-META,24.45,0,0,hold,보유중 (-0.20%),0,0,0,0,0,0,0,-0.20,0,24.50,25.60,23.89
2025-10-20 00:51:21,SELL_SIGNAL,KRW-MIRA,476.50,0,0,hold,보유중 (-0.10%),0,0,0,0,0,0,0,-0.10,0,477.00,498.46,465.07
2025-10-20 00:51:27,SELL_SIGNAL,KRW-ETH,6031500.00,0,0,hold,보유중 (+0.22%),0,0,0,0,0,0,0,+0.22,0,6018000.00,6288810.00,5867550.00
2025-10-20 00:51:27,SELL_SIGNAL,KRW-META,24.45,0,0,hold,보유중 (-0.20%),0,0,0,0,0,0,0,-0.20,0,24.50,25.60,23.89
2025-10-20 00:51:27,SELL_SIGNAL,KRW-MIRA,476.50,0,0,hold,보유중 (-0.10%),0,0,0,0,0,0,0,-0.10,0,477.00,498.46,465.07
2025-10-20 00:51:32,SELL_SIGNAL,KRW-ETH,6031500.00,0,0,hold,보유중 (+0.22%),0,0,0,0,0,0,0,+0.22,0,6018000.00,6288810.00,5867550.00
2025-10-20 00:51:32,SELL_SIGNAL,KRW-META,24.45,0,0,hold,보유중 (-0.20%),0,0,0,0,0,0,0,-0.20,0,24.50,25.60,23.89
2025-10-20 00:51:32,SELL_SIGNAL,KRW-MIRA,476.50,0,0,hold,보유중 (-0.10%),0,0,0,0,0,0,0,-0.10,0,477.00,498.46,465.07
2025-10-20 00:51:37,SELL_SIGNAL,KRW-ETH,6031500.00,0,0,hold,보유중 (+0.22%),0,0,0,0,0,0,0,+0.22,0,6018000.00,6288810.00,5867550.00
2025-10-20 00:51:37,SELL_SIGNAL,KRW-META,24.45,0,0,hold,보유중 (-0.20%),0,0,0,0,0,0,0,-0.20,0,24.50,25.60,23.89
2025-10-20 00:51:37,SELL_SIGNAL,KRW-MIRA,476.50,0,0,hold,보유중 (-0.10%),0,0,0,0,0,0,0,-0.10,0,477.00,498.46,465.07
2025-10-20 00:51:42,SELL_SIGNAL,KRW-ETH,6031500.00,0,0,hold,보유중 (+0.22%),0,0,0,0,0,0,0,+0.22,0,6018000.00,6288810.00,5867550.00
2025-10-20 00:51:42,SELL_SIGNAL,KRW-META,24.45,0,0,hold,보유중 (-0.20%),0,0,0,0,0,0,0,-0.20,0,24.50,25.60,23.89
2025-10-20 00:51:42,SELL_SIGNAL,KRW-MIRA,476.50,0,0,hold,보유중 (-0.10%),0,0,0,0,0,0,0,-0.10,0,477.00,498.46,465.07
2025-10-20 00:51:47,SELL_SIGNAL,KRW-ETH,6031500.00,0,0,hold,보유중 (+0.22%),0,0,0,0,0,0,0,+0.22,0,6018000.00,6288810.00,5867550.00
2025-10-20 00:51:47,SELL_SIGNAL,KRW-META,24.45,0,0,hold,보유중 (-0.20%),0,0,0,0,0,0,0,-0.20,0,24.50,25.60,23.89
2025-10-20 00:51:47,SELL_SIGNAL,KRW-MIRA,476.50,0,0,hold,보유중 (-0.10%),0,0,0,0,0,0,0,-0.10,0,477.00,498.46,465.07
2025-10-20 00:51:52,SELL_SIGNAL,KRW-MIRA,476.50,0,0,hold,보유중 (-0.10%),0,0,0,0,0,0,0,-0.10,0,477.00,498.46,465.07
2025-10-20 00:51:52,SELL_SIGNAL,KRW-ETH,6031500.00,0,0,hold,보유중 (+0.22%),0,0,0,0,0,0,0,+0.22,0,6018000.00,6288810.00,5867550.00
2025-10-20 00:51:52,SELL_SIGNAL,KRW-META,24.45,0,0,hold,보유중 (-0.20%),0,0,0,0,0,0,0,-0.20,0,24.50,25.60,23.89
2025-10-20 00:51:53,SELL_SIGNAL,KRW-META,24.35,0,0,hold,보유중 (-0.61%),0,0,0,0,0,0,0,-0.61,0,24.50,25.60,23.89
2025-10-20 00:51:55,SELL_SIGNAL,KRW-MIRA,474.00,0,0,hold,보유중 (-0.63%),0,0,0,0,0,0,0,-0.63,0,477.00,498.46,465.07
2025-10-20 00:51:57,SELL_SIGNAL,KRW-ETH,6031500.00,0,0,hold,보유중 (+0.22%),0,0,0,0,0,0,0,+0.22,0,6018000.00,6288810.00,5867550.00
2025-10-20 00:52:03,SELL_SIGNAL,KRW-ETH,6031500.00,0,0,hold,보유중 (+0.22%),0,0,0,0,0,0,0,+0.22,0,6018000.00,6288810.00,5867550.00
2025-10-20 00:52:03,SELL_SIGNAL,KRW-META,24.35,0,0,hold,보유중 (-0.61%),0,0,0,0,0,0,0,-0.61,0,24.50,25.60,23.89
2025-10-20 00:52:03,SELL_SIGNAL,KRW-MIRA,474.00,0,0,hold,보유중 (-0.63%),0,0,0,0,0,0,0,-0.63,0,477.00,498.46,465.07
2025-10-20 00:52:08,SELL_SIGNAL,KRW-ETH,6031500.00,0,0,hold,보유중 (+0.22%),0,0,0,0,0,0,0,+0.22,0,6018000.00,6288810.00,5867550.00
2025-10-20 00:52:08,SELL_SIGNAL,KRW-MIRA,474.00,0,0,hold,보유중 (-0.63%),0,0,0,0,0,0,0,-0.63,0,477.00,498.46,465.07
2025-10-20 00:52:08,SELL_SIGNAL,KRW-META,24.35,0,0,hold,보유중 (-0.61%),0,0,0,0,0,0,0,-0.61,0,24.50,25.60,23.89
2025-10-20 00:52:11,SELL_SIGNAL,KRW-ETH,6030500.00,0,0,hold,보유중 (+0.21%),0,0,0,0,0,0,0,+0.21,0,6018000.00,6288810.00,5867550.00
2025-10-20 00:52:13,SELL_SIGNAL,KRW-META,24.35,0,0,hold,보유중 (-0.61%),0,0,0,0,0,0,0,-0.61,0,24.50,25.60,23.89
2025-10-20 00:52:13,SELL_SIGNAL,KRW-MIRA,474.00,0,0,hold,보유중 (-0.63%),0,0,0,0,0,0,0,-0.63,0,477.00,498.46,465.07
2025-10-20 00:52:18,SELL_SIGNAL,KRW-ETH,6031000.00,0,0,hold,보유중 (+0.22%),0,0,0,0,0,0,0,+0.22,0,6018000.00,6288810.00,5867550.00
2025-10-20 00:52:18,SELL_SIGNAL,KRW-META,24.35,0,0,hold,보유중 (-0.61%),0,0,0,0,0,0,0,-0.61,0,24.50,25.60,23.89
2025-10-20 00:52:18,SELL_SIGNAL,KRW-MIRA,474.00,0,0,hold,보유중 (-0.63%),0,0,0,0,0,0,0,-0.63,0,477.00,498.46,465.07
2025-10-20 00:52:20,SELL_SIGNAL,KRW-MIRA,473.50,0,0,hold,보유중 (-0.73%),0,0,0,0,0,0,0,-0.73,0,477.00,498.46,465.07
2025-10-20 00:52:20,SELL_SIGNAL,KRW-ETH,6030500.00,0,0,hold,보유중 (+0.21%),0,0,0,0,0,0,0,+0.21,0,6018000.00,6288810.00,5867550.00
2025-10-20 00:52:22,SELL_SIGNAL,KRW-MIRA,474.00,0,0,hold,보유중 (-0.63%),0,0,0,0,0,0,0,-0.63,0,477.00,498.46,465.07
2025-10-20 00:52:23,SELL_SIGNAL,KRW-META,24.35,0,0,hold,보유중 (-0.61%),0,0,0,0,0,0,0,-0.61,0,24.50,25.60,23.89
2025-10-20 00:52:27,SELL_SIGNAL,KRW-ETH,6030500.00,0,0,hold,보유중 (+0.21%),0,0,0,0,0,0,0,+0.21,0,6018000.00,6288810.00,5867550.00
2025-10-20 00:52:29,SELL_SIGNAL,KRW-META,24.35,0,0,hold,보유중 (-0.61%),0,0,0,0,0,0,0,-0.61,0,24.50,25.60,23.89
2025-10-20 00:52:29,SELL_SIGNAL,KRW-MIRA,475.00,0,0,hold,보유중 (-0.42%),0,0,0,0,0,0,0,-0.42,0,477.00,498.46,465.07
2025-10-20 00:52:34,SELL_SIGNAL,KRW-ETH,6031500.00,0,0,hold,보유중 (+0.22%),0,0,0,0,0,0,0,+0.22,0,6018000.00,6288810.00,5867550.00
2025-10-20 00:52:34,SELL_SIGNAL,KRW-META,24.35,0,0,hold,보유중 (-0.61%),0,0,0,0,0,0,0,-0.61,0,24.50,25.60,23.89
2025-10-20 00:52:34,SELL_SIGNAL,KRW-MIRA,475.50,0,0,hold,보유중 (-0.31%),0,0,0,0,0,0,0,-0.31,0,477.00,498.46,465.07
2025-10-20 00:52:35,SELL_SIGNAL,KRW-ETH,6030500.00,0,0,hold,보유중 (+0.21%),0,0,0,0,0,0,0,+0.21,0,6018000.00,6288810.00,5867550.00
2025-10-20 00:52:39,SELL_SIGNAL,KRW-META,24.35,0,0,hold,보유중 (-0.61%),0,0,0,0,0,0,0,-0.61,0,24.50,25.60,23.89
2025-10-20 00:52:39,SELL_SIGNAL,KRW-MIRA,475.50,0,0,hold,보유중 (-0.31%),0,0,0,0,0,0,0,-0.31,0,477.00,498.46,465.07
2025-10-20 00:52:43,SELL_SIGNAL,KRW-ETH,6030500.00,0,0,hold,보유중 (+0.21%),0,0,0,0,0,0,0,+0.21,0,6018000.00,6288810.00,5867550.00
2025-10-20 00:52:44,SELL_SIGNAL,KRW-META,24.35,0,0,hold,보유중 (-0.61%),0,0,0,0,0,0,0,-0.61,0,24.50,25.60,23.89
2025-10-20 00:52:44,SELL_SIGNAL,KRW-MIRA,475.50,0,0,hold,보유중 (-0.31%),0,0,0,0,0,0,0,-0.31,0,477.00,498.46,465.07
2025-10-20 00:52:48,SELL_SIGNAL,KRW-ETH,6030500.00,0,0,hold,보유중 (+0.21%),0,0,0,0,0,0,0,+0.21,0,6018000.00,6288810.00,5867550.00
2025-10-20 00:52:49,SELL_SIGNAL,KRW-META,24.35,0,0,hold,보유중 (-0.61%),0,0,0,0,0,0,0,-0.61,0,24.50,25.60,23.89
2025-10-20 00:52:49,SELL_SIGNAL,KRW-MIRA,474.50,0,0,hold,보유중 (-0.52%),0,0,0,0,0,0,0,-0.52,0,477.00,498.46,465.07
2025-10-20 00:52:54,SELL_SIGNAL,KRW-ETH,6030500.00,0,0,hold,보유중 (+0.21%),0,0,0,0,0,0,0,+0.21,0,6018000.00,6288810.00,5867550.00
2025-10-20 00:52:54,SELL_SIGNAL,KRW-META,24.35,0,0,hold,보유중 (-0.61%),0,0,0,0,0,0,0,-0.61,0,24.50,25.60,23.89
2025-10-20 00:52:54,SELL_SIGNAL,KRW-MIRA,474.50,0,0,hold,보유중 (-0.52%),0,0,0,0,0,0,0,-0.52,0,477.00,498.46,465.07
2025-10-20 00:52:59,SELL_SIGNAL,KRW-ETH,6030500.00,0,0,hold,보유중 (+0.21%),0,0,0,0,0,0,0,+0.21,0,6018000.00,6288810.00,5867550.00
2025-10-20 00:52:59,SELL_SIGNAL,KRW-META,24.35,0,0,hold,보유중 (-0.61%),0,0,0,0,0,0,0,-0.61,0,24.50,25.60,23.89
2025-10-20 00:53:00,SELL_SIGNAL,KRW-MIRA,474.50,0,0,hold,보유중 (-0.52%),0,0,0,0,0,0,0,-0.52,0,477.00,498.46,465.07
2025-10-20 00:53:05,SELL_SIGNAL,KRW-ETH,6030500.00,0,0,hold,보유중 (+0.21%),0,0,0,0,0,0,0,+0.21,0,6018000.00,6288810.00,5867550.00
2025-10-20 00:53:05,SELL_SIGNAL,KRW-META,24.35,0,0,hold,보유중 (-0.61%),0,0,0,0,0,0,0,-0.61,0,24.50,25.60,23.89
2025-10-20 00:53:05,SELL_SIGNAL,KRW-MIRA,474.50,0,0,hold,보유중 (-0.52%),0,0,0,0,0,0,0,-0.52,0,477.00,498.46,465.07
2025-10-20 00:53:10,SELL_SIGNAL,KRW-ETH,6030500.00,0,0,hold,보유중 (+0.21%),0,0,0,0,0,0,0,+0.21,0,6018000.00,6288810.00,5867550.00
2025-10-20 00:53:10,SELL_SIGNAL,KRW-META,24.35,0,0,hold,보유중 (-0.61%),0,0,0,0,0,0,0,-0.61,0,24.50,25.60,23.89
2025-10-20 00:53:10,SELL_SIGNAL,KRW-MIRA,474.50,0,0,hold,보유중 (-0.52%),0,0,0,0,0,0,0,-0.52,0,477.00,498.46,465.07
2025-10-20 00:53:15,SELL_SIGNAL,KRW-ETH,6030500.00,0,0,hold,보유중 (+0.21%),0,0,0,0,0,0,0,+0.21,0,6018000.00,6288810.00,5867550.00
2025-10-20 00:53:15,SELL_SIGNAL,KRW-META,24.35,0,0,hold,보유중 (-0.61%),0,0,0,0,0,0,0,-0.61,0,24.50,25.60,23.89
2025-10-20 00:53:15,SELL_SIGNAL,KRW-MIRA,474.50,0,0,hold,보유중 (-0.52%),0,0,0,0,0,0,0,-0.52,0,477.00,498.46,465.07
2025-10-20 00:53:20,SELL_SIGNAL,KRW-ETH,6030500.00,0,0,hold,보유중 (+0.21%),0,0,0,0,0,0,0,+0.21,0,6018000.00,6288810.00,5867550.00
2025-10-20 00:53:20,SELL_SIGNAL,KRW-META,24.35,0,0,hold,보유중 (-0.61%),0,0,0,0,0,0,0,-0.61,0,24.50,25.60,23.89
2025-10-20 00:53:20,SELL_SIGNAL,KRW-MIRA,474.50,0,0,hold,보유중 (-0.52%),0,0,0,0,0,0,0,-0.52,0,477.00,498.46,465.07
2025-10-20 00:53:25,SELL_SIGNAL,KRW-ETH,6030500.00,0,0,hold,보유중 (+0.21%),0,0,0,0,0,0,0,+0.21,0,6018000.00,6288810.00,5867550.00
2025-10-20 00:53:25,SELL_SIGNAL,KRW-META,24.35,0,0,hold,보유중 (-0.61%),0,0,0,0,0,0,0,-0.61,0,24.50,25.60,23.89
2025-10-20 00:53:25,SELL_SIGNAL,KRW-MIRA,474.50,0,0,hold,보유중 (-0.52%),0,0,0,0,0,0,0,-0.52,0,477.00,498.46,465.07
2025-10-20 00:53:30,SELL_SIGNAL,KRW-ETH,6030500.00,0,0,hold,보유중 (+0.21%),0,0,0,0,0,0,0,+0.21,0,6018000.00,6288810.00,5867550.00
2025-10-20 00:53:30,SELL_SIGNAL,KRW-META,24.35,0,0,hold,보유중 (-0.61%),0,0,0,0,0,0,0,-0.61,0,24.50,25.60,23.89
2025-10-20 00:53:30,SELL_SIGNAL,KRW-MIRA,474.50,0,0,hold,보유중 (-0.52%),0,0,0,0,0,0,0,-0.52,0,477.00,498.46,465.07
2025-10-20 00:53:35,SELL_SIGNAL,KRW-ETH,6030500.00,0,0,hold,보유중 (+0.21%),0,0,0,0,0,0,0,+0.21,0,6018000.00,6288810.00,5867550.00
2025-10-20 00:53:35,SELL_SIGNAL,KRW-META,24.35,0,0,hold,보유중 (-0.61%),0,0,0,0,0,0,0,-0.61,0,24.50,25.60,23.89
2025-10-20 00:53:36,SELL_SIGNAL,KRW-MIRA,474.50,0,0,hold,보유중 (-0.52%),0,0,0,0,0,0,0,-0.52,0,477.00,498.46,465.07
2025-10-20 00:53:41,SELL_SIGNAL,KRW-ETH,6030500.00,0,0,hold,보유중 (+0.21%),0,0,0,0,0,0,0,+0.21,0,6018000.00,6288810.00,5867550.00
2025-10-20 00:53:41,SELL_SIGNAL,KRW-META,24.35,0,0,hold,보유중 (-0.61%),0,0,0,0,0,0,0,-0.61,0,24.50,25.60,23.89
2025-10-20 00:53:41,SELL_SIGNAL,KRW-MIRA,474.50,0,0,hold,보유중 (-0.52%),0,0,0,0,0,0,0,-0.52,0,477.00,498.46,465.07
2025-10-20 00:53:46,SELL_SIGNAL,KRW-ETH,6030500.00,0,0,hold,보유중 (+0.21%),0,0,0,0,0,0,0,+0.21,0,6018000.00,6288810.00,5867550.00
2025-10-20 00:53:46,SELL_SIGNAL,KRW-META,24.35,0,0,hold,보유중 (-0.61%),0,0,0,0,0,0,0,-0.61,0,24.50,25.60,23.89
2025-10-20 00:53:46,SELL_SIGNAL,KRW-MIRA,474.50,0,0,hold,보유중 (-0.52%),0,0,0,0,0,0,0,-0.52,0,477.00,498.46,465.07
2025-10-20 00:53:51,SELL_SIGNAL,KRW-ETH,6030500.00,0,0,hold,보유중 (+0.21%),0,0,0,0,0,0,0,+0.21,0,6018000.00,6288810.00,5867550.00
2025-10-20 00:53:51,SELL_SIGNAL,KRW-META,24.35,0,0,hold,보유중 (-0.61%),0,0,0,0,0,0,0,-0.61,0,24.50,25.60,23.89
2025-10-20 00:53:51,SELL_SIGNAL,KRW-MIRA,474.50,0,0,hold,보유중 (-0.52%),0,0,0,0,0,0,0,-0.52,0,477.00,498.46,465.07
2025-10-20 00:53:56,SELL_SIGNAL,KRW-ETH,6030500.00,0,0,hold,보유중 (+0.21%),0,0,0,0,0,0,0,+0.21,0,6018000.00,6288810.00,5867550.00
2025-10-20 00:53:56,SELL_SIGNAL,KRW-META,24.35,0,0,hold,보유중 (-0.61%),0,0,0,0,0,0,0,-0.61,0,24.50,25.60,23.89
2025-10-20 00:53:56,SELL_SIGNAL,KRW-MIRA,474.50,0,0,hold,보유중 (-0.52%),0,0,0,0,0,0,0,-0.52,0,477.00,498.46,465.07
2025-10-20 00:54:00,SELL_SIGNAL,KRW-ETH,6028500.00,0,0,hold,보유중 (+0.17%),0,0,0,0,0,0,0,+0.17,0,6018000.00,6288810.00,5867550.00
2025-10-20 00:54:01,SELL_SIGNAL,KRW-ETH,6029000.00,0,0,hold,보유중 (+0.18%),0,0,0,0,0,0,0,+0.18,0,6018000.00,6288810.00,5867550.00
2025-10-20 00:54:01,SELL_SIGNAL,KRW-META,24.35,0,0,hold,보유중 (-0.61%),0,0,0,0,0,0,0,-0.61,0,24.50,25.60,23.89
2025-10-20 00:54:01,SELL_SIGNAL,KRW-MIRA,474.50,0,0,hold,보유중 (-0.52%),0,0,0,0,0,0,0,-0.52,0,477.00,498.46,465.07
2025-10-20 00:54:03,SELL_SIGNAL,KRW-ETH,6028500.00,0,0,hold,보유중 (+0.17%),0,0,0,0,0,0,0,+0.17,0,6018000.00,6288810.00,5867550.00
2025-10-20 00:54:06,SELL_SIGNAL,KRW-META,24.35,0,0,hold,보유중 (-0.61%),0,0,0,0,0,0,0,-0.61,0,24.50,25.60,23.89
2025-10-20 00:54:06,SELL_SIGNAL,KRW-MIRA,474.50,0,0,hold,보유중 (-0.52%),0,0,0,0,0,0,0,-0.52,0,477.00,498.46,465.07
2025-10-20 00:54:10,SELL_SIGNAL,KRW-ETH,6028500.00,0,0,hold,보유중 (+0.17%),0,0,0,0,0,0,0,+0.17,0,6018000.00,6288810.00,5867550.00
2025-10-20 00:54:11,SELL_SIGNAL,KRW-ETH,6030500.00,0,0,hold,보유중 (+0.21%),0,0,0,0,0,0,0,+0.21,0,6018000.00,6288810.00,5867550.00
2025-10-20 00:54:12,SELL_SIGNAL,KRW-META,24.35,0,0,hold,보유중 (-0.61%),0,0,0,0,0,0,0,-0.61,0,24.50,25.60,23.89
2025-10-20 00:54:12,SELL_SIGNAL,KRW-MIRA,474.50,0,0,hold,보유중 (-0.52%),0,0,0,0,0,0,0,-0.52,0,477.00,498.46,465.07
2025-10-20 00:54:14,SELL_SIGNAL,KRW-ETH,6029000.00,0,0,hold,보유중 (+0.18%),0,0,0,0,0,0,0,+0.18,0,6018000.00,6288810.00,5867550.00
2025-10-20 00:54:16,SELL_SIGNAL,KRW-ETH,6030500.00,0,0,hold,보유중 (+0.21%),0,0,0,0,0,0,0,+0.21,0,6018000.00,6288810.00,5867550.00
2025-10-20 00:54:17,SELL_SIGNAL,KRW-META,24.35,0,0,hold,보유중 (-0.61%),0,0,0,0,0,0,0,-0.61,0,24.50,25.60,23.89
2025-10-20 00:54:17,SELL_SIGNAL,KRW-MIRA,475.00,0,0,hold,보유중 (-0.42%),0,0,0,0,0,0,0,-0.42,0,477.00,498.46,465.07
2025-10-20 00:54:21,SELL_SIGNAL,KRW-ETH,6030500.00,0,0,hold,보유중 (+0.21%),0,0,0,0,0,0,0,+0.21,0,6018000.00,6288810.00,5867550.00
2025-10-20 00:54:22,SELL_SIGNAL,KRW-ETH,6028500.00,0,0,hold,보유중 (+0.17%),0,0,0,0,0,0,0,+0.17,0,6018000.00,6288810.00,5867550.00
2025-10-20 00:54:22,SELL_SIGNAL,KRW-META,24.35,0,0,hold,보유중 (-0.61%),0,0,0,0,0,0,0,-0.61,0,24.50,25.60,23.89
2025-10-20 00:54:22,SELL_SIGNAL,KRW-MIRA,475.00,0,0,hold,보유중 (-0.42%),0,0,0,0,0,0,0,-0.42,0,477.00,498.46,465.07
2025-10-20 00:54:27,SELL_SIGNAL,KRW-ETH,6028500.00,0,0,hold,보유중 (+0.17%),0,0,0,0,0,0,0,+0.17,0,6018000.00,6288810.00,5867550.00
2025-10-20 00:54:27,SELL_SIGNAL,KRW-META,24.35,0,0,hold,보유중 (-0.61%),0,0,0,0,0,0,0,-0.61,0,24.50,25.60,23.89
2025-10-20 00:54:27,SELL_SIGNAL,KRW-MIRA,475.00,0,0,hold,보유중 (-0.42%),0,0,0,0,0,0,0,-0.42,0,477.00,498.46,465.07
2025-10-20 00:54:32,SELL_SIGNAL,KRW-ETH,6028500.00,0,0,hold,보유중 (+0.17%),0,0,0,0,0,0,0,+0.17,0,6018000.00,6288810.00,5867550.00
2025-10-20 00:54:32,SELL_SIGNAL,KRW-META,24.35,0,0,hold,보유중 (-0.61%),0,0,0,0,0,0,0,-0.61,0,24.50,25.60,23.89
2025-10-20 00:54:32,SELL_SIGNAL,KRW-MIRA,475.00,0,0,hold,보유중 (-0.42%),0,0,0,0,0,0,0,-0.42,0,477.00,498.46,465.07
2025-10-20 00:54:34,SELL_SIGNAL,KRW-ETH,6029000.00,0,0,hold,보유중 (+0.18%),0,0,0,0,0,0,0,+0.18,0,6018000.00,6288810.00,5867550.00
2025-10-20 00:54:37,SELL_SIGNAL,KRW-META,24.35,0,0,hold,보유중 (-0.61%),0,0,0,0,0,0,0,-0.61,0,24.50,25.60,23.89
2025-10-20 00:54:37,SELL_SIGNAL,KRW-MIRA,475.00,0,0,hold,보유중 (-0.42%),0,0,0,0,0,0,0,-0.42,0,477.00,498.46,465.07
2025-10-20 00:54:40,SELL_SIGNAL,KRW-ETH,6029500.00,0,0,hold,보유중 (+0.19%),0,0,0,0,0,0,0,+0.19,0,6018000.00,6288810.00,5867550.00
2025-10-20 00:54:42,SELL_SIGNAL,KRW-META,24.35,0,0,hold,보유중 (-0.61%),0,0,0,0,0,0,0,-0.61,0,24.50,25.60,23.89
2025-10-20 00:54:42,SELL_SIGNAL,KRW-MIRA,475.00,0,0,hold,보유중 (-0.42%),0,0,0,0,0,0,0,-0.42,0,477.00,498.46,465.07
2025-10-20 00:54:46,SELL_SIGNAL,KRW-ETH,6029500.00,0,0,hold,보유중 (+0.19%),0,0,0,0,0,0,0,+0.19,0,6018000.00,6288810.00,5867550.00
2025-10-20 00:54:48,SELL_SIGNAL,KRW-META,24.35,0,0,hold,보유중 (-0.61%),0,0,0,0,0,0,0,-0.61,0,24.50,25.60,23.89
2025-10-20 00:54:48,SELL_SIGNAL,KRW-MIRA,474.50,0,0,hold,보유중 (-0.52%),0,0,0,0,0,0,0,-0.52,0,477.00,498.46,465.07
2025-10-20 00:54:53,SELL_SIGNAL,KRW-ETH,6029500.00,0,0,hold,보유중 (+0.19%),0,0,0,0,0,0,0,+0.19,0,6018000.00,6288810.00,5867550.00
2025-10-20 00:54:53,SELL_SIGNAL,KRW-META,24.35,0,0,hold,보유중 (-0.61%),0,0,0,0,0,0,0,-0.61,0,24.50,25.60,23.89
2025-10-20 00:54:53,SELL_SIGNAL,KRW-MIRA,475.00,0,0,hold,보유중 (-0.42%),0,0,0,0,0,0,0,-0.42,0,477.00,498.46,465.07
2025-10-20 00:54:57,SELL_SIGNAL,KRW-ETH,6030000.00,0,0,hold,보유중 (+0.20%),0,0,0,0,0,0,0,+0.20,0,6018000.00,6288810.00,5867550.00
2025-10-20 00:54:58,SELL_SIGNAL,KRW-META,24.35,0,0,hold,보유중 (-0.61%),0,0,0,0,0,0,0,-0.61,0,24.50,25.60,23.89
2025-10-20 00:54:58,SELL_SIGNAL,KRW-MIRA,474.50,0,0,hold,보유중 (-0.52%),0,0,0,0,0,0,0,-0.52,0,477.00,498.46,465.07
2025-10-20 00:55:00,SELL_SIGNAL,KRW-ETH,6030500.00,0,0,hold,보유중 (+0.21%),0,0,0,0,0,0,0,+0.21,0,6018000.00,6288810.00,5867550.00
2025-10-20 00:55:03,SELL_SIGNAL,KRW-META,24.35,0,0,hold,보유중 (-0.61%),0,0,0,0,0,0,0,-0.61,0,24.50,25.60,23.89
2025-10-20 00:55:03,SELL_SIGNAL,KRW-MIRA,474.50,0,0,hold,보유중 (-0.52%),0,0,0,0,0,0,0,-0.52,0,477.00,498.46,465.07
2025-10-20 00:55:06,SELL_SIGNAL,KRW-ETH,6030500.00,0,0,hold,보유중 (+0.21%),0,0,0,0,0,0,0,+0.21,0,6018000.00,6288810.00,5867550.00
2025-10-20 00:55:08,SELL_SIGNAL,KRW-META,24.35,0,0,hold,보유중 (-0.61%),0,0,0,0,0,0,0,-0.61,0,24.50,25.60,23.89
2025-10-20 00:55:08,SELL_SIGNAL,KRW-MIRA,474.50,0,0,hold,보유중 (-0.52%),0,0,0,0,0,0,0,-0.52,0,477.00,498.46,465.07
2025-10-20 00:55:10,SELL_SIGNAL,KRW-ETH,6029500.00,0,0,hold,보유중 (+0.19%),0,0,0,0,0,0,0,+0.19,0,6018000.00,6288810.00,5867550.00
2025-10-20 00:55:13,SELL_SIGNAL,KRW-ETH,6030500.00,0,0,hold,보유중 (+0.21%),0,0,0,0,0,0,0,+0.21,0,6018000.00,6288810.00,5867550.00
2025-10-20 00:55:13,SELL_SIGNAL,KRW-META,24.35,0,0,hold,보유중 (-0.61%),0,0,0,0,0,0,0,-0.61,0,24.50,25.60,23.89
2025-10-20 00:55:13,SELL_SIGNAL,KRW-MIRA,474.50,0,0,hold,보유중 (-0.52%),0,0,0,0,0,0,0,-0.52,0,477.00,498.46,465.07
2025-10-20 00:55:15,SELL_SIGNAL,KRW-ETH,6029000.00,0,0,hold,보유중 (+0.18%),0,0,0,0,0,0,0,+0.18,0,6018000.00,6288810.00,5867550.00
2025-10-20 00:55:18,SELL_SIGNAL,KRW-META,24.35,0,0,hold,보유중 (-0.61%),0,0,0,0,0,0,0,-0.61,0,24.50,25.60,23.89
2025-10-20 00:55:18,SELL_SIGNAL,KRW-MIRA,474.50,0,0,hold,보유중 (-0.52%),0,0,0,0,0,0,0,-0.52,0,477.00,498.46,465.07
2025-10-20 00:55:22,SELL_SIGNAL,KRW-ETH,6029500.00,0,0,hold,보유중 (+0.19%),0,0,0,0,0,0,0,+0.19,0,6018000.00,6288810.00,5867550.00
2025-10-20 00:55:24,SELL_SIGNAL,KRW-META,24.35,0,0,hold,보유중 (-0.61%),0,0,0,0,0,0,0,-0.61,0,24.50,25.60,23.89
2025-10-20 00:55:24,SELL_SIGNAL,KRW-MIRA,474.50,0,0,hold,보유중 (-0.52%),0,0,0,0,0,0,0,-0.52,0,477.00,498.46,465.07
2025-10-20 00:55:25,SELL_SIGNAL,KRW-ETH,6030000.00,0,0,hold,보유중 (+0.20%),0,0,0,0,0,0,0,+0.20,0,6018000.00,6288810.00,5867550.00
2025-10-20 00:55:29,SELL_SIGNAL,KRW-ETH,6030500.00,0,0,hold,보유중 (+0.21%),0,0,0,0,0,0,0,+0.21,0,6018000.00,6288810.00,5867550.00
2025-10-20 00:55:29,SELL_SIGNAL,KRW-META,24.35,0,0,hold,보유중 (-0.61%),0,0,0,0,0,0,0,-0.61,0,24.50,25.60,23.89
2025-10-20 00:55:29,SELL_SIGNAL,KRW-MIRA,474.50,0,0,hold,보유중 (-0.52%),0,0,0,0,0,0,0,-0.52,0,477.00,498.46,465.07
2025-10-20 00:55:34,SELL_SIGNAL,KRW-ETH,6030500.00,0,0,hold,보유중 (+0.21%),0,0,0,0,0,0,0,+0.21,0,6018000.00,6288810.00,5867550.00
2025-10-20 00:55:34,SELL_SIGNAL,KRW-META,24.35,0,0,hold,보유중 (-0.61%),0,0,0,0,0,0,0,-0.61,0,24.50,25.60,23.89
2025-10-20 00:55:34,SELL_SIGNAL,KRW-MIRA,474.50,0,0,hold,보유중 (-0.52%),0,0,0,0,0,0,0,-0.52,0,477.00,498.46,465.07
2025-10-20 00:55:39,SELL_SIGNAL,KRW-ETH,6030500.00,0,0,hold,보유중 (+0.21%),0,0,0,0,0,0,0,+0.21,0,6018000.00,6288810.00,5867550.00
2025-10-20 00:55:39,SELL_SIGNAL,KRW-META,24.35,0,0,hold,보유중 (-0.61%),0,0,0,0,0,0,0,-0.61,0,24.50,25.60,23.89
2025-10-20 00:55:39,SELL_SIGNAL,KRW-MIRA,474.50,0,0,hold,보유중 (-0.52%),0,0,0,0,0,0,0,-0.52,0,477.00,498.46,465.07
2025-10-20 00:55:42,SELL_SIGNAL,KRW-ETH,6029500.00,0,0,hold,보유중 (+0.19%),0,0,0,0,0,0,0,+0.19,0,6018000.00,6288810.00,5867550.00
2025-10-20 00:55:44,SELL_SIGNAL,KRW-META,24.35,0,0,hold,보유중 (-0.61%),0,0,0,0,0,0,0,-0.61,0,24.50,25.60,23.89
2025-10-20 00:55:44,SELL_SIGNAL,KRW-MIRA,474.50,0,0,hold,보유중 (-0.52%),0,0,0,0,0,0,0,-0.52,0,477.00,498.46,465.07
2025-10-20 00:55:49,SELL_SIGNAL,KRW-ETH,6029500.00,0,0,hold,보유중 (+0.19%),0,0,0,0,0,0,0,+0.19,0,6018000.00,6288810.00,5867550.00
2025-10-20 00:55:49,SELL_SIGNAL,KRW-META,24.35,0,0,hold,보유중 (-0.61%),0,0,0,0,0,0,0,-0.61,0,24.50,25.60,23.89
2025-10-20 00:55:49,SELL_SIGNAL,KRW-MIRA,474.50,0,0,hold,보유중 (-0.52%),0,0,0,0,0,0,0,-0.52,0,477.00,498.46,465.07
2025-10-20 00:55:54,SELL_SIGNAL,KRW-ETH,6029500.00,0,0,hold,보유중 (+0.19%),0,0,0,0,0,0,0,+0.19,0,6018000.00,6288810.00,5867550.00
2025-10-20 00:55:54,SELL_SIGNAL,KRW-META,24.35,0,0,hold,보유중 (-0.61%),0,0,0,0,0,0,0,-0.61,0,24.50,25.60,23.89
2025-10-20 00:55:54,SELL_SIGNAL,KRW-MIRA,475.00,0,0,hold,보유중 (-0.42%),0,0,0,0,0,0,0,-0.42,0,477.00,498.46,465.07
2025-10-20 00:55:59,SELL_SIGNAL,KRW-ETH,6029500.00,0,0,hold,보유중 (+0.19%),0,0,0,0,0,0,0,+0.19,0,6018000.00,6288810.00,5867550.00
2025-10-20 00:55:59,SELL_SIGNAL,KRW-META,24.35,0,0,hold,보유중 (-0.61%),0,0,0,0,0,0,0,-0.61,0,24.50,25.60,23.89
2025-10-20 00:56:00,SELL_SIGNAL,KRW-MIRA,475.00,0,0,hold,보유중 (-0.42%),0,0,0,0,0,0,0,-0.42,0,477.00,498.46,465.07
2025-10-20 00:56:05,SELL_SIGNAL,KRW-ETH,6029500.00,0,0,hold,보유중 (+0.19%),0,0,0,0,0,0,0,+0.19,0,6018000.00,6288810.00,5867550.00
2025-10-20 00:56:05,SELL_SIGNAL,KRW-META,24.35,0,0,hold,보유중 (-0.61%),0,0,0,0,0,0,0,-0.61,0,24.50,25.60,23.89
2025-10-20 00:56:05,SELL_SIGNAL,KRW-MIRA,475.00,0,0,hold,보유중 (-0.42%),0,0,0,0,0,0,0,-0.42,0,477.00,498.46,465.07
2025-10-20 00:56:05,SELL_SIGNAL,KRW-ETH,6030000.00,0,0,hold,보유중 (+0.20%),0,0,0,0,0,0,0,+0.20,0,6018000.00,6288810.00,5867550.00
2025-10-20 00:56:07,SELL_SIGNAL,KRW-ETH,6028500.00,0,0,hold,보유중 (+0.17%),0,0,0,0,0,0,0,+0.17,0,6018000.00,6288810.00,5867550.00
2025-10-20 00:56:10,SELL_SIGNAL,KRW-ETH,6027000.00,0,0,hold,보유중 (+0.15%),0,0,0,0,0,0,0,+0.15,0,6018000.00,6288810.00,5867550.00
2025-10-20 00:56:10,SELL_SIGNAL,KRW-META,24.35,0,0,hold,보유중 (-0.61%),0,0,0,0,0,0,0,-0.61,0,24.50,25.60,23.89
2025-10-20 00:56:10,SELL_SIGNAL,KRW-MIRA,475.00,0,0,hold,보유중 (-0.42%),0,0,0,0,0,0,0,-0.42,0,477.00,498.46,465.07
2025-10-20 00:56:11,SELL_SIGNAL,KRW-ETH,6027500.00,0,0,hold,보유중 (+0.16%),0,0,0,0,0,0,0,+0.16,0,6018000.00,6288810.00,5867550.00
2025-10-20 00:56:15,SELL_SIGNAL,KRW-META,24.35,0,0,hold,보유중 (-0.61%),0,0,0,0,0,0,0,-0.61,0,24.50,25.60,23.89
2025-10-20 00:56:15,SELL_SIGNAL,KRW-MIRA,475.00,0,0,hold,보유중 (-0.42%),0,0,0,0,0,0,0,-0.42,0,477.00,498.46,465.07
2025-10-20 00:56:17,SELL_SIGNAL,KRW-ETH,6027500.00,0,0,hold,보유중 (+0.16%),0,0,0,0,0,0,0,+0.16,0,6018000.00,6288810.00,5867550.00
2025-10-20 00:56:20,SELL_SIGNAL,KRW-META,24.35,0,0,hold,보유중 (-0.61%),0,0,0,0,0,0,0,-0.61,0,24.50,25.60,23.89
2025-10-20 00:56:20,SELL_SIGNAL,KRW-MIRA,475.00,0,0,hold,보유중 (-0.42%),0,0,0,0,0,0,0,-0.42,0,477.00,498.46,465.07
2025-10-20 00:56:23,SELL_SIGNAL,KRW-ETH,6027500.00,0,0,hold,보유중 (+0.16%),0,0,0,0,0,0,0,+0.16,0,6018000.00,6288810.00,5867550.00
2025-10-20 00:56:25,SELL_SIGNAL,KRW-META,24.35,0,0,hold,보유중 (-0.61%),0,0,0,0,0,0,0,-0.61,0,24.50,25.60,23.89
2025-10-20 00:56:25,SELL_SIGNAL,KRW-MIRA,475.00,0,0,hold,보유중 (-0.42%),0,0,0,0,0,0,0,-0.42,0,477.00,498.46,465.07
2025-10-20 00:56:29,SELL_SIGNAL,KRW-ETH,6027500.00,0,0,hold,보유중 (+0.16%),0,0,0,0,0,0,0,+0.16,0,6018000.00,6288810.00,5867550.00
2025-10-20 00:56:30,SELL_SIGNAL,KRW-META,24.35,0,0,hold,보유중 (-0.61%),0,0,0,0,0,0,0,-0.61,0,24.50,25.60,23.89
2025-10-20 00:56:30,SELL_SIGNAL,KRW-MIRA,475.00,0,0,hold,보유중 (-0.42%),0,0,0,0,0,0,0,-0.42,0,477.00,498.46,465.07
2025-10-20 00:56:34,SELL_SIGNAL,KRW-ETH,6027500.00,0,0,hold,보유중 (+0.16%),0,0,0,0,0,0,0,+0.16,0,6018000.00,6288810.00,5867550.00
2025-10-20 00:56:35,SELL_SIGNAL,KRW-ETH,6026500.00,0,0,hold,보유중 (+0.14%),0,0,0,0,0,0,0,+0.14,0,6018000.00,6288810.00,5867550.00
2025-10-20 00:56:36,SELL_SIGNAL,KRW-META,24.35,0,0,hold,보유중 (-0.61%),0,0,0,0,0,0,0,-0.61,0,24.50,25.60,23.89
2025-10-20 00:56:36,SELL_SIGNAL,KRW-MIRA,476.50,0,0,hold,보유중 (-0.10%),0,0,0,0,0,0,0,-0.10,0,477.00,498.46,465.07
2025-10-20 00:56:41,SELL_SIGNAL,KRW-ETH,6026500.00,0,0,hold,보유중 (+0.14%),0,0,0,0,0,0,0,+0.14,0,6018000.00,6288810.00,5867550.00
2025-10-20 00:56:41,SELL_SIGNAL,KRW-META,24.35,0,0,hold,보유중 (-0.61%),0,0,0,0,0,0,0,-0.61,0,24.50,25.60,23.89
2025-10-20 00:56:41,SELL_SIGNAL,KRW-MIRA,476.50,0,0,hold,보유중 (-0.10%),0,0,0,0,0,0,0,-0.10,0,477.00,498.46,465.07
2025-10-20 00:56:46,SELL_SIGNAL,KRW-ETH,6026500.00,0,0,hold,보유중 (+0.14%),0,0,0,0,0,0,0,+0.14,0,6018000.00,6288810.00,5867550.00
2025-10-20 00:56:46,SELL_SIGNAL,KRW-META,24.35,0,0,hold,보유중 (-0.61%),0,0,0,0,0,0,0,-0.61,0,24.50,25.60,23.89
2025-10-20 00:56:46,SELL_SIGNAL,KRW-MIRA,477.00,0,0,hold,보유중 (+0.00%),0,0,0,0,0,0,0,+0.00,0,477.00,498.46,465.07
2025-10-20 00:56:51,SELL_SIGNAL,KRW-MIRA,477.50,0,0,hold,보유중 (+0.10%),0,0,0,0,0,0,0,+0.10,0,477.00,498.46,465.07
2025-10-20 00:56:51,SELL_SIGNAL,KRW-ETH,6026500.00,0,0,hold,보유중 (+0.14%),0,0,0,0,0,0,0,+0.14,0,6018000.00,6288810.00,5867550.00
2025-10-20 00:56:51,SELL_SIGNAL,KRW-META,24.35,0,0,hold,보유중 (-0.61%),0,0,0,0,0,0,0,-0.61,0,24.50,25.60,23.89
2025-10-20 00:56:56,SELL_SIGNAL,KRW-ETH,6026500.00,0,0,hold,보유중 (+0.14%),0,0,0,0,0,0,0,+0.14,0,6018000.00,6288810.00,5867550.00
2025-10-20 00:56:56,SELL_SIGNAL,KRW-META,24.35,0,0,hold,보유중 (-0.61%),0,0,0,0,0,0,0,-0.61,0,24.50,25.60,23.89
2025-10-20 00:56:56,SELL_SIGNAL,KRW-MIRA,477.50,0,0,hold,보유중 (+0.10%),0,0,0,0,0,0,0,+0.10,0,477.00,498.46,465.07
2025-10-20 00:57:01,SELL_SIGNAL,KRW-MIRA,477.00,0,0,hold,보유중 (+0.00%),0,0,0,0,0,0,0,+0.00,0,477.00,498.46,465.07
2025-10-20 00:57:01,SELL_SIGNAL,KRW-ETH,6026500.00,0,0,hold,보유중 (+0.14%),0,0,0,0,0,0,0,+0.14,0,6018000.00,6288810.00,5867550.00
2025-10-20 00:57:01,SELL_SIGNAL,KRW-META,24.35,0,0,hold,보유중 (-0.61%),0,0,0,0,0,0,0,-0.61,0,24.50,25.60,23.89
2025-10-20 00:57:04,SELL_SIGNAL,KRW-MIRA,477.50,0,0,hold,보유중 (+0.10%),0,0,0,0,0,0,0,+0.10,0,477.00,498.46,465.07
2025-10-20 00:57:06,SELL_SIGNAL,KRW-ETH,6026500.00,0,0,hold,보유중 (+0.14%),0,0,0,0,0,0,0,+0.14,0,6018000.00,6288810.00,5867550.00
2025-10-20 00:57:06,SELL_SIGNAL,KRW-META,24.35,0,0,hold,보유중 (-0.61%),0,0,0,0,0,0,0,-0.61,0,24.50,25.60,23.89
2025-10-20 00:57:11,SELL_SIGNAL,KRW-ETH,6026500.00,0,0,hold,보유중 (+0.14%),0,0,0,0,0,0,0,+0.14,0,6018000.00,6288810.00,5867550.00
2025-10-20 00:57:11,SELL_SIGNAL,KRW-META,24.35,0,0,hold,보유중 (-0.61%),0,0,0,0,0,0,0,-0.61,0,24.50,25.60,23.89
2025-10-20 00:57:11,SELL_SIGNAL,KRW-MIRA,477.50,0,0,hold,보유중 (+0.10%),0,0,0,0,0,0,0,+0.10,0,477.00,498.46,465.07
2025-10-20 00:57:16,SELL_SIGNAL,KRW-ETH,6026500.00,0,0,hold,보유중 (+0.14%),0,0,0,0,0,0,0,+0.14,0,6018000.00,6288810.00,5867550.00
2025-10-20 00:57:17,SELL_SIGNAL,KRW-META,24.35,0,0,hold,보유중 (-0.61%),0,0,0,0,0,0,0,-0.61,0,24.50,25.60,23.89
2025-10-20 00:57:17,SELL_SIGNAL,KRW-MIRA,476.50,0,0,hold,보유중 (-0.10%),0,0,0,0,0,0,0,-0.10,0,477.00,498.46,465.07
2025-10-20 00:57:22,SELL_SIGNAL,KRW-ETH,6026500.00,0,0,hold,보유중 (+0.14%),0,0,0,0,0,0,0,+0.14,0,6018000.00,6288810.00,5867550.00
2025-10-20 00:57:22,SELL_SIGNAL,KRW-META,24.35,0,0,hold,보유중 (-0.61%),0,0,0,0,0,0,0,-0.61,0,24.50,25.60,23.89
2025-10-20 00:57:22,SELL_SIGNAL,KRW-MIRA,476.50,0,0,hold,보유중 (-0.10%),0,0,0,0,0,0,0,-0.10,0,477.00,498.46,465.07
2025-10-20 00:57:25,SELL_SIGNAL,KRW-MIRA,477.50,0,0,hold,보유중 (+0.10%),0,0,0,0,0,0,0,+0.10,0,477.00,498.46,465.07
2025-10-20 00:57:27,SELL_SIGNAL,KRW-ETH,6026500.00,0,0,hold,보유중 (+0.14%),0,0,0,0,0,0,0,+0.14,0,6018000.00,6288810.00,5867550.00
2025-10-20 00:57:27,SELL_SIGNAL,KRW-META,24.35,0,0,hold,보유중 (-0.61%),0,0,0,0,0,0,0,-0.61,0,24.50,25.60,23.89
2025-10-20 00:57:27,SELL_SIGNAL,KRW-ETH,6025500.00,0,0,hold,보유중 (+0.12%),0,0,0,0,0,0,0,+0.12,0,6018000.00,6288810.00,5867550.00
2025-10-20 00:57:32,SELL_SIGNAL,KRW-META,24.35,0,0,hold,보유중 (-0.61%),0,0,0,0,0,0,0,-0.61,0,24.50,25.60,23.89
2025-10-20 00:57:32,SELL_SIGNAL,KRW-MIRA,477.50,0,0,hold,보유중 (+0.10%),0,0,0,0,0,0,0,+0.10,0,477.00,498.46,465.07
2025-10-20 00:57:33,SELL_SIGNAL,KRW-ETH,6025500.00,0,0,hold,보유중 (+0.12%),0,0,0,0,0,0,0,+0.12,0,6018000.00,6288810.00,5867550.00
2025-10-20 00:57:34,SELL_SIGNAL,KRW-ETH,6026500.00,0,0,hold,보유중 (+0.14%),0,0,0,0,0,0,0,+0.14,0,6018000.00,6288810.00,5867550.00
2025-10-20 00:57:35,SELL_SIGNAL,KRW-ETH,6025500.00,0,0,hold,보유중 (+0.12%),0,0,0,0,0,0,0,+0.12,0,6018000.00,6288810.00,5867550.00
2025-10-20 00:57:36,SELL_SIGNAL,KRW-ETH,6026500.00,0,0,hold,보유중 (+0.14%),0,0,0,0,0,0,0,+0.14,0,6018000.00,6288810.00,5867550.00
2025-10-20 00:57:37,SELL_SIGNAL,KRW-MIRA,477.50,0,0,hold,보유중 (+0.10%),0,0,0,0,0,0,0,+0.10,0,477.00,498.46,465.07
2025-10-20 00:57:37,SELL_SIGNAL,KRW-META,24.35,0,0,hold,보유중 (-0.61%),0,0,0,0,0,0,0,-0.61,0,24.50,25.60,23.89
2025-10-20 00:57:40,SELL_SIGNAL,KRW-MIRA,478.00,0,0,hold,보유중 (+0.21%),0,0,0,0,0,0,0,+0.21,0,477.00,498.46,465.07
2025-10-20 00:57:42,SELL_SIGNAL,KRW-ETH,6026500.00,0,0,hold,보유중 (+0.14%),0,0,0,0,0,0,0,+0.14,0,6018000.00,6288810.00,5867550.00
2025-10-20 00:57:42,SELL_SIGNAL,KRW-META,24.35,0,0,hold,보유중 (-0.61%),0,0,0,0,0,0,0,-0.61,0,24.50,25.60,23.89
2025-10-20 00:57:47,SELL_SIGNAL,KRW-ETH,6026500.00,0,0,hold,보유중 (+0.14%),0,0,0,0,0,0,0,+0.14,0,6018000.00,6288810.00,5867550.00
2025-10-20 00:57:48,SELL_SIGNAL,KRW-META,24.35,0,0,hold,보유중 (-0.61%),0,0,0,0,0,0,0,-0.61,0,24.50,25.60,23.89
2025-10-20 00:57:48,SELL_SIGNAL,KRW-MIRA,478.00,0,0,hold,보유중 (+0.21%),0,0,0,0,0,0,0,+0.21,0,477.00,498.46,465.07
2025-10-20 00:57:53,SELL_SIGNAL,KRW-ETH,6027500.00,0,0,hold,보유중 (+0.16%),0,0,0,0,0,0,0,+0.16,0,6018000.00,6288810.00,5867550.00
2025-10-20 00:57:53,SELL_SIGNAL,KRW-META,24.35,0,0,hold,보유중 (-0.61%),0,0,0,0,0,0,0,-0.61,0,24.50,25.60,23.89
2025-10-20 00:57:53,SELL_SIGNAL,KRW-MIRA,478.00,0,0,hold,보유중 (+0.21%),0,0,0,0,0,0,0,+0.21,0,477.00,498.46,465.07
2025-10-20 00:57:58,SELL_SIGNAL,KRW-ETH,6027500.00,0,0,hold,보유중 (+0.16%),0,0,0,0,0,0,0,+0.16,0,6018000.00,6288810.00,5867550.00
2025-10-20 00:57:58,SELL_SIGNAL,KRW-META,24.35,0,0,hold,보유중 (-0.61%),0,0,0,0,0,0,0,-0.61,0,24.50,25.60,23.89
2025-10-20 00:57:58,SELL_SIGNAL,KRW-MIRA,478.00,0,0,hold,보유중 (+0.21%),0,0,0,0,0,0,0,+0.21,0,477.00,498.46,465.07
2025-10-20 00:58:03,SELL_SIGNAL,KRW-ETH,6027500.00,0,0,hold,보유중 (+0.16%),0,0,0,0,0,0,0,+0.16,0,6018000.00,6288810.00,5867550.00
2025-10-20 00:58:03,SELL_SIGNAL,KRW-META,24.35,0,0,hold,보유중 (-0.61%),0,0,0,0,0,0,0,-0.61,0,24.50,25.60,23.89
2025-10-20 00:58:03,SELL_SIGNAL,KRW-MIRA,478.00,0,0,hold,보유중 (+0.21%),0,0,0,0,0,0,0,+0.21,0,477.00,498.46,465.07
2025-10-20 00:58:08,SELL_SIGNAL,KRW-ETH,6027500.00,0,0,hold,보유중 (+0.16%),0,0,0,0,0,0,0,+0.16,0,6018000.00,6288810.00,5867550.00
2025-10-20 00:58:08,SELL_SIGNAL,KRW-META,24.35,0,0,hold,보유중 (-0.61%),0,0,0,0,0,0,0,-0.61,0,24.50,25.60,23.89
2025-10-20 00:58:08,SELL_SIGNAL,KRW-MIRA,478.00,0,0,hold,보유중 (+0.21%),0,0,0,0,0,0,0,+0.21,0,477.00,498.46,465.07
2025-10-20 00:58:13,SELL_SIGNAL,KRW-ETH,6027500.00,0,0,hold,보유중 (+0.16%),0,0,0,0,0,0,0,+0.16,0,6018000.00,6288810.00,5867550.00
2025-10-20 00:58:13,SELL_SIGNAL,KRW-META,24.35,0,0,hold,보유중 (-0.61%),0,0,0,0,0,0,0,-0.61,0,24.50,25.60,23.89
2025-10-20 00:58:13,SELL_SIGNAL,KRW-MIRA,478.00,0,0,hold,보유중 (+0.21%),0,0,0,0,0,0,0,+0.21,0,477.00,498.46,465.07
2025-10-20 00:58:18,SELL_SIGNAL,KRW-ETH,6027500.00,0,0,hold,보유중 (+0.16%),0,0,0,0,0,0,0,+0.16,0,6018000.00,6288810.00,5867550.00
2025-10-20 00:58:18,SELL_SIGNAL,KRW-META,24.35,0,0,hold,보유중 (-0.61%),0,0,0,0,0,0,0,-0.61,0,24.50,25.60,23.89
2025-10-20 00:58:19,SELL_SIGNAL,KRW-MIRA,478.00,0,0,hold,보유중 (+0.21%),0,0,0,0,0,0,0,+0.21,0,477.00,498.46,465.07
2025-10-20 00:58:22,SELL_SIGNAL,KRW-ETH,6029000.00,0,0,hold,보유중 (+0.18%),0,0,0,0,0,0,0,+0.18,0,6018000.00,6288810.00,5867550.00
2025-10-20 00:58:24,SELL_SIGNAL,KRW-META,24.35,0,0,hold,보유중 (-0.61%),0,0,0,0,0,0,0,-0.61,0,24.50,25.60,23.89
2025-10-20 00:58:24,SELL_SIGNAL,KRW-MIRA,478.00,0,0,hold,보유중 (+0.21%),0,0,0,0,0,0,0,+0.21,0,477.00,498.46,465.07
2025-10-20 00:58:27,SELL_SIGNAL,KRW-ETH,6029000.00,0,0,hold,보유중 (+0.18%),0,0,0,0,0,0,0,+0.18,0,6018000.00,6288810.00,5867550.00
2025-10-20 00:58:29,SELL_SIGNAL,KRW-META,24.35,0,0,hold,보유중 (-0.61%),0,0,0,0,0,0,0,-0.61,0,24.50,25.60,23.89
2025-10-20 00:58:29,SELL_SIGNAL,KRW-MIRA,478.00,0,0,hold,보유중 (+0.21%),0,0,0,0,0,0,0,+0.21,0,477.00,498.46,465.07
2025-10-20 00:58:34,SELL_SIGNAL,KRW-ETH,6029000.00,0,0,hold,보유중 (+0.18%),0,0,0,0,0,0,0,+0.18,0,6018000.00,6288810.00,5867550.00
2025-10-20 00:58:34,SELL_SIGNAL,KRW-META,24.35,0,0,hold,보유중 (-0.61%),0,0,0,0,0,0,0,-0.61,0,24.50,25.60,23.89
2025-10-20 00:58:34,SELL_SIGNAL,KRW-MIRA,478.00,0,0,hold,보유중 (+0.21%),0,0,0,0,0,0,0,+0.21,0,477.00,498.46,465.07
2025-10-20 00:58:39,SELL_SIGNAL,KRW-ETH,6029000.00,0,0,hold,보유중 (+0.18%),0,0,0,0,0,0,0,+0.18,0,6018000.00,6288810.00,5867550.00
2025-10-20 00:58:39,SELL_SIGNAL,KRW-META,24.35,0,0,hold,보유중 (-0.61%),0,0,0,0,0,0,0,-0.61,0,24.50,25.60,23.89
2025-10-20 00:58:39,SELL_SIGNAL,KRW-MIRA,478.00,0,0,hold,보유중 (+0.21%),0,0,0,0,0,0,0,+0.21,0,477.00,498.46,465.07
2025-10-20 00:58:44,SELL_SIGNAL,KRW-ETH,6030500.00,0,0,hold,보유중 (+0.21%),0,0,0,0,0,0,0,+0.21,0,6018000.00,6288810.00,5867550.00
2025-10-20 00:58:44,SELL_SIGNAL,KRW-META,24.35,0,0,hold,보유중 (-0.61%),0,0,0,0,0,0,0,-0.61,0,24.50,25.60,23.89
2025-10-20 00:58:44,SELL_SIGNAL,KRW-MIRA,478.00,0,0,hold,보유중 (+0.21%),0,0,0,0,0,0,0,+0.21,0,477.00,498.46,465.07
2025-10-20 00:58:49,SELL_SIGNAL,KRW-ETH,6030500.00,0,0,hold,보유중 (+0.21%),0,0,0,0,0,0,0,+0.21,0,6018000.00,6288810.00,5867550.00
2025-10-20 00:58:49,SELL_SIGNAL,KRW-META,24.35,0,0,hold,보유중 (-0.61%),0,0,0,0,0,0,0,-0.61,0,24.50,25.60,23.89
2025-10-20 00:58:49,SELL_SIGNAL,KRW-MIRA,478.00,0,0,hold,보유중 (+0.21%),0,0,0,0,0,0,0,+0.21,0,477.00,498.46,465.07
2025-10-20 00:58:54,SELL_SIGNAL,KRW-ETH,6030500.00,0,0,hold,보유중 (+0.21%),0,0,0,0,0,0,0,+0.21,0,6018000.00,6288810.00,5867550.00
2025-10-20 00:58:54,SELL_SIGNAL,KRW-META,24.35,0,0,hold,보유중 (-0.61%),0,0,0,0,0,0,0,-0.61,0,24.50,25.60,23.89
2025-10-20 00:58:55,SELL_SIGNAL,KRW-MIRA,478.00,0,0,hold,보유중 (+0.21%),0,0,0,0,0,0,0,+0.21,0,477.00,498.46,465.07
2025-10-20 00:59:00,SELL_SIGNAL,KRW-META,24.35,0,0,hold,보유중 (-0.61%),0,0,0,0,0,0,0,-0.61,0,24.50,25.60,23.89
2025-10-20 00:59:00,SELL_SIGNAL,KRW-ETH,6030500.00,0,0,hold,보유중 (+0.21%),0,0,0,0,0,0,0,+0.21,0,6018000.00,6288810.00,5867550.00
2025-10-20 00:59:00,SELL_SIGNAL,KRW-MIRA,478.00,0,0,hold,보유중 (+0.21%),0,0,0,0,0,0,0,+0.21,0,477.00,498.46,465.07
2025-10-20 00:59:00,SELL_SIGNAL,KRW-META,24.40,0,0,hold,보유중 (-0.41%),0,0,0,0,0,0,0,-0.41,0,24.50,25.60,23.89
2025-10-20 00:59:05,SELL_SIGNAL,KRW-ETH,6030500.00,0,0,hold,보유중 (+0.21%),0,0,0,0,0,0,0,+0.21,0,6018000.00,6288810.00,5867550.00
2025-10-20 00:59:05,SELL_SIGNAL,KRW-MIRA,478.50,0,0,hold,보유중 (+0.31%),0,0,0,0,0,0,0,+0.31,0,477.00,498.46,465.07
2025-10-20 00:59:10,SELL_SIGNAL,KRW-ETH,6030500.00,0,0,hold,보유중 (+0.21%),0,0,0,0,0,0,0,+0.21,0,6018000.00,6288810.00,5867550.00
2025-10-20 00:59:10,SELL_SIGNAL,KRW-META,24.40,0,0,hold,보유중 (-0.41%),0,0,0,0,0,0,0,-0.41,0,24.50,25.60,23.89
2025-10-20 00:59:10,SELL_SIGNAL,KRW-MIRA,478.50,0,0,hold,보유중 (+0.31%),0,0,0,0,0,0,0,+0.31,0,477.00,498.46,465.07
2025-10-20 00:59:14,SELL_SIGNAL,KRW-ETH,6031500.00,0,0,hold,보유중 (+0.22%),0,0,0,0,0,0,0,+0.22,0,6018000.00,6288810.00,5867550.00
2025-10-20 00:59:15,SELL_SIGNAL,KRW-META,24.40,0,0,hold,보유중 (-0.41%),0,0,0,0,0,0,0,-0.41,0,24.50,25.60,23.89
2025-10-20 00:59:15,SELL_SIGNAL,KRW-MIRA,478.50,0,0,hold,보유중 (+0.31%),0,0,0,0,0,0,0,+0.31,0,477.00,498.46,465.07
2025-10-20 00:59:20,SELL_SIGNAL,KRW-ETH,6031500.00,0,0,hold,보유중 (+0.22%),0,0,0,0,0,0,0,+0.22,0,6018000.00,6288810.00,5867550.00
2025-10-20 00:59:20,SELL_SIGNAL,KRW-META,24.40,0,0,hold,보유중 (-0.41%),0,0,0,0,0,0,0,-0.41,0,24.50,25.60,23.89
2025-10-20 00:59:20,SELL_SIGNAL,KRW-MIRA,478.50,0,0,hold,보유중 (+0.31%),0,0,0,0,0,0,0,+0.31,0,477.00,498.46,465.07
2025-10-20 00:59:25,SELL_SIGNAL,KRW-ETH,6031500.00,0,0,hold,보유중 (+0.22%),0,0,0,0,0,0,0,+0.22,0,6018000.00,6288810.00,5867550.00
2025-10-20 00:59:25,SELL_SIGNAL,KRW-META,24.35,0,0,hold,보유중 (-0.61%),0,0,0,0,0,0,0,-0.61,0,24.50,25.60,23.89
2025-10-20 00:59:25,SELL_SIGNAL,KRW-MIRA,477.50,0,0,hold,보유중 (+0.10%),0,0,0,0,0,0,0,+0.10,0,477.00,498.46,465.07
2025-10-20 00:59:30,SELL_SIGNAL,KRW-MIRA,478.00,0,0,hold,보유중 (+0.21%),0,0,0,0,0,0,0,+0.21,0,477.00,498.46,465.07
2025-10-20 00:59:30,SELL_SIGNAL,KRW-META,24.35,0,0,hold,보유중 (-0.61%),0,0,0,0,0,0,0,-0.61,0,24.50,25.60,23.89
2025-10-20 00:59:31,SELL_SIGNAL,KRW-ETH,6031500.00,0,0,hold,보유중 (+0.22%),0,0,0,0,0,0,0,+0.22,0,6018000.00,6288810.00,5867550.00
2025-10-20 00:59:36,SELL_SIGNAL,KRW-ETH,6031500.00,0,0,hold,보유중 (+0.22%),0,0,0,0,0,0,0,+0.22,0,6018000.00,6288810.00,5867550.00
2025-10-20 00:59:36,SELL_SIGNAL,KRW-META,24.35,0,0,hold,보유중 (-0.61%),0,0,0,0,0,0,0,-0.61,0,24.50,25.60,23.89
2025-10-20 00:59:36,SELL_SIGNAL,KRW-MIRA,478.00,0,0,hold,보유중 (+0.21%),0,0,0,0,0,0,0,+0.21,0,477.00,498.46,465.07
2025-10-20 00:59:41,SELL_SIGNAL,KRW-ETH,6031500.00,0,0,hold,보유중 (+0.22%),0,0,0,0,0,0,0,+0.22,0,6018000.00,6288810.00,5867550.00
2025-10-20 00:59:41,SELL_SIGNAL,KRW-META,24.35,0,0,hold,보유중 (-0.61%),0,0,0,0,0,0,0,-0.61,0,24.50,25.60,23.89
2025-10-20 00:59:41,SELL_SIGNAL,KRW-MIRA,478.00,0,0,hold,보유중 (+0.21%),0,0,0,0,0,0,0,+0.21,0,477.00,498.46,465.07
2025-10-20 00:59:46,SELL_SIGNAL,KRW-ETH,6031500.00,0,0,hold,보유중 (+0.22%),0,0,0,0,0,0,0,+0.22,0,6018000.00,6288810.00,5867550.00
2025-10-20 00:59:46,SELL_SIGNAL,KRW-META,24.35,0,0,hold,보유중 (-0.61%),0,0,0,0,0,0,0,-0.61,0,24.50,25.60,23.89
2025-10-20 00:59:46,SELL_SIGNAL,KRW-MIRA,478.00,0,0,hold,보유중 (+0.21%),0,0,0,0,0,0,0,+0.21,0,477.00,498.46,465.07
2025-10-20 00:59:51,SELL_SIGNAL,KRW-ETH,6031500.00,0,0,hold,보유중 (+0.22%),0,0,0,0,0,0,0,+0.22,0,6018000.00,6288810.00,5867550.00
2025-10-20 00:59:51,SELL_SIGNAL,KRW-META,24.35,0,0,hold,보유중 (-0.61%),0,0,0,0,0,0,0,-0.61,0,24.50,25.60,23.89
2025-10-20 00:59:51,SELL_SIGNAL,KRW-MIRA,478.00,0,0,hold,보유중 (+0.21%),0,0,0,0,0,0,0,+0.21,0,477.00,498.46,465.07
2025-10-20 00:59:56,SELL_SIGNAL,KRW-ETH,6031500.00,0,0,hold,보유중 (+0.22%),0,0,0,0,0,0,0,+0.22,0,6018000.00,6288810.00,5867550.00
2025-10-20 00:59:56,SELL_SIGNAL,KRW-META,24.35,0,0,hold,보유중 (-0.61%),0,0,0,0,0,0,0,-0.61,0,24.50,25.60,23.89
2025-10-20 00:59:56,SELL_SIGNAL,KRW-MIRA,478.00,0,0,hold,보유중 (+0.21%),0,0,0,0,0,0,0,+0.21,0,477.00,498.46,465.07
2025-10-20 01:00:01,SELL_SIGNAL,KRW-ETH,6031500.00,0,0,hold,보유중 (+0.22%),0,0,0,0,0,0,0,+0.22,0,6018000.00,6288810.00,5867550.00
2025-10-20 01:00:01,SELL_SIGNAL,KRW-META,24.35,0,0,hold,보유중 (-0.61%),0,0,0,0,0,0,0,-0.61,0,24.50,25.60,23.89
2025-10-20 01:00:01,SELL_SIGNAL,KRW-MIRA,478.00,0,0,hold,보유중 (+0.21%),0,0,0,0,0,0,0,+0.21,0,477.00,498.46,465.07
2025-10-20 01:00:06,SELL_SIGNAL,KRW-ETH,6031500.00,0,0,hold,보유중 (+0.22%),0,0,0,0,0,0,0,+0.22,0,6018000.00,6288810.00,5867550.00
2025-10-20 01:00:06,SELL_SIGNAL,KRW-META,24.35,0,0,hold,보유중 (-0.61%),0,0,0,0,0,0,0,-0.61,0,24.50,25.60,23.89
2025-10-20 01:00:06,SELL_SIGNAL,KRW-MIRA,478.00,0,0,hold,보유중 (+0.21%),0,0,0,0,0,0,0,+0.21,0,477.00,498.46,465.07
2025-10-20 01:00:11,SELL_SIGNAL,KRW-ETH,6031500.00,0,0,hold,보유중 (+0.22%),0,0,0,0,0,0,0,+0.22,0,6018000.00,6288810.00,5867550.00
2025-10-20 01:00:12,SELL_SIGNAL,KRW-META,24.35,0,0,hold,보유중 (-0.61%),0,0,0,0,0,0,0,-0.61,0,24.50,25.60,23.89
2025-10-20 01:00:12,SELL_SIGNAL,KRW-MIRA,478.00,0,0,hold,보유중 (+0.21%),0,0,0,0,0,0,0,+0.21,0,477.00,498.46,465.07
2025-10-20 01:00:17,SELL_SIGNAL,KRW-ETH,6031500.00,0,0,hold,보유중 (+0.22%),0,0,0,0,0,0,0,+0.22,0,6018000.00,6288810.00,5867550.00
2025-10-20 01:00:17,SELL_SIGNAL,KRW-META,24.35,0,0,hold,보유중 (-0.61%),0,0,0,0,0,0,0,-0.61,0,24.50,25.60,23.89
2025-10-20 01:00:17,SELL_SIGNAL,KRW-MIRA,478.50,0,0,hold,보유중 (+0.31%),0,0,0,0,0,0,0,+0.31,0,477.00,498.46,465.07
2025-10-20 01:00:22,SELL_SIGNAL,KRW-ETH,6031500.00,0,0,hold,보유중 (+0.22%),0,0,0,0,0,0,0,+0.22,0,6018000.00,6288810.00,5867550.00
2025-10-20 01:00:22,SELL_SIGNAL,KRW-MIRA,478.50,0,0,hold,보유중 (+0.31%),0,0,0,0,0,0,0,+0.31,0,477.00,498.46,465.07
2025-10-20 01:00:22,SELL_SIGNAL,KRW-META,24.35,0,0,hold,보유중 (-0.61%),0,0,0,0,0,0,0,-0.61,0,24.50,25.60,23.89
2025-10-20 01:00:27,SELL_SIGNAL,KRW-ETH,6031500.00,0,0,hold,보유중 (+0.22%),0,0,0,0,0,0,0,+0.22,0,6018000.00,6288810.00,5867550.00
2025-10-20 01:00:27,SELL_SIGNAL,KRW-META,24.35,0,0,hold,보유중 (-0.61%),0,0,0,0,0,0,0,-0.61,0,24.50,25.60,23.89
2025-10-20 01:00:27,SELL_SIGNAL,KRW-MIRA,478.50,0,0,hold,보유중 (+0.31%),0,0,0,0,0,0,0,+0.31,0,477.00,498.46,465.07
2025-10-20 01:00:28,SELL_SIGNAL,KRW-MIRA,478.00,0,0,hold,보유중 (+0.21%),0,0,0,0,0,0,0,+0.21,0,477.00,498.46,465.07
2025-10-20 01:00:32,SELL_SIGNAL,KRW-ETH,6030500.00,0,0,hold,보유중 (+0.21%),0,0,0,0,0,0,0,+0.21,0,6018000.00,6288810.00,5867550.00
2025-10-20 01:00:32,SELL_SIGNAL,KRW-META,24.35,0,0,hold,보유중 (-0.61%),0,0,0,0,0,0,0,-0.61,0,24.50,25.60,23.89
2025-10-20 01:00:36,SELL_SIGNAL,KRW-ETH,6031500.00,0,0,hold,보유중 (+0.22%),0,0,0,0,0,0,0,+0.22,0,6018000.00,6288810.00,5867550.00
2025-10-20 01:00:37,SELL_SIGNAL,KRW-META,24.35,0,0,hold,보유중 (-0.61%),0,0,0,0,0,0,0,-0.61,0,24.50,25.60,23.89
2025-10-20 01:00:37,SELL_SIGNAL,KRW-MIRA,478.00,0,0,hold,보유중 (+0.21%),0,0,0,0,0,0,0,+0.21,0,477.00,498.46,465.07
2025-10-20 01:00:42,SELL_SIGNAL,KRW-ETH,6031500.00,0,0,hold,보유중 (+0.22%),0,0,0,0,0,0,0,+0.22,0,6018000.00,6288810.00,5867550.00
2025-10-20 01:00:43,SELL_SIGNAL,KRW-META,24.35,0,0,hold,보유중 (-0.61%),0,0,0,0,0,0,0,-0.61,0,24.50,25.60,23.89
2025-10-20 01:00:43,SELL_SIGNAL,KRW-MIRA,478.00,0,0,hold,보유중 (+0.21%),0,0,0,0,0,0,0,+0.21,0,477.00,498.46,465.07
2025-10-20 01:00:47,SELL_SIGNAL,KRW-ETH,6031500.00,0,0,hold,보유중 (+0.22%),0,0,0,0,0,0,0,+0.22,0,6018000.00,6288810.00,5867550.00
2025-10-20 01:00:48,SELL_SIGNAL,KRW-META,24.35,0,0,hold,보유중 (-0.61%),0,0,0,0,0,0,0,-0.61,0,24.50,25.60,23.89
2025-10-20 01:00:48,SELL_SIGNAL,KRW-MIRA,478.00,0,0,hold,보유중 (+0.21%),0,0,0,0,0,0,0,+0.21,0,477.00,498.46,465.07
2025-10-20 01:00:53,SELL_SIGNAL,KRW-ETH,6031500.00,0,0,hold,보유중 (+0.22%),0,0,0,0,0,0,0,+0.22,0,6018000.00,6288810.00,5867550.00
2025-10-20 01:00:53,SELL_SIGNAL,KRW-META,24.35,0,0,hold,보유중 (-0.61%),0,0,0,0,0,0,0,-0.61,0,24.50,25.60,23.89
2025-10-20 01:00:53,SELL_SIGNAL,KRW-MIRA,478.00,0,0,hold,보유중 (+0.21%),0,0,0,0,0,0,0,+0.21,0,477.00,498.46,465.07
2025-10-20 01:00:58,SELL_SIGNAL,KRW-ETH,6030500.00,0,0,hold,보유중 (+0.21%),0,0,0,0,0,0,0,+0.21,0,6018000.00,6288810.00,5867550.00
2025-10-20 01:00:58,SELL_SIGNAL,KRW-META,24.35,0,0,hold,보유중 (-0.61%),0,0,0,0,0,0,0,-0.61,0,24.50,25.60,23.89
2025-10-20 01:00:58,SELL_SIGNAL,KRW-MIRA,478.00,0,0,hold,보유중 (+0.21%),0,0,0,0,0,0,0,+0.21,0,477.00,498.46,465.07
2025-10-20 01:01:01,SELL_SIGNAL,KRW-ETH,6028500.00,0,0,hold,보유중 (+0.17%),0,0,0,0,0,0,0,+0.17,0,6018000.00,6288810.00,5867550.00
2025-10-20 01:01:02,SELL_SIGNAL,KRW-MIRA,477.50,0,0,hold,보유중 (+0.10%),0,0,0,0,0,0,0,+0.10,0,477.00,498.46,465.07
2025-10-20 01:01:03,SELL_SIGNAL,KRW-ETH,6029000.00,0,0,hold,보유중 (+0.18%),0,0,0,0,0,0,0,+0.18,0,6018000.00,6288810.00,5867550.00
2025-10-20 01:01:03,SELL_SIGNAL,KRW-META,24.35,0,0,hold,보유중 (-0.61%),0,0,0,0,0,0,0,-0.61,0,24.50,25.60,23.89
2025-10-20 01:01:08,SELL_SIGNAL,KRW-ETH,6029500.00,0,0,hold,보유중 (+0.19%),0,0,0,0,0,0,0,+0.19,0,6018000.00,6288810.00,5867550.00
2025-10-20 01:01:08,SELL_SIGNAL,KRW-META,24.35,0,0,hold,보유중 (-0.61%),0,0,0,0,0,0,0,-0.61,0,24.50,25.60,23.89
2025-10-20 01:01:08,SELL_SIGNAL,KRW-MIRA,477.50,0,0,hold,보유중 (+0.10%),0,0,0,0,0,0,0,+0.10,0,477.00,498.46,465.07
2025-10-20 01:01:11,SELL_SIGNAL,KRW-MIRA,477.00,0,0,hold,보유중 (+0.00%),0,0,0,0,0,0,0,+0.00,0,477.00,498.46,465.07
2025-10-20 01:01:13,SELL_SIGNAL,KRW-ETH,6028500.00,0,0,hold,보유중 (+0.17%),0,0,0,0,0,0,0,+0.17,0,6018000.00,6288810.00,5867550.00
2025-10-20 01:01:13,SELL_SIGNAL,KRW-ETH,6027500.00,0,0,hold,보유중 (+0.16%),0,0,0,0,0,0,0,+0.16,0,6018000.00,6288810.00,5867550.00
2025-10-20 01:01:13,SELL_SIGNAL,KRW-META,24.35,0,0,hold,보유중 (-0.61%),0,0,0,0,0,0,0,-0.61,0,24.50,25.60,23.89
2025-10-20 01:01:18,SELL_SIGNAL,KRW-ETH,6028500.00,0,0,hold,보유중 (+0.17%),0,0,0,0,0,0,0,+0.17,0,6018000.00,6288810.00,5867550.00
2025-10-20 01:01:18,SELL_SIGNAL,KRW-MIRA,477.00,0,0,hold,보유중 (+0.00%),0,0,0,0,0,0,0,+0.00,0,477.00,498.46,465.07
2025-10-20 01:01:19,SELL_SIGNAL,KRW-META,24.35,0,0,hold,보유중 (-0.61%),0,0,0,0,0,0,0,-0.61,0,24.50,25.60,23.89
2025-10-20 01:01:24,SELL_SIGNAL,KRW-ETH,6028500.00,0,0,hold,보유중 (+0.17%),0,0,0,0,0,0,0,+0.17,0,6018000.00,6288810.00,5867550.00
2025-10-20 01:01:24,SELL_SIGNAL,KRW-META,24.35,0,0,hold,보유중 (-0.61%),0,0,0,0,0,0,0,-0.61,0,24.50,25.60,23.89
2025-10-20 01:01:24,SELL_SIGNAL,KRW-MIRA,477.00,0,0,hold,보유중 (+0.00%),0,0,0,0,0,0,0,+0.00,0,477.00,498.46,465.07
2025-10-20 01:01:29,SELL_SIGNAL,KRW-ETH,6029000.00,0,0,hold,보유중 (+0.18%),0,0,0,0,0,0,0,+0.18,0,6018000.00,6288810.00,5867550.00
2025-10-20 01:01:29,SELL_SIGNAL,KRW-META,24.35,0,0,hold,보유중 (-0.61%),0,0,0,0,0,0,0,-0.61,0,24.50,25.60,23.89
2025-10-20 01:01:29,SELL_SIGNAL,KRW-MIRA,477.00,0,0,hold,보유중 (+0.00%),0,0,0,0,0,0,0,+0.00,0,477.00,498.46,465.07
2025-10-20 01:01:34,SELL_SIGNAL,KRW-ETH,6029000.00,0,0,hold,보유중 (+0.18%),0,0,0,0,0,0,0,+0.18,0,6018000.00,6288810.00,5867550.00
2025-10-20 01:01:34,SELL_SIGNAL,KRW-META,24.35,0,0,hold,보유중 (-0.61%),0,0,0,0,0,0,0,-0.61,0,24.50,25.60,23.89
2025-10-20 01:01:34,SELL_SIGNAL,KRW-MIRA,477.00,0,0,hold,보유중 (+0.00%),0,0,0,0,0,0,0,+0.00,0,477.00,498.46,465.07
2025-10-20 01:01:39,SELL_SIGNAL,KRW-ETH,6029000.00,0,0,hold,보유중 (+0.18%),0,0,0,0,0,0,0,+0.18,0,6018000.00,6288810.00,5867550.00
2025-10-20 01:01:39,SELL_SIGNAL,KRW-META,24.35,0,0,hold,보유중 (-0.61%),0,0,0,0,0,0,0,-0.61,0,24.50,25.60,23.89
2025-10-20 01:01:39,SELL_SIGNAL,KRW-MIRA,477.00,0,0,hold,보유중 (+0.00%),0,0,0,0,0,0,0,+0.00,0,477.00,498.46,465.07
2025-10-20 01:01:40,SELL_SIGNAL,KRW-ETH,6027500.00,0,0,hold,보유중 (+0.16%),0,0,0,0,0,0,0,+0.16,0,6018000.00,6288810.00,5867550.00
2025-10-20 01:01:44,SELL_SIGNAL,KRW-ETH,6029000.00,0,0,hold,보유중 (+0.18%),0,0,0,0,0,0,0,+0.18,0,6018000.00,6288810.00,5867550.00
2025-10-20 01:01:44,SELL_SIGNAL,KRW-META,24.35,0,0,hold,보유중 (-0.61%),0,0,0,0,0,0,0,-0.61,0,24.50,25.60,23.89
2025-10-20 01:01:44,SELL_SIGNAL,KRW-MIRA,476.50,0,0,hold,보유중 (-0.10%),0,0,0,0,0,0,0,-0.10,0,477.00,498.46,465.07
2025-10-20 01:01:46,SELL_SIGNAL,KRW-ETH,6028500.00,0,0,hold,보유중 (+0.17%),0,0,0,0,0,0,0,+0.17,0,6018000.00,6288810.00,5867550.00
2025-10-20 01:01:49,SELL_SIGNAL,KRW-ETH,6027500.00,0,0,hold,보유중 (+0.16%),0,0,0,0,0,0,0,+0.16,0,6018000.00,6288810.00,5867550.00
2025-10-20 01:01:49,SELL_SIGNAL,KRW-META,24.35,0,0,hold,보유중 (-0.61%),0,0,0,0,0,0,0,-0.61,0,24.50,25.60,23.89
2025-10-20 01:01:49,SELL_SIGNAL,KRW-MIRA,476.50,0,0,hold,보유중 (-0.10%),0,0,0,0,0,0,0,-0.10,0,477.00,498.46,465.07
2025-10-20 01:01:55,SELL_SIGNAL,KRW-ETH,6028500.00,0,0,hold,보유중 (+0.17%),0,0,0,0,0,0,0,+0.17,0,6018000.00,6288810.00,5867550.00
2025-10-20 01:01:55,SELL_SIGNAL,KRW-META,24.35,0,0,hold,보유중 (-0.61%),0,0,0,0,0,0,0,-0.61,0,24.50,25.60,23.89
2025-10-20 01:01:55,SELL_SIGNAL,KRW-MIRA,476.50,0,0,hold,보유중 (-0.10%),0,0,0,0,0,0,0,-0.10,0,477.00,498.46,465.07
2025-10-20 01:01:55,SELL_SIGNAL,KRW-ETH,6027500.00,0,0,hold,보유중 (+0.16%),0,0,0,0,0,0,0,+0.16,0,6018000.00,6288810.00,5867550.00
2025-10-20 01:02:00,SELL_SIGNAL,KRW-META,24.35,0,0,hold,보유중 (-0.61%),0,0,0,0,0,0,0,-0.61,0,24.50,25.60,23.89
2025-10-20 01:02:00,SELL_SIGNAL,KRW-MIRA,476.50,0,0,hold,보유중 (-0.10%),0,0,0,0,0,0,0,-0.10,0,477.00,498.46,465.07
2025-10-20 01:02:02,SELL_SIGNAL,KRW-META,24.45,0,0,hold,보유중 (-0.20%),0,0,0,0,0,0,0,-0.20,0,24.50,25.60,23.89
2025-10-20 01:02:02,SELL_SIGNAL,KRW-ETH,6027500.00,0,0,hold,보유중 (+0.16%),0,0,0,0,0,0,0,+0.16,0,6018000.00,6288810.00,5867550.00
2025-10-20 01:02:05,SELL_SIGNAL,KRW-META,24.35,0,0,hold,보유중 (-0.61%),0,0,0,0,0,0,0,-0.61,0,24.50,25.60,23.89
2025-10-20 01:02:05,SELL_SIGNAL,KRW-MIRA,476.50,0,0,hold,보유중 (-0.10%),0,0,0,0,0,0,0,-0.10,0,477.00,498.46,465.07
2025-10-20 01:02:08,SELL_SIGNAL,KRW-ETH,6027500.00,0,0,hold,보유중 (+0.16%),0,0,0,0,0,0,0,+0.16,0,6018000.00,6288810.00,5867550.00
2025-10-20 01:02:10,SELL_SIGNAL,KRW-META,24.35,0,0,hold,보유중 (-0.61%),0,0,0,0,0,0,0,-0.61,0,24.50,25.60,23.89
2025-10-20 01:02:10,SELL_SIGNAL,KRW-MIRA,476.50,0,0,hold,보유중 (-0.10%),0,0,0,0,0,0,0,-0.10,0,477.00,498.46,465.07
2025-10-20 01:02:12,SELL_SIGNAL,KRW-ETH,6028500.00,0,0,hold,보유중 (+0.17%),0,0,0,0,0,0,0,+0.17,0,6018000.00,6288810.00,5867550.00
2025-10-20 01:02:15,SELL_SIGNAL,KRW-META,24.35,0,0,hold,보유중 (-0.61%),0,0,0,0,0,0,0,-0.61,0,24.50,25.60,23.89
2025-10-20 01:02:15,SELL_SIGNAL,KRW-MIRA,476.50,0,0,hold,보유중 (-0.10%),0,0,0,0,0,0,0,-0.10,0,477.00,498.46,465.07
2025-10-20 01:02:18,SELL_SIGNAL,KRW-ETH,6027500.00,0,0,hold,보유중 (+0.16%),0,0,0,0,0,0,0,+0.16,0,6018000.00,6288810.00,5867550.00
2025-10-20 01:02:20,SELL_SIGNAL,KRW-MIRA,476.50,0,0,hold,보유중 (-0.10%),0,0,0,0,0,0,0,-0.10,0,477.00,498.46,465.07
2025-10-20 01:02:20,SELL_SIGNAL,KRW-META,24.35,0,0,hold,보유중 (-0.61%),0,0,0,0,0,0,0,-0.61,0,24.50,25.60,23.89
2025-10-20 01:02:23,SELL_SIGNAL,KRW-ETH,6027500.00,0,0,hold,보유중 (+0.16%),0,0,0,0,0,0,0,+0.16,0,6018000.00,6288810.00,5867550.00
2025-10-20 01:02:25,SELL_SIGNAL,KRW-META,24.35,0,0,hold,보유중 (-0.61%),0,0,0,0,0,0,0,-0.61,0,24.50,25.60,23.89
2025-10-20 01:02:25,SELL_SIGNAL,KRW-MIRA,476.50,0,0,hold,보유중 (-0.10%),0,0,0,0,0,0,0,-0.10,0,477.00,498.46,465.07
2025-10-20 01:02:30,SELL_SIGNAL,KRW-ETH,6027500.00,0,0,hold,보유중 (+0.16%),0,0,0,0,0,0,0,+0.16,0,6018000.00,6288810.00,5867550.00
2025-10-20 01:02:30,SELL_SIGNAL,KRW-META,24.35,0,0,hold,보유중 (-0.61%),0,0,0,0,0,0,0,-0.61,0,24.50,25.60,23.89
2025-10-20 01:02:30,SELL_SIGNAL,KRW-MIRA,476.50,0,0,hold,보유중 (-0.10%),0,0,0,0,0,0,0,-0.10,0,477.00,498.46,465.07
2025-10-20 01:02:34,SELL_SIGNAL,KRW-ETH,6026000.00,0,0,hold,보유중 (+0.13%),0,0,0,0,0,0,0,+0.13,0,6018000.00,6288810.00,5867550.00
2025-10-20 01:02:35,SELL_SIGNAL,KRW-ETH,6027500.00,0,0,hold,보유중 (+0.16%),0,0,0,0,0,0,0,+0.16,0,6018000.00,6288810.00,5867550.00
2025-10-20 01:02:36,SELL_SIGNAL,KRW-ETH,6026500.00,0,0,hold,보유중 (+0.14%),0,0,0,0,0,0,0,+0.14,0,6018000.00,6288810.00,5867550.00
2025-10-20 01:02:36,SELL_SIGNAL,KRW-META,24.35,0,0,hold,보유중 (-0.61%),0,0,0,0,0,0,0,-0.61,0,24.50,25.60,23.89
2025-10-20 01:02:36,SELL_SIGNAL,KRW-MIRA,476.50,0,0,hold,보유중 (-0.10%),0,0,0,0,0,0,0,-0.10,0,477.00,498.46,465.07
2025-10-20 01:02:38,SELL_SIGNAL,KRW-ETH,6025500.00,0,0,hold,보유중 (+0.12%),0,0,0,0,0,0,0,+0.12,0,6018000.00,6288810.00,5867550.00
2025-10-20 01:02:41,SELL_SIGNAL,KRW-META,24.35,0,0,hold,보유중 (-0.61%),0,0,0,0,0,0,0,-0.61,0,24.50,25.60,23.89
2025-10-20 01:02:41,SELL_SIGNAL,KRW-MIRA,476.50,0,0,hold,보유중 (-0.10%),0,0,0,0,0,0,0,-0.10,0,477.00,498.46,465.07
2025-10-20 01:02:45,SELL_SIGNAL,KRW-ETH,6024500.00,0,0,hold,보유중 (+0.11%),0,0,0,0,0,0,0,+0.11,0,6018000.00,6288810.00,5867550.00
2025-10-20 01:02:46,SELL_SIGNAL,KRW-ETH,6025500.00,0,0,hold,보유중 (+0.12%),0,0,0,0,0,0,0,+0.12,0,6018000.00,6288810.00,5867550.00
2025-10-20 01:02:46,SELL_SIGNAL,KRW-META,24.35,0,0,hold,보유중 (-0.61%),0,0,0,0,0,0,0,-0.61,0,24.50,25.60,23.89
2025-10-20 01:02:46,SELL_SIGNAL,KRW-MIRA,476.50,0,0,hold,보유중 (-0.10%),0,0,0,0,0,0,0,-0.10,0,477.00,498.46,465.07
2025-10-20 01:02:48,SELL_SIGNAL,KRW-ETH,6024500.00,0,0,hold,보유중 (+0.11%),0,0,0,0,0,0,0,+0.11,0,6018000.00,6288810.00,5867550.00
2025-10-20 01:02:51,SELL_SIGNAL,KRW-META,24.35,0,0,hold,보유중 (-0.61%),0,0,0,0,0,0,0,-0.61,0,24.50,25.60,23.89
2025-10-20 01:02:51,SELL_SIGNAL,KRW-MIRA,475.50,0,0,hold,보유중 (-0.31%),0,0,0,0,0,0,0,-0.31,0,477.00,498.46,465.07
2025-10-20 01:02:55,SELL_SIGNAL,KRW-ETH,6025000.00,0,0,hold,보유중 (+0.12%),0,0,0,0,0,0,0,+0.12,0,6018000.00,6288810.00,5867550.00
2025-10-20 01:02:56,SELL_SIGNAL,KRW-META,24.35,0,0,hold,보유중 (-0.61%),0,0,0,0,0,0,0,-0.61,0,24.50,25.60,23.89
2025-10-20 01:02:56,SELL_SIGNAL,KRW-MIRA,475.50,0,0,hold,보유중 (-0.31%),0,0,0,0,0,0,0,-0.31,0,477.00,498.46,465.07
2025-10-20 01:03:01,SELL_SIGNAL,KRW-ETH,6025000.00,0,0,hold,보유중 (+0.12%),0,0,0,0,0,0,0,+0.12,0,6018000.00,6288810.00,5867550.00
2025-10-20 01:03:01,SELL_SIGNAL,KRW-META,24.35,0,0,hold,보유중 (-0.61%),0,0,0,0,0,0,0,-0.61,0,24.50,25.60,23.89
2025-10-20 01:03:01,SELL_SIGNAL,KRW-MIRA,475.50,0,0,hold,보유중 (-0.31%),0,0,0,0,0,0,0,-0.31,0,477.00,498.46,465.07
2025-10-20 01:03:06,SELL_SIGNAL,KRW-MIRA,476.50,0,0,hold,보유중 (-0.10%),0,0,0,0,0,0,0,-0.10,0,477.00,498.46,465.07
2025-10-20 01:03:06,SELL_SIGNAL,KRW-ETH,6025000.00,0,0,hold,보유중 (+0.12%),0,0,0,0,0,0,0,+0.12,0,6018000.00,6288810.00,5867550.00
2025-10-20 01:03:06,SELL_SIGNAL,KRW-META,24.35,0,0,hold,보유중 (-0.61%),0,0,0,0,0,0,0,-0.61,0,24.50,25.60,23.89
2025-10-20 01:03:10,SELL_SIGNAL,KRW-ETH,6024500.00,0,0,hold,보유중 (+0.11%),0,0,0,0,0,0,0,+0.11,0,6018000.00,6288810.00,5867550.00
2025-10-20 01:03:11,SELL_SIGNAL,KRW-ETH,6024000.00,0,0,hold,보유중 (+0.10%),0,0,0,0,0,0,0,+0.10,0,6018000.00,6288810.00,5867550.00
2025-10-20 01:03:12,SELL_SIGNAL,KRW-MIRA,476.50,0,0,hold,보유중 (-0.10%),0,0,0,0,0,0,0,-0.10,0,477.00,498.46,465.07
2025-10-20 01:03:12,SELL_SIGNAL,KRW-ETH,6024500.00,0,0,hold,보유중 (+0.11%),0,0,0,0,0,0,0,+0.11,0,6018000.00,6288810.00,5867550.00
2025-10-20 01:03:12,SELL_SIGNAL,KRW-META,24.35,0,0,hold,보유중 (-0.61%),0,0,0,0,0,0,0,-0.61,0,24.50,25.60,23.89
2025-10-20 01:03:16,SELL_SIGNAL,KRW-ETH,6024000.00,0,0,hold,보유중 (+0.10%),0,0,0,0,0,0,0,+0.10,0,6018000.00,6288810.00,5867550.00
2025-10-20 01:03:18,SELL_SIGNAL,KRW-META,24.35,0,0,hold,보유중 (-0.61%),0,0,0,0,0,0,0,-0.61,0,24.50,25.60,23.89
2025-10-20 01:03:18,SELL_SIGNAL,KRW-MIRA,476.50,0,0,hold,보유중 (-0.10%),0,0,0,0,0,0,0,-0.10,0,477.00,498.46,465.07
2025-10-20 01:03:23,SELL_SIGNAL,KRW-ETH,6025000.00,0,0,hold,보유중 (+0.12%),0,0,0,0,0,0,0,+0.12,0,6018000.00,6288810.00,5867550.00
2025-10-20 01:03:23,SELL_SIGNAL,KRW-META,24.35,0,0,hold,보유중 (-0.61%),0,0,0,0,0,0,0,-0.61,0,24.50,25.60,23.89
2025-10-20 01:03:23,SELL_SIGNAL,KRW-MIRA,476.50,0,0,hold,보유중 (-0.10%),0,0,0,0,0,0,0,-0.10,0,477.00,498.46,465.07
2025-10-20 01:03:28,SELL_SIGNAL,KRW-ETH,6025000.00,0,0,hold,보유중 (+0.12%),0,0,0,0,0,0,0,+0.12,0,6018000.00,6288810.00,5867550.00
2025-10-20 01:03:28,SELL_SIGNAL,KRW-META,24.35,0,0,hold,보유중 (-0.61%),0,0,0,0,0,0,0,-0.61,0,24.50,25.60,23.89
2025-10-20 01:03:28,SELL_SIGNAL,KRW-MIRA,476.50,0,0,hold,보유중 (-0.10%),0,0,0,0,0,0,0,-0.10,0,477.00,498.46,465.07
2025-10-20 01:03:33,SELL_SIGNAL,KRW-ETH,6025000.00,0,0,hold,보유중 (+0.12%),0,0,0,0,0,0,0,+0.12,0,6018000.00,6288810.00,5867550.00
2025-10-20 01:03:33,SELL_SIGNAL,KRW-META,24.35,0,0,hold,보유중 (-0.61%),0,0,0,0,0,0,0,-0.61,0,24.50,25.60,23.89
2025-10-20 01:03:33,SELL_SIGNAL,KRW-MIRA,476.00,0,0,hold,보유중 (-0.21%),0,0,0,0,0,0,0,-0.21,0,477.00,498.46,465.07
2025-10-20 01:03:38,SELL_SIGNAL,KRW-ETH,6024000.00,0,0,hold,보유중 (+0.10%),0,0,0,0,0,0,0,+0.10,0,6018000.00,6288810.00,5867550.00
2025-10-20 01:03:38,SELL_SIGNAL,KRW-META,24.35,0,0,hold,보유중 (-0.61%),0,0,0,0,0,0,0,-0.61,0,24.50,25.60,23.89
2025-10-20 01:03:38,SELL_SIGNAL,KRW-MIRA,476.00,0,0,hold,보유중 (-0.21%),0,0,0,0,0,0,0,-0.21,0,477.00,498.46,465.07
2025-10-20 01:03:42,SELL_SIGNAL,KRW-ETH,6024500.00,0,0,hold,보유중 (+0.11%),0,0,0,0,0,0,0,+0.11,0,6018000.00,6288810.00,5867550.00
2025-10-20 01:03:43,SELL_SIGNAL,KRW-META,24.35,0,0,hold,보유중 (-0.61%),0,0,0,0,0,0,0,-0.61,0,24.50,25.60,23.89
2025-10-20 01:03:44,SELL_SIGNAL,KRW-MIRA,476.00,0,0,hold,보유중 (-0.21%),0,0,0,0,0,0,0,-0.21,0,477.00,498.46,465.07
2025-10-20 01:03:46,SELL_SIGNAL,KRW-ETH,6023500.00,0,0,hold,보유중 (+0.09%),0,0,0,0,0,0,0,+0.09,0,6018000.00,6288810.00,5867550.00
2025-10-20 01:03:49,SELL_SIGNAL,KRW-META,24.35,0,0,hold,보유중 (-0.61%),0,0,0,0,0,0,0,-0.61,0,24.50,25.60,23.89
2025-10-20 01:03:49,SELL_SIGNAL,KRW-MIRA,476.00,0,0,hold,보유중 (-0.21%),0,0,0,0,0,0,0,-0.21,0,477.00,498.46,465.07
2025-10-20 01:03:52,SELL_SIGNAL,KRW-ETH,6023500.00,0,0,hold,보유중 (+0.09%),0,0,0,0,0,0,0,+0.09,0,6018000.00,6288810.00,5867550.00
2025-10-20 01:03:54,SELL_SIGNAL,KRW-META,24.35,0,0,hold,보유중 (-0.61%),0,0,0,0,0,0,0,-0.61,0,24.50,25.60,23.89
2025-10-20 01:03:54,SELL_SIGNAL,KRW-MIRA,476.00,0,0,hold,보유중 (-0.21%),0,0,0,0,0,0,0,-0.21,0,477.00,498.46,465.07
2025-10-20 01:03:57,SELL_SIGNAL,KRW-ETH,6023500.00,0,0,hold,보유중 (+0.09%),0,0,0,0,0,0,0,+0.09,0,6018000.00,6288810.00,5867550.00
2025-10-20 01:03:58,SELL_SIGNAL,KRW-ETH,6024500.00,0,0,hold,보유중 (+0.11%),0,0,0,0,0,0,0,+0.11,0,6018000.00,6288810.00,5867550.00
2025-10-20 01:03:59,SELL_SIGNAL,KRW-META,24.35,0,0,hold,보유중 (-0.61%),0,0,0,0,0,0,0,-0.61,0,24.50,25.60,23.89
2025-10-20 01:03:59,SELL_SIGNAL,KRW-MIRA,476.00,0,0,hold,보유중 (-0.21%),0,0,0,0,0,0,0,-0.21,0,477.00,498.46,465.07
2025-10-20 01:04:00,SELL_SIGNAL,KRW-ETH,6023500.00,0,0,hold,보유중 (+0.09%),0,0,0,0,0,0,0,+0.09,0,6018000.00,6288810.00,5867550.00
2025-10-20 01:04:04,SELL_SIGNAL,KRW-META,24.35,0,0,hold,보유중 (-0.61%),0,0,0,0,0,0,0,-0.61,0,24.50,25.60,23.89
2025-10-20 01:04:04,SELL_SIGNAL,KRW-MIRA,476.00,0,0,hold,보유중 (-0.21%),0,0,0,0,0,0,0,-0.21,0,477.00,498.46,465.07
2025-10-20 01:04:07,SELL_SIGNAL,KRW-ETH,6023500.00,0,0,hold,보유중 (+0.09%),0,0,0,0,0,0,0,+0.09,0,6018000.00,6288810.00,5867550.00
2025-10-20 01:04:09,SELL_SIGNAL,KRW-MIRA,476.00,0,0,hold,보유중 (-0.21%),0,0,0,0,0,0,0,-0.21,0,477.00,498.46,465.07
2025-10-20 01:04:09,SELL_SIGNAL,KRW-META,24.35,0,0,hold,보유중 (-0.61%),0,0,0,0,0,0,0,-0.61,0,24.50,25.60,23.89
2025-10-20 01:04:13,SELL_SIGNAL,KRW-ETH,6022500.00,0,0,hold,보유중 (+0.07%),0,0,0,0,0,0,0,+0.07,0,6018000.00,6288810.00,5867550.00
2025-10-20 01:04:14,SELL_SIGNAL,KRW-META,24.35,0,0,hold,보유중 (-0.61%),0,0,0,0,0,0,0,-0.61,0,24.50,25.60,23.89
2025-10-20 01:04:14,SELL_SIGNAL,KRW-MIRA,475.50,0,0,hold,보유중 (-0.31%),0,0,0,0,0,0,0,-0.31,0,477.00,498.46,465.07
2025-10-20 01:04:15,SELL_SIGNAL,KRW-ETH,6024000.00,0,0,hold,보유중 (+0.10%),0,0,0,0,0,0,0,+0.10,0,6018000.00,6288810.00,5867550.00
2025-10-20 01:04:19,SELL_SIGNAL,KRW-ETH,6022500.00,0,0,hold,보유중 (+0.07%),0,0,0,0,0,0,0,+0.07,0,6018000.00,6288810.00,5867550.00
2025-10-20 01:04:19,SELL_SIGNAL,KRW-META,24.35,0,0,hold,보유중 (-0.61%),0,0,0,0,0,0,0,-0.61,0,24.50,25.60,23.89
2025-10-20 01:04:19,SELL_SIGNAL,KRW-MIRA,475.50,0,0,hold,보유중 (-0.31%),0,0,0,0,0,0,0,-0.31,0,477.00,498.46,465.07
2025-10-20 01:04:24,SELL_SIGNAL,KRW-ETH,6022500.00,0,0,hold,보유중 (+0.07%),0,0,0,0,0,0,0,+0.07,0,6018000.00,6288810.00,5867550.00
2025-10-20 01:04:25,SELL_SIGNAL,KRW-META,24.35,0,0,hold,보유중 (-0.61%),0,0,0,0,0,0,0,-0.61,0,24.50,25.60,23.89
2025-10-20 01:04:25,SELL_SIGNAL,KRW-MIRA,475.50,0,0,hold,보유중 (-0.31%),0,0,0,0,0,0,0,-0.31,0,477.00,498.46,465.07
2025-10-20 01:04:29,SELL_SIGNAL,KRW-ETH,6022500.00,0,0,hold,보유중 (+0.07%),0,0,0,0,0,0,0,+0.07,0,6018000.00,6288810.00,5867550.00
2025-10-20 01:04:30,SELL_SIGNAL,KRW-META,24.35,0,0,hold,보유중 (-0.61%),0,0,0,0,0,0,0,-0.61,0,24.50,25.60,23.89
2025-10-20 01:04:30,SELL_SIGNAL,KRW-MIRA,475.50,0,0,hold,보유중 (-0.31%),0,0,0,0,0,0,0,-0.31,0,477.00,498.46,465.07
2025-10-20 01:04:35,SELL_SIGNAL,KRW-ETH,6022500.00,0,0,hold,보유중 (+0.07%),0,0,0,0,0,0,0,+0.07,0,6018000.00,6288810.00,5867550.00
2025-10-20 01:04:35,SELL_SIGNAL,KRW-META,24.35,0,0,hold,보유중 (-0.61%),0,0,0,0,0,0,0,-0.61,0,24.50,25.60,23.89
2025-10-20 01:04:35,SELL_SIGNAL,KRW-MIRA,476.00,0,0,hold,보유중 (-0.21%),0,0,0,0,0,0,0,-0.21,0,477.00,498.46,465.07
2025-10-20 01:04:40,SELL_SIGNAL,KRW-ETH,6024500.00,0,0,hold,보유중 (+0.11%),0,0,0,0,0,0,0,+0.11,0,6018000.00,6288810.00,5867550.00
2025-10-20 01:04:40,SELL_SIGNAL,KRW-META,24.35,0,0,hold,보유중 (-0.61%),0,0,0,0,0,0,0,-0.61,0,24.50,25.60,23.89
2025-10-20 01:04:40,SELL_SIGNAL,KRW-MIRA,476.00,0,0,hold,보유중 (-0.21%),0,0,0,0,0,0,0,-0.21,0,477.00,498.46,465.07
2025-10-20 01:04:45,SELL_SIGNAL,KRW-ETH,6024500.00,0,0,hold,보유중 (+0.11%),0,0,0,0,0,0,0,+0.11,0,6018000.00,6288810.00,5867550.00
2025-10-20 01:04:45,SELL_SIGNAL,KRW-META,24.35,0,0,hold,보유중 (-0.61%),0,0,0,0,0,0,0,-0.61,0,24.50,25.60,23.89
2025-10-20 01:04:45,SELL_SIGNAL,KRW-MIRA,476.00,0,0,hold,보유중 (-0.21%),0,0,0,0,0,0,0,-0.21,0,477.00,498.46,465.07
2025-10-20 01:04:48,SELL_SIGNAL,KRW-ETH,6023500.00,0,0,hold,보유중 (+0.09%),0,0,0,0,0,0,0,+0.09,0,6018000.00,6288810.00,5867550.00
2025-10-20 01:04:48,SELL_SIGNAL,KRW-ETH,6022500.00,0,0,hold,보유중 (+0.07%),0,0,0,0,0,0,0,+0.07,0,6018000.00,6288810.00,5867550.00
2025-10-20 01:04:50,SELL_SIGNAL,KRW-META,24.35,0,0,hold,보유중 (-0.61%),0,0,0,0,0,0,0,-0.61,0,24.50,25.60,23.89
2025-10-20 01:04:50,SELL_SIGNAL,KRW-MIRA,476.00,0,0,hold,보유중 (-0.21%),0,0,0,0,0,0,0,-0.21,0,477.00,498.46,465.07
2025-10-20 01:04:54,SELL_SIGNAL,KRW-ETH,6022500.00,0,0,hold,보유중 (+0.07%),0,0,0,0,0,0,0,+0.07,0,6018000.00,6288810.00,5867550.00
2025-10-20 01:04:55,SELL_SIGNAL,KRW-ETH,6024000.00,0,0,hold,보유중 (+0.10%),0,0,0,0,0,0,0,+0.10,0,6018000.00,6288810.00,5867550.00
2025-10-20 01:04:55,SELL_SIGNAL,KRW-META,24.35,0,0,hold,보유중 (-0.61%),0,0,0,0,0,0,0,-0.61,0,24.50,25.60,23.89
2025-10-20 01:04:56,SELL_SIGNAL,KRW-MIRA,476.00,0,0,hold,보유중 (-0.21%),0,0,0,0,0,0,0,-0.21,0,477.00,498.46,465.07
2025-10-20 01:04:58,SELL_SIGNAL,KRW-ETH,6023500.00,0,0,hold,보유중 (+0.09%),0,0,0,0,0,0,0,+0.09,0,6018000.00,6288810.00,5867550.00
2025-10-20 01:05:01,SELL_SIGNAL,KRW-ETH,6022500.00,0,0,hold,보유중 (+0.07%),0,0,0,0,0,0,0,+0.07,0,6018000.00,6288810.00,5867550.00
2025-10-20 01:05:01,SELL_SIGNAL,KRW-META,24.35,0,0,hold,보유중 (-0.61%),0,0,0,0,0,0,0,-0.61,0,24.50,25.60,23.89
2025-10-20 01:05:01,SELL_SIGNAL,KRW-MIRA,476.00,0,0,hold,보유중 (-0.21%),0,0,0,0,0,0,0,-0.21,0,477.00,498.46,465.07
2025-10-20 01:05:06,SELL_SIGNAL,KRW-ETH,6023500.00,0,0,hold,보유중 (+0.09%),0,0,0,0,0,0,0,+0.09,0,6018000.00,6288810.00,5867550.00
2025-10-20 01:05:06,SELL_SIGNAL,KRW-META,24.35,0,0,hold,보유중 (-0.61%),0,0,0,0,0,0,0,-0.61,0,24.50,25.60,23.89
2025-10-20 01:05:06,SELL_SIGNAL,KRW-MIRA,476.00,0,0,hold,보유중 (-0.21%),0,0,0,0,0,0,0,-0.21,0,477.00,498.46,465.07
2025-10-20 01:05:11,SELL_SIGNAL,KRW-ETH,6023500.00,0,0,hold,보유중 (+0.09%),0,0,0,0,0,0,0,+0.09,0,6018000.00,6288810.00,5867550.00
2025-10-20 01:05:11,SELL_SIGNAL,KRW-META,24.35,0,0,hold,보유중 (-0.61%),0,0,0,0,0,0,0,-0.61,0,24.50,25.60,23.89
2025-10-20 01:05:11,SELL_SIGNAL,KRW-MIRA,476.00,0,0,hold,보유중 (-0.21%),0,0,0,0,0,0,0,-0.21,0,477.00,498.46,465.07
2025-10-20 01:05:15,SELL_SIGNAL,KRW-MIRA,476.50,0,0,hold,보유중 (-0.10%),0,0,0,0,0,0,0,-0.10,0,477.00,498.46,465.07
2025-10-20 01:05:16,SELL_SIGNAL,KRW-ETH,6022500.00,0,0,hold,보유중 (+0.07%),0,0,0,0,0,0,0,+0.07,0,6018000.00,6288810.00,5867550.00
2025-10-20 01:05:16,SELL_SIGNAL,KRW-META,24.35,0,0,hold,보유중 (-0.61%),0,0,0,0,0,0,0,-0.61,0,24.50,25.60,23.89
2025-10-20 01:05:21,SELL_SIGNAL,KRW-ETH,6022500.00,0,0,hold,보유중 (+0.07%),0,0,0,0,0,0,0,+0.07,0,6018000.00,6288810.00,5867550.00
2025-10-20 01:05:21,SELL_SIGNAL,KRW-META,24.35,0,0,hold,보유중 (-0.61%),0,0,0,0,0,0,0,-0.61,0,24.50,25.60,23.89
2025-10-20 01:05:21,SELL_SIGNAL,KRW-MIRA,476.50,0,0,hold,보유중 (-0.10%),0,0,0,0,0,0,0,-0.10,0,477.00,498.46,465.07
2025-10-20 01:05:26,SELL_SIGNAL,KRW-ETH,6022500.00,0,0,hold,보유중 (+0.07%),0,0,0,0,0,0,0,+0.07,0,6018000.00,6288810.00,5867550.00
2025-10-20 01:05:26,SELL_SIGNAL,KRW-META,24.35,0,0,hold,보유중 (-0.61%),0,0,0,0,0,0,0,-0.61,0,24.50,25.60,23.89
2025-10-20 01:05:27,SELL_SIGNAL,KRW-MIRA,476.50,0,0,hold,보유중 (-0.10%),0,0,0,0,0,0,0,-0.10,0,477.00,498.46,465.07
2025-10-20 01:05:32,SELL_SIGNAL,KRW-ETH,6022500.00,0,0,hold,보유중 (+0.07%),0,0,0,0,0,0,0,+0.07,0,6018000.00,6288810.00,5867550.00
2025-10-20 01:05:32,SELL_SIGNAL,KRW-META,24.35,0,0,hold,보유중 (-0.61%),0,0,0,0,0,0,0,-0.61,0,24.50,25.60,23.89
2025-10-20 01:05:32,SELL_SIGNAL,KRW-MIRA,476.50,0,0,hold,보유중 (-0.10%),0,0,0,0,0,0,0,-0.10,0,477.00,498.46,465.07
2025-10-20 01:05:37,SELL_SIGNAL,KRW-ETH,6022500.00,0,0,hold,보유중 (+0.07%),0,0,0,0,0,0,0,+0.07,0,6018000.00,6288810.00,5867550.00
2025-10-20 01:05:37,SELL_SIGNAL,KRW-META,24.35,0,0,hold,보유중 (-0.61%),0,0,0,0,0,0,0,-0.61,0,24.50,25.60,23.89
2025-10-20 01:05:37,SELL_SIGNAL,KRW-MIRA,476.50,0,0,hold,보유중 (-0.10%),0,0,0,0,0,0,0,-0.10,0,477.00,498.46,465.07
2025-10-20 01:05:42,SELL_SIGNAL,KRW-ETH,6022500.00,0,0,hold,보유중 (+0.07%),0,0,0,0,0,0,0,+0.07,0,6018000.00,6288810.00,5867550.00
2025-10-20 01:05:42,SELL_SIGNAL,KRW-META,24.35,0,0,hold,보유중 (-0.61%),0,0,0,0,0,0,0,-0.61,0,24.50,25.60,23.89
2025-10-20 01:05:42,SELL_SIGNAL,KRW-MIRA,476.00,0,0,hold,보유중 (-0.21%),0,0,0,0,0,0,0,-0.21,0,477.00,498.46,465.07
2025-10-20 01:05:47,SELL_SIGNAL,KRW-ETH,6022500.00,0,0,hold,보유중 (+0.07%),0,0,0,0,0,0,0,+0.07,0,6018000.00,6288810.00,5867550.00
2025-10-20 01:05:47,SELL_SIGNAL,KRW-META,24.35,0,0,hold,보유중 (-0.61%),0,0,0,0,0,0,0,-0.61,0,24.50,25.60,23.89
2025-10-20 01:05:47,SELL_SIGNAL,KRW-MIRA,476.00,0,0,hold,보유중 (-0.21%),0,0,0,0,0,0,0,-0.21,0,477.00,498.46,465.07
2025-10-20 01:05:52,SELL_SIGNAL,KRW-ETH,6021500.00,0,0,hold,보유중 (+0.06%),0,0,0,0,0,0,0,+0.06,0,6018000.00,6288810.00,5867550.00
2025-10-20 01:05:52,SELL_SIGNAL,KRW-META,24.35,0,0,hold,보유중 (-0.61%),0,0,0,0,0,0,0,-0.61,0,24.50,25.60,23.89
2025-10-20 01:05:52,SELL_SIGNAL,KRW-MIRA,476.00,0,0,hold,보유중 (-0.21%),0,0,0,0,0,0,0,-0.21,0,477.00,498.46,465.07
2025-10-20 01:05:57,SELL_SIGNAL,KRW-ETH,6021500.00,0,0,hold,보유중 (+0.06%),0,0,0,0,0,0,0,+0.06,0,6018000.00,6288810.00,5867550.00
2025-10-20 01:05:57,SELL_SIGNAL,KRW-META,24.35,0,0,hold,보유중 (-0.61%),0,0,0,0,0,0,0,-0.61,0,24.50,25.60,23.89
2025-10-20 01:05:57,SELL_SIGNAL,KRW-MIRA,476.00,0,0,hold,보유중 (-0.21%),0,0,0,0,0,0,0,-0.21,0,477.00,498.46,465.07
2025-10-20 01:06:02,SELL_SIGNAL,KRW-ETH,6021500.00,0,0,hold,보유중 (+0.06%),0,0,0,0,0,0,0,+0.06,0,6018000.00,6288810.00,5867550.00
2025-10-20 01:06:02,SELL_SIGNAL,KRW-META,24.35,0,0,hold,보유중 (-0.61%),0,0,0,0,0,0,0,-0.61,0,24.50,25.60,23.89
2025-10-20 01:06:03,SELL_SIGNAL,KRW-MIRA,476.00,0,0,hold,보유중 (-0.21%),0,0,0,0,0,0,0,-0.21,0,477.00,498.46,465.07
2025-10-20 01:06:08,SELL_SIGNAL,KRW-ETH,6021500.00,0,0,hold,보유중 (+0.06%),0,0,0,0,0,0,0,+0.06,0,6018000.00,6288810.00,5867550.00
2025-10-20 01:06:08,SELL_SIGNAL,KRW-META,24.35,0,0,hold,보유중 (-0.61%),0,0,0,0,0,0,0,-0.61,0,24.50,25.60,23.89
2025-10-20 01:06:08,SELL_SIGNAL,KRW-MIRA,476.00,0,0,hold,보유중 (-0.21%),0,0,0,0,0,0,0,-0.21,0,477.00,498.46,465.07
2025-10-20 01:06:13,SELL_SIGNAL,KRW-ETH,6021500.00,0,0,hold,보유중 (+0.06%),0,0,0,0,0,0,0,+0.06,0,6018000.00,6288810.00,5867550.00
2025-10-20 01:06:13,SELL_SIGNAL,KRW-META,24.25,0,0,sell,시간초과손절 (-1.02%, 22분),0,0,0,0,0,0,0,-1.02,0,24.50,25.60,23.89
2025-10-20 01:06:14,SELL_SIGNAL,KRW-MIRA,476.00,0,0,hold,보유중 (-0.21%),0,0,0,0,0,0,0,-0.21,0,477.00,498.46,465.07
2025-10-20 01:06:16,BUY_ATTEMPT,KRW-ENA,752.00,0,54925,fast_spike,FAST_SPIKE,0,0,0,0,0
2025-10-20 01:06:17,SELL_SIGNAL,KRW-ENA,751.00,0,0,hold,보유중 (-0.13%),0,0,0,0,0,0,0,-0.13,0,752.00,785.84,733.20
2025-10-20 01:06:18,SELL_SIGNAL,KRW-ETH,6021500.00,0,0,hold,보유중 (+0.06%),0,0,0,0,0,0,0,+0.06,0,6018000.00,6288810.00,5867550.00
2025-10-20 01:06:22,SELL_SIGNAL,KRW-ENA,751.00,0,0,hold,보유중 (-0.13%),0,0,0,0,0,0,0,-0.13,0,752.00,785.84,733.20
2025-10-20 01:06:24,SELL_SIGNAL,KRW-ETH,6021500.00,0,0,hold,보유중 (+0.06%),0,0,0,0,0,0,0,+0.06,0,6018000.00,6288810.00,5867550.00
2025-10-20 01:06:24,SELL_SIGNAL,KRW-MIRA,476.00,0,0,hold,보유중 (-0.21%),0,0,0,0,0,0,0,-0.21,0,477.00,498.46,465.07
2025-10-20 01:06:28,SELL_SIGNAL,KRW-ENA,750.50,0,0,hold,보유중 (-0.20%),0,0,0,0,0,0,0,-0.20,0,752.00,785.84,733.20
2025-10-20 01:06:29,SELL_SIGNAL,KRW-ETH,6021500.00,0,0,hold,보유중 (+0.06%),0,0,0,0,0,0,0,+0.06,0,6018000.00,6288810.00,5867550.00
2025-10-20 01:06:29,SELL_SIGNAL,KRW-MIRA,476.00,0,0,hold,보유중 (-0.21%),0,0,0,0,0,0,0,-0.21,0,477.00,498.46,465.07
2025-10-20 01:06:33,SELL_SIGNAL,KRW-ENA,750.50,0,0,hold,보유중 (-0.20%),0,0,0,0,0,0,0,-0.20,0,752.00,785.84,733.20
2025-10-20 01:06:34,SELL_SIGNAL,KRW-ETH,6021500.00,0,0,hold,보유중 (+0.06%),0,0,0,0,0,0,0,+0.06,0,6018000.00,6288810.00,5867550.00
2025-10-20 01:06:34,SELL_SIGNAL,KRW-MIRA,476.00,0,0,hold,보유중 (-0.21%),0,0,0,0,0,0,0,-0.21,0,477.00,498.46,465.07
2025-10-20 01:06:37,SELL_SIGNAL,KRW-ENA,751.50,0,0,hold,보유중 (-0.07%),0,0,0,0,0,0,0,-0.07,0,752.00,785.84,733.20
2025-10-20 01:06:39,SELL_SIGNAL,KRW-ETH,6021500.00,0,0,hold,보유중 (+0.06%),0,0,0,0,0,0,0,+0.06,0,6018000.00,6288810.00,5867550.00
2025-10-20 01:06:39,SELL_SIGNAL,KRW-MIRA,476.00,0,0,hold,보유중 (-0.21%),0,0,0,0,0,0,0,-0.21,0,477.00,498.46,465.07
2025-10-20 01:06:40,SELL_SIGNAL,KRW-ENA,751.00,0,0,hold,보유중 (-0.13%),0,0,0,0,0,0,0,-0.13,0,752.00,785.84,733.20
2025-10-20 01:06:43,SELL_SIGNAL,KRW-ENA,751.50,0,0,hold,보유중 (-0.07%),0,0,0,0,0,0,0,-0.07,0,752.00,785.84,733.20
2025-10-20 01:06:44,SELL_SIGNAL,KRW-ETH,6021500.00,0,0,hold,보유중 (+0.06%),0,0,0,0,0,0,0,+0.06,0,6018000.00,6288810.00,5867550.00
2025-10-20 01:06:44,SELL_SIGNAL,KRW-MIRA,476.00,0,0,hold,보유중 (-0.21%),0,0,0,0,0,0,0,-0.21,0,477.00,498.46,465.07
2025-10-20 01:06:47,SELL_SIGNAL,KRW-ENA,751.00,0,0,hold,보유중 (-0.13%),0,0,0,0,0,0,0,-0.13,0,752.00,785.84,733.20
2025-10-20 01:06:49,SELL_SIGNAL,KRW-ETH,6021500.00,0,0,hold,보유중 (+0.06%),0,0,0,0,0,0,0,+0.06,0,6018000.00,6288810.00,5867550.00
2025-10-20 01:06:49,SELL_SIGNAL,KRW-MIRA,476.00,0,0,hold,보유중 (-0.21%),0,0,0,0,0,0,0,-0.21,0,477.00,498.46,465.07
2025-10-20 01:06:53,SELL_SIGNAL,KRW-ENA,751.00,0,0,hold,보유중 (-0.13%),0,0,0,0,0,0,0,-0.13,0,752.00,785.84,733.20
2025-10-20 01:06:54,SELL_SIGNAL,KRW-ETH,6021500.00,0,0,hold,보유중 (+0.06%),0,0,0,0,0,0,0,+0.06,0,6018000.00,6288810.00,5867550.00
2025-10-20 01:06:54,SELL_SIGNAL,KRW-MIRA,476.50,0,0,hold,보유중 (-0.10%),0,0,0,0,0,0,0,-0.10,0,477.00,498.46,465.07
2025-10-20 01:06:58,SELL_SIGNAL,KRW-ENA,751.00,0,0,hold,보유중 (-0.13%),0,0,0,0,0,0,0,-0.13,0,752.00,785.84,733.20
2025-10-20 01:06:59,SELL_SIGNAL,KRW-ETH,6021500.00,0,0,hold,보유중 (+0.06%),0,0,0,0,0,0,0,+0.06,0,6018000.00,6288810.00,5867550.00
2025-10-20 01:06:59,SELL_SIGNAL,KRW-MIRA,476.50,0,0,hold,보유중 (-0.10%),0,0,0,0,0,0,0,-0.10,0,477.00,498.46,465.07
2025-10-20 01:07:04,SELL_SIGNAL,KRW-ENA,751.00,0,0,hold,보유중 (-0.13%),0,0,0,0,0,0,0,-0.13,0,752.00,785.84,733.20
2025-10-20 01:07:05,SELL_SIGNAL,KRW-ETH,6021500.00,0,0,hold,보유중 (+0.06%),0,0,0,0,0,0,0,+0.06,0,6018000.00,6288810.00,5867550.00
2025-10-20 01:07:05,SELL_SIGNAL,KRW-MIRA,476.50,0,0,hold,보유중 (-0.10%),0,0,0,0,0,0,0,-0.10,0,477.00,498.46,465.07
2025-10-20 01:07:09,SELL_SIGNAL,KRW-ENA,751.00,0,0,hold,보유중 (-0.13%),0,0,0,0,0,0,0,-0.13,0,752.00,785.84,733.20
2025-10-20 01:07:10,SELL_SIGNAL,KRW-ETH,6021500.00,0,0,hold,보유중 (+0.06%),0,0,0,0,0,0,0,+0.06,0,6018000.00,6288810.00,5867550.00
2025-10-20 01:07:10,SELL_SIGNAL,KRW-MIRA,476.50,0,0,hold,보유중 (-0.10%),0,0,0,0,0,0,0,-0.10,0,477.00,498.46,465.07
2025-10-20 01:07:14,SELL_SIGNAL,KRW-ENA,751.00,0,0,hold,보유중 (-0.13%),0,0,0,0,0,0,0,-0.13,0,752.00,785.84,733.20
2025-10-20 01:07:15,SELL_SIGNAL,KRW-ETH,6021500.00,0,0,hold,보유중 (+0.06%),0,0,0,0,0,0,0,+0.06,0,6018000.00,6288810.00,5867550.00
2025-10-20 01:07:15,SELL_SIGNAL,KRW-MIRA,476.50,0,0,hold,보유중 (-0.10%),0,0,0,0,0,0,0,-0.10,0,477.00,498.46,465.07
2025-10-20 01:07:19,SELL_SIGNAL,KRW-ENA,751.00,0,0,hold,보유중 (-0.13%),0,0,0,0,0,0,0,-0.13,0,752.00,785.84,733.20
2025-10-20 01:07:20,SELL_SIGNAL,KRW-ETH,6021500.00,0,0,hold,보유중 (+0.06%),0,0,0,0,0,0,0,+0.06,0,6018000.00,6288810.00,5867550.00
2025-10-20 01:07:20,SELL_SIGNAL,KRW-MIRA,476.50,0,0,hold,보유중 (-0.10%),0,0,0,0,0,0,0,-0.10,0,477.00,498.46,465.07
2025-10-20 01:07:24,SELL_SIGNAL,KRW-ENA,751.00,0,0,hold,보유중 (-0.13%),0,0,0,0,0,0,0,-0.13,0,752.00,785.84,733.20
2025-10-20 01:07:25,SELL_SIGNAL,KRW-MIRA,476.00,0,0,hold,보유중 (-0.21%),0,0,0,0,0,0,0,-0.21,0,477.00,498.46,465.07
2025-10-20 01:07:25,SELL_SIGNAL,KRW-ETH,6021500.00,0,0,hold,보유중 (+0.06%),0,0,0,0,0,0,0,+0.06,0,6018000.00,6288810.00,5867550.00
2025-10-20 01:07:29,SELL_SIGNAL,KRW-ENA,750.50,0,0,hold,보유중 (-0.20%),0,0,0,0,0,0,0,-0.20,0,752.00,785.84,733.20
2025-10-20 01:07:30,SELL_SIGNAL,KRW-ETH,6021500.00,0,0,hold,보유중 (+0.06%),0,0,0,0,0,0,0,+0.06,0,6018000.00,6288810.00,5867550.00
2025-10-20 01:07:30,SELL_SIGNAL,KRW-MIRA,476.00,0,0,hold,보유중 (-0.21%),0,0,0,0,0,0,0,-0.21,0,477.00,498.46,465.07
2025-10-20 01:07:34,SELL_SIGNAL,KRW-ENA,750.50,0,0,hold,보유중 (-0.20%),0,0,0,0,0,0,0,-0.20,0,752.00,785.84,733.20
2025-10-20 01:07:35,SELL_SIGNAL,KRW-ETH,6021500.00,0,0,hold,보유중 (+0.06%),0,0,0,0,0,0,0,+0.06,0,6018000.00,6288810.00,5867550.00
2025-10-20 01:07:35,SELL_SIGNAL,KRW-MIRA,476.00,0,0,hold,보유중 (-0.21%),0,0,0,0,0,0,0,-0.21,0,477.00,498.46,465.07
2025-10-20 01:07:40,SELL_SIGNAL,KRW-ENA,750.50,0,0,hold,보유중 (-0.20%),0,0,0,0,0,0,0,-0.20,0,752.00,785.84,733.20
2025-10-20 01:07:41,SELL_SIGNAL,KRW-ETH,6021500.00,0,0,hold,보유중 (+0.06%),0,0,0,0,0,0,0,+0.06,0,6018000.00,6288810.00,5867550.00
2025-10-20 01:07:41,SELL_SIGNAL,KRW-MIRA,476.00,0,0,hold,보유중 (-0.21%),0,0,0,0,0,0,0,-0.21,0,477.00,498.46,465.07
2025-10-20 01:07:45,SELL_SIGNAL,KRW-ENA,750.50,0,0,hold,보유중 (-0.20%),0,0,0,0,0,0,0,-0.20,0,752.00,785.84,733.20
2025-10-20 01:07:46,SELL_SIGNAL,KRW-ETH,6021500.00,0,0,hold,보유중 (+0.06%),0,0,0,0,0,0,0,+0.06,0,6018000.00,6288810.00,5867550.00
2025-10-20 01:07:46,SELL_SIGNAL,KRW-MIRA,476.00,0,0,hold,보유중 (-0.21%),0,0,0,0,0,0,0,-0.21,0,477.00,498.46,465.07
2025-10-20 01:07:50,SELL_SIGNAL,KRW-ENA,750.50,0,0,hold,보유중 (-0.20%),0,0,0,0,0,0,0,-0.20,0,752.00,785.84,733.20
2025-10-20 01:07:51,SELL_SIGNAL,KRW-ETH,6021500.00,0,0,hold,보유중 (+0.06%),0,0,0,0,0,0,0,+0.06,0,6018000.00,6288810.00,5867550.00
2025-10-20 01:07:51,SELL_SIGNAL,KRW-MIRA,476.00,0,0,hold,보유중 (-0.21%),0,0,0,0,0,0,0,-0.21,0,477.00,498.46,465.07
2025-10-20 01:07:55,SELL_SIGNAL,KRW-ENA,750.00,0,0,hold,보유중 (-0.27%),0,0,0,0,0,0,0,-0.27,0,752.00,785.84,733.20
2025-10-20 01:07:56,SELL_SIGNAL,KRW-ENA,749.50,0,0,hold,보유중 (-0.33%),0,0,0,0,0,0,0,-0.33,0,752.00,785.84,733.20
2025-10-20 01:07:56,SELL_SIGNAL,KRW-ETH,6021500.00,0,0,hold,보유중 (+0.06%),0,0,0,0,0,0,0,+0.06,0,6018000.00,6288810.00,5867550.00
2025-10-20 01:07:56,SELL_SIGNAL,KRW-MIRA,476.00,0,0,hold,보유중 (-0.21%),0,0,0,0,0,0,0,-0.21,0,477.00,498.46,465.07
2025-10-20 01:08:01,SELL_SIGNAL,KRW-ETH,6021500.00,0,0,hold,보유중 (+0.06%),0,0,0,0,0,0,0,+0.06,0,6018000.00,6288810.00,5867550.00
2025-10-20 01:08:01,SELL_SIGNAL,KRW-MIRA,475.50,0,0,hold,보유중 (-0.31%),0,0,0,0,0,0,0,-0.31,0,477.00,498.46,465.07
2025-10-20 01:08:02,SELL_SIGNAL,KRW-ENA,750.00,0,0,hold,보유중 (-0.27%),0,0,0,0,0,0,0,-0.27,0,752.00,785.84,733.20
2025-10-20 01:08:03,SELL_SIGNAL,KRW-ENA,749.50,0,0,hold,보유중 (-0.33%),0,0,0,0,0,0,0,-0.33,0,752.00,785.84,733.20
2025-10-20 01:08:05,SELL_SIGNAL,KRW-MIRA,475.00,0,0,hold,보유중 (-0.42%),0,0,0,0,0,0,0,-0.42,0,477.00,498.46,465.07
2025-10-20 01:08:05,SELL_SIGNAL,KRW-ENA,750.50,0,0,hold,보유중 (-0.20%),0,0,0,0,0,0,0,-0.20,0,752.00,785.84,733.20
2025-10-20 01:08:06,SELL_SIGNAL,KRW-ETH,6021500.00,0,0,hold,보유중 (+0.06%),0,0,0,0,0,0,0,+0.06,0,6018000.00,6288810.00,5867550.00
2025-10-20 01:08:07,SELL_SIGNAL,KRW-ETH,6020500.00,0,0,hold,보유중 (+0.04%),0,0,0,0,0,0,0,+0.04,0,6018000.00,6288810.00,5867550.00
2025-10-20 01:08:08,SELL_SIGNAL,KRW-ENA,749.50,0,0,hold,보유중 (-0.33%),0,0,0,0,0,0,0,-0.33,0,752.00,785.84,733.20
2025-10-20 01:08:08,SELL_SIGNAL,KRW-ETH,6019500.00,0,0,hold,보유중 (+0.02%),0,0,0,0,0,0,0,+0.02,0,6018000.00,6288810.00,5867550.00
2025-10-20 01:08:10,SELL_SIGNAL,KRW-ENA,750.50,0,0,hold,보유중 (-0.20%),0,0,0,0,0,0,0,-0.20,0,752.00,785.84,733.20
2025-10-20 01:08:11,SELL_SIGNAL,KRW-ETH,6020000.00,0,0,hold,보유중 (+0.03%),0,0,0,0,0,0,0,+0.03,0,6018000.00,6288810.00,5867550.00
2025-10-20 01:08:11,SELL_SIGNAL,KRW-MIRA,475.00,0,0,hold,보유중 (-0.42%),0,0,0,0,0,0,0,-0.42,0,477.00,498.46,465.07
2025-10-20 01:08:15,SELL_SIGNAL,KRW-ENA,751.00,0,0,hold,보유중 (-0.13%),0,0,0,0,0,0,0,-0.13,0,752.00,785.84,733.20
2025-10-20 01:08:15,SELL_SIGNAL,KRW-MIRA,474.50,0,0,hold,보유중 (-0.52%),0,0,0,0,0,0,0,-0.52,0,477.00,498.46,465.07
2025-10-20 01:08:17,SELL_SIGNAL,KRW-ETH,6020000.00,0,0,hold,보유중 (+0.03%),0,0,0,0,0,0,0,+0.03,0,6018000.00,6288810.00,5867550.00
2025-10-20 01:08:20,SELL_SIGNAL,KRW-MIRA,475.50,0,0,hold,보유중 (-0.31%),0,0,0,0,0,0,0,-0.31,0,477.00,498.46,465.07
2025-10-20 01:08:21,SELL_SIGNAL,KRW-ENA,751.00,0,0,hold,보유중 (-0.13%),0,0,0,0,0,0,0,-0.13,0,752.00,785.84,733.20
2025-10-20 01:08:22,SELL_SIGNAL,KRW-ETH,6020000.00,0,0,hold,보유중 (+0.03%),0,0,0,0,0,0,0,+0.03,0,6018000.00,6288810.00,5867550.00
2025-10-20 01:08:26,SELL_SIGNAL,KRW-ENA,751.00,0,0,hold,보유중 (-0.13%),0,0,0,0,0,0,0,-0.13,0,752.00,785.84,733.20
2025-10-20 01:08:27,SELL_SIGNAL,KRW-ETH,6020000.00,0,0,hold,보유중 (+0.03%),0,0,0,0,0,0,0,+0.03,0,6018000.00,6288810.00,5867550.00
2025-10-20 01:08:27,SELL_SIGNAL,KRW-MIRA,475.50,0,0,hold,보유중 (-0.31%),0,0,0,0,0,0,0,-0.31,0,477.00,498.46,465.07
2025-10-20 01:08:31,SELL_SIGNAL,KRW-ENA,751.00,0,0,hold,보유중 (-0.13%),0,0,0,0,0,0,0,-0.13,0,752.00,785.84,733.20
2025-10-20 01:08:32,SELL_SIGNAL,KRW-ETH,6020000.00,0,0,hold,보유중 (+0.03%),0,0,0,0,0,0,0,+0.03,0,6018000.00,6288810.00,5867550.00
2025-10-20 01:08:32,SELL_SIGNAL,KRW-MIRA,475.50,0,0,hold,보유중 (-0.31%),0,0,0,0,0,0,0,-0.31,0,477.00,498.46,465.07
2025-10-20 01:08:36,SELL_SIGNAL,KRW-ENA,751.50,0,0,hold,보유중 (-0.07%),0,0,0,0,0,0,0,-0.07,0,752.00,785.84,733.20
2025-10-20 01:08:37,SELL_SIGNAL,KRW-ETH,6020000.00,0,0,hold,보유중 (+0.03%),0,0,0,0,0,0,0,+0.03,0,6018000.00,6288810.00,5867550.00
2025-10-20 01:08:37,SELL_SIGNAL,KRW-MIRA,475.50,0,0,hold,보유중 (-0.31%),0,0,0,0,0,0,0,-0.31,0,477.00,498.46,465.07
2025-10-20 01:08:41,SELL_SIGNAL,KRW-ENA,751.50,0,0,hold,보유중 (-0.07%),0,0,0,0,0,0,0,-0.07,0,752.00,785.84,733.20
2025-10-20 01:08:42,SELL_SIGNAL,KRW-ETH,6020000.00,0,0,hold,보유중 (+0.03%),0,0,0,0,0,0,0,+0.03,0,6018000.00,6288810.00,5867550.00
2025-10-20 01:08:42,SELL_SIGNAL,KRW-MIRA,475.50,0,0,hold,보유중 (-0.31%),0,0,0,0,0,0,0,-0.31,0,477.00,498.46,465.07
2025-10-20 01:08:46,SELL_SIGNAL,KRW-ENA,751.50,0,0,hold,보유중 (-0.07%),0,0,0,0,0,0,0,-0.07,0,752.00,785.84,733.20
2025-10-20 01:08:47,SELL_SIGNAL,KRW-ETH,6020000.00,0,0,hold,보유중 (+0.03%),0,0,0,0,0,0,0,+0.03,0,6018000.00,6288810.00,5867550.00
2025-10-20 01:08:47,SELL_SIGNAL,KRW-MIRA,475.50,0,0,hold,보유중 (-0.31%),0,0,0,0,0,0,0,-0.31,0,477.00,498.46,465.07
2025-10-20 01:08:49,SELL_SIGNAL,KRW-ENA,750.50,0,0,hold,보유중 (-0.20%),0,0,0,0,0,0,0,-0.20,0,752.00,785.84,733.20
2025-10-20 01:08:51,SELL_SIGNAL,KRW-ENA,751.00,0,0,hold,보유중 (-0.13%),0,0,0,0,0,0,0,-0.13,0,752.00,785.84,733.20
2025-10-20 01:08:52,SELL_SIGNAL,KRW-ETH,6019500.00,0,0,hold,보유중 (+0.02%),0,0,0,0,0,0,0,+0.02,0,6018000.00,6288810.00,5867550.00
2025-10-20 01:08:53,SELL_SIGNAL,KRW-MIRA,475.50,0,0,hold,보유중 (-0.31%),0,0,0,0,0,0,0,-0.31,0,477.00,498.46,465.07
2025-10-20 01:08:57,SELL_SIGNAL,KRW-ENA,751.00,0,0,hold,보유중 (-0.13%),0,0,0,0,0,0,0,-0.13,0,752.00,785.84,733.20
2025-10-20 01:08:57,SELL_SIGNAL,KRW-MIRA,476.00,0,0,hold,보유중 (-0.21%),0,0,0,0,0,0,0,-0.21,0,477.00,498.46,465.07
2025-10-20 01:08:58,SELL_SIGNAL,KRW-ETH,6019500.00,0,0,hold,보유중 (+0.02%),0,0,0,0,0,0,0,+0.02,0,6018000.00,6288810.00,5867550.00
2025-10-20 01:08:58,SELL_SIGNAL,KRW-ENA,751.50,0,0,hold,보유중 (-0.07%),0,0,0,0,0,0,0,-0.07,0,752.00,785.84,733.20
2025-10-20 01:09:00,SELL_SIGNAL,KRW-ENA,751.00,0,0,hold,보유중 (-0.13%),0,0,0,0,0,0,0,-0.13,0,752.00,785.84,733.20
2025-10-20 01:09:02,SELL_SIGNAL,KRW-MIRA,476.50,0,0,hold,보유중 (-0.10%),0,0,0,0,0,0,0,-0.10,0,477.00,498.46,465.07
2025-10-20 01:09:03,SELL_SIGNAL,KRW-ETH,6019500.00,0,0,hold,보유중 (+0.02%),0,0,0,0,0,0,0,+0.02,0,6018000.00,6288810.00,5867550.00
2025-10-20 01:09:03,SELL_SIGNAL,KRW-ETH,6020500.00,0,0,hold,보유중 (+0.04%),0,0,0,0,0,0,0,+0.04,0,6018000.00,6288810.00,5867550.00
2025-10-20 01:09:04,SELL_SIGNAL,KRW-MIRA,476.00,0,0,hold,보유중 (-0.21%),0,0,0,0,0,0,0,-0.21,0,477.00,498.46,465.07
2025-10-20 01:09:07,SELL_SIGNAL,KRW-ENA,751.00,0,0,hold,보유중 (-0.13%),0,0,0,0,0,0,0,-0.13,0,752.00,785.84,733.20
2025-10-20 01:09:08,SELL_SIGNAL,KRW-ETH,6020500.00,0,0,hold,보유중 (+0.04%),0,0,0,0,0,0,0,+0.04,0,6018000.00,6288810.00,5867550.00
2025-10-20 01:09:12,SELL_SIGNAL,KRW-ENA,751.00,0,0,hold,보유중 (-0.13%),0,0,0,0,0,0,0,-0.13,0,752.00,785.84,733.20
2025-10-20 01:09:13,SELL_SIGNAL,KRW-ENA,750.50,0,0,hold,보유중 (-0.20%),0,0,0,0,0,0,0,-0.20,0,752.00,785.84,733.20
2025-10-20 01:09:14,SELL_SIGNAL,KRW-ETH,6020500.00,0,0,hold,보유중 (+0.04%),0,0,0,0,0,0,0,+0.04,0,6018000.00,6288810.00,5867550.00
2025-10-20 01:09:14,SELL_SIGNAL,KRW-MIRA,476.00,0,0,hold,보유중 (-0.21%),0,0,0,0,0,0,0,-0.21,0,477.00,498.46,465.07
2025-10-20 01:09:18,SELL_SIGNAL,KRW-ENA,751.00,0,0,hold,보유중 (-0.13%),0,0,0,0,0,0,0,-0.13,0,752.00,785.84,733.20
2025-10-20 01:09:19,SELL_SIGNAL,KRW-ETH,6020500.00,0,0,hold,보유중 (+0.04%),0,0,0,0,0,0,0,+0.04,0,6018000.00,6288810.00,5867550.00
2025-10-20 01:09:19,SELL_SIGNAL,KRW-MIRA,476.00,0,0,hold,보유중 (-0.21%),0,0,0,0,0,0,0,-0.21,0,477.00,498.46,465.07
2025-10-20 01:09:23,SELL_SIGNAL,KRW-ETH,6021500.00,0,0,hold,보유중 (+0.06%),0,0,0,0,0,0,0,+0.06,0,6018000.00,6288810.00,5867550.00
2025-10-20 01:09:23,SELL_SIGNAL,KRW-ENA,751.00,0,0,hold,보유중 (-0.13%),0,0,0,0,0,0,0,-0.13,0,752.00,785.84,733.20
2025-10-20 01:09:24,SELL_SIGNAL,KRW-MIRA,476.00,0,0,hold,보유중 (-0.21%),0,0,0,0,0,0,0,-0.21,0,477.00,498.46,465.07
2025-10-20 01:09:28,SELL_SIGNAL,KRW-ENA,751.00,0,0,hold,보유중 (-0.13%),0,0,0,0,0,0,0,-0.13,0,752.00,785.84,733.20
2025-10-20 01:09:29,SELL_SIGNAL,KRW-ETH,6020500.00,0,0,hold,보유중 (+0.04%),0,0,0,0,0,0,0,+0.04,0,6018000.00,6288810.00,5867550.00
2025-10-20 01:09:29,SELL_SIGNAL,KRW-MIRA,476.00,0,0,hold,보유중 (-0.21%),0,0,0,0,0,0,0,-0.21,0,477.00,498.46,465.07
2025-10-20 01:09:33,SELL_SIGNAL,KRW-ENA,752.00,0,0,hold,보유중 (+0.00%),0,0,0,0,0,0,0,+0.00,0,752.00,785.84,733.20
2025-10-20 01:09:34,SELL_SIGNAL,KRW-ETH,6020500.00,0,0,hold,보유중 (+0.04%),0,0,0,0,0,0,0,+0.04,0,6018000.00,6288810.00,5867550.00
2025-10-20 01:09:35,SELL_SIGNAL,KRW-MIRA,476.00,0,0,hold,보유중 (-0.21%),0,0,0,0,0,0,0,-0.21,0,477.00,498.46,465.07
2025-10-20 01:09:37,SELL_SIGNAL,KRW-ENA,751.50,0,0,hold,보유중 (-0.07%),0,0,0,0,0,0,0,-0.07,0,752.00,785.84,733.20
2025-10-20 01:09:39,SELL_SIGNAL,KRW-ENA,751.00,0,0,hold,보유중 (-0.13%),0,0,0,0,0,0,0,-0.13,0,752.00,785.84,733.20
2025-10-20 01:09:40,SELL_SIGNAL,KRW-ETH,6020500.00,0,0,hold,보유중 (+0.04%),0,0,0,0,0,0,0,+0.04,0,6018000.00,6288810.00,5867550.00
2025-10-20 01:09:40,SELL_SIGNAL,KRW-MIRA,476.00,0,0,hold,보유중 (-0.21%),0,0,0,0,0,0,0,-0.21,0,477.00,498.46,465.07
2025-10-20 01:09:43,SELL_SIGNAL,KRW-ETH,6020000.00,0,0,hold,보유중 (+0.03%),0,0,0,0,0,0,0,+0.03,0,6018000.00,6288810.00,5867550.00
2025-10-20 01:09:44,SELL_SIGNAL,KRW-ENA,751.00,0,0,hold,보유중 (-0.13%),0,0,0,0,0,0,0,-0.13,0,752.00,785.84,733.20
2025-10-20 01:09:45,SELL_SIGNAL,KRW-MIRA,476.00,0,0,hold,보유중 (-0.21%),0,0,0,0,0,0,0,-0.21,0,477.00,498.46,465.07
2025-10-20 01:09:46,SELL_SIGNAL,KRW-ETH,6019500.00,0,0,hold,보유중 (+0.02%),0,0,0,0,0,0,0,+0.02,0,6018000.00,6288810.00,5867550.00
2025-10-20 01:09:49,SELL_SIGNAL,KRW-ENA,751.00,0,0,hold,보유중 (-0.13%),0,0,0,0,0,0,0,-0.13,0,752.00,785.84,733.20
2025-10-20 01:09:50,SELL_SIGNAL,KRW-ETH,6020000.00,0,0,hold,보유중 (+0.03%),0,0,0,0,0,0,0,+0.03,0,6018000.00,6288810.00,5867550.00
2025-10-20 01:09:50,SELL_SIGNAL,KRW-MIRA,476.00,0,0,hold,보유중 (-0.21%),0,0,0,0,0,0,0,-0.21,0,477.00,498.46,465.07
2025-10-20 01:09:54,SELL_SIGNAL,KRW-ENA,751.00,0,0,hold,보유중 (-0.13%),0,0,0,0,0,0,0,-0.13,0,752.00,785.84,733.20
2025-10-20 01:09:55,SELL_SIGNAL,KRW-ETH,6020000.00,0,0,hold,보유중 (+0.03%),0,0,0,0,0,0,0,+0.03,0,6018000.00,6288810.00,5867550.00
2025-10-20 01:09:55,SELL_SIGNAL,KRW-MIRA,475.50,0,0,hold,보유중 (-0.31%),0,0,0,0,0,0,0,-0.31,0,477.00,498.46,465.07
2025-10-20 01:09:57,SELL_SIGNAL,KRW-ETH,6020500.00,0,0,hold,보유중 (+0.04%),0,0,0,0,0,0,0,+0.04,0,6018000.00,6288810.00,5867550.00
2025-10-20 01:09:57,SELL_SIGNAL,KRW-MIRA,476.00,0,0,hold,보유중 (-0.21%),0,0,0,0,0,0,0,-0.21,0,477.00,498.46,465.07
2025-10-20 01:09:59,SELL_SIGNAL,KRW-ENA,751.00,0,0,hold,보유중 (-0.13%),0,0,0,0,0,0,0,-0.13,0,752.00,785.84,733.20
2025-10-20 01:10:00,SELL_SIGNAL,KRW-MIRA,475.50,0,0,hold,보유중 (-0.31%),0,0,0,0,0,0,0,-0.31,0,477.00,498.46,465.07
2025-10-20 01:10:01,SELL_SIGNAL,KRW-MIRA,476.50,0,0,hold,보유중 (-0.10%),0,0,0,0,0,0,0,-0.10,0,477.00,498.46,465.07
2025-10-20 01:10:04,SELL_SIGNAL,KRW-ENA,751.00,0,0,hold,보유중 (-0.13%),0,0,0,0,0,0,0,-0.13,0,752.00,785.84,733.20
2025-10-20 01:10:05,SELL_SIGNAL,KRW-ETH,6020500.00,0,0,hold,보유중 (+0.04%),0,0,0,0,0,0,0,+0.04,0,6018000.00,6288810.00,5867550.00
2025-10-20 01:10:05,SELL_SIGNAL,KRW-MIRA,476.00,0,0,hold,보유중 (-0.21%),0,0,0,0,0,0,0,-0.21,0,477.00,498.46,465.07
2025-10-20 01:10:09,SELL_SIGNAL,KRW-ENA,751.00,0,0,hold,보유중 (-0.13%),0,0,0,0,0,0,0,-0.13,0,752.00,785.84,733.20
2025-10-20 01:10:10,SELL_SIGNAL,KRW-ETH,6020500.00,0,0,hold,보유중 (+0.04%),0,0,0,0,0,0,0,+0.04,0,6018000.00,6288810.00,5867550.00
2025-10-20 01:10:10,SELL_SIGNAL,KRW-MIRA,476.00,0,0,hold,보유중 (-0.21%),0,0,0,0,0,0,0,-0.21,0,477.00,498.46,465.07
2025-10-20 01:10:14,SELL_SIGNAL,KRW-ENA,751.00,0,0,hold,보유중 (-0.13%),0,0,0,0,0,0,0,-0.13,0,752.00,785.84,733.20
2025-10-20 01:10:15,SELL_SIGNAL,KRW-ETH,6020500.00,0,0,hold,보유중 (+0.04%),0,0,0,0,0,0,0,+0.04,0,6018000.00,6288810.00,5867550.00
2025-10-20 01:10:16,SELL_SIGNAL,KRW-MIRA,476.00,0,0,hold,보유중 (-0.21%),0,0,0,0,0,0,0,-0.21,0,477.00,498.46,465.07
2025-10-20 01:10:19,SELL_SIGNAL,KRW-ENA,751.00,0,0,hold,보유중 (-0.13%),0,0,0,0,0,0,0,-0.13,0,752.00,785.84,733.20
2025-10-20 01:10:21,SELL_SIGNAL,KRW-ETH,6020500.00,0,0,hold,보유중 (+0.04%),0,0,0,0,0,0,0,+0.04,0,6018000.00,6288810.00,5867550.00
2025-10-20 01:10:21,SELL_SIGNAL,KRW-MIRA,476.00,0,0,hold,보유중 (-0.21%),0,0,0,0,0,0,0,-0.21,0,477.00,498.46,465.07
2025-10-20 01:10:25,SELL_SIGNAL,KRW-ENA,752.50,0,0,hold,보유중 (+0.07%),0,0,0,0,0,0,0,+0.07,0,752.00,785.84,733.20
2025-10-20 01:10:26,SELL_SIGNAL,KRW-ETH,6020500.00,0,0,hold,보유중 (+0.04%),0,0,0,0,0,0,0,+0.04,0,6018000.00,6288810.00,5867550.00
2025-10-20 01:10:26,SELL_SIGNAL,KRW-MIRA,476.50,0,0,hold,보유중 (-0.10%),0,0,0,0,0,0,0,-0.10,0,477.00,498.46,465.07
2025-10-20 01:10:30,SELL_SIGNAL,KRW-ENA,752.00,0,0,hold,보유중 (+0.00%),0,0,0,0,0,0,0,+0.00,0,752.00,785.84,733.20
2025-10-20 01:10:31,SELL_SIGNAL,KRW-ETH,6021500.00,0,0,hold,보유중 (+0.06%),0,0,0,0,0,0,0,+0.06,0,6018000.00,6288810.00,5867550.00
2025-10-20 01:10:31,SELL_SIGNAL,KRW-MIRA,476.50,0,0,hold,보유중 (-0.10%),0,0,0,0,0,0,0,-0.10,0,477.00,498.46,465.07
2025-10-20 01:10:35,SELL_SIGNAL,KRW-ETH,6021000.00,0,0,hold,보유중 (+0.05%),0,0,0,0,0,0,0,+0.05,0,6018000.00,6288810.00,5867550.00
2025-10-20 01:10:35,SELL_SIGNAL,KRW-ENA,751.00,0,0,hold,보유중 (-0.13%),0,0,0,0,0,0,0,-0.13,0,752.00,785.84,733.20
2025-10-20 01:10:36,SELL_SIGNAL,KRW-MIRA,476.50,0,0,hold,보유중 (-0.10%),0,0,0,0,0,0,0,-0.10,0,477.00,498.46,465.07
2025-10-20 01:10:40,SELL_SIGNAL,KRW-ENA,750.50,0,0,hold,보유중 (-0.20%),0,0,0,0,0,0,0,-0.20,0,752.00,785.84,733.20
2025-10-20 01:10:40,SELL_SIGNAL,KRW-ETH,6021000.00,0,0,hold,보유중 (+0.05%),0,0,0,0,0,0,0,+0.05,0,6018000.00,6288810.00,5867550.00
2025-10-20 01:10:41,SELL_SIGNAL,KRW-MIRA,476.50,0,0,hold,보유중 (-0.10%),0,0,0,0,0,0,0,-0.10,0,477.00,498.46,465.07
2025-10-20 01:10:42,SELL_SIGNAL,KRW-ENA,750.00,0,0,hold,보유중 (-0.27%),0,0,0,0,0,0,0,-0.27,0,752.00,785.84,733.20
2025-10-20 01:10:45,SELL_SIGNAL,KRW-ENA,750.50,0,0,hold,보유중 (-0.20%),0,0,0,0,0,0,0,-0.20,0,752.00,785.84,733.20
2025-10-20 01:10:46,SELL_SIGNAL,KRW-ETH,6020500.00,0,0,hold,보유중 (+0.04%),0,0,0,0,0,0,0,+0.04,0,6018000.00,6288810.00,5867550.00
2025-10-20 01:10:46,SELL_SIGNAL,KRW-MIRA,476.50,0,0,hold,보유중 (-0.10%),0,0,0,0,0,0,0,-0.10,0,477.00,498.46,465.07
2025-10-20 01:10:50,SELL_SIGNAL,KRW-ENA,751.00,0,0,hold,보유중 (-0.13%),0,0,0,0,0,0,0,-0.13,0,752.00,785.84,733.20
2025-10-20 01:10:51,SELL_SIGNAL,KRW-ETH,6020500.00,0,0,hold,보유중 (+0.04%),0,0,0,0,0,0,0,+0.04,0,6018000.00,6288810.00,5867550.00
2025-10-20 01:10:51,SELL_SIGNAL,KRW-MIRA,476.50,0,0,hold,보유중 (-0.10%),0,0,0,0,0,0,0,-0.10,0,477.00,498.46,465.07
2025-10-20 01:10:55,SELL_SIGNAL,KRW-ENA,751.00,0,0,hold,보유중 (-0.13%),0,0,0,0,0,0,0,-0.13,0,752.00,785.84,733.20
2025-10-20 01:10:56,SELL_SIGNAL,KRW-ETH,6020500.00,0,0,hold,보유중 (+0.04%),0,0,0,0,0,0,0,+0.04,0,6018000.00,6288810.00,5867550.00
2025-10-20 01:10:57,SELL_SIGNAL,KRW-MIRA,476.50,0,0,hold,보유중 (-0.10%),0,0,0,0,0,0,0,-0.10,0,477.00,498.46,465.07
2025-10-20 01:11:01,SELL_SIGNAL,KRW-ENA,750.50,0,0,hold,보유중 (-0.20%),0,0,0,0,0,0,0,-0.20,0,752.00,785.84,733.20
2025-10-20 01:11:01,SELL_SIGNAL,KRW-ENA,751.00,0,0,hold,보유중 (-0.13%),0,0,0,0,0,0,0,-0.13,0,752.00,785.84,733.20
2025-10-20 01:11:02,SELL_SIGNAL,KRW-ETH,6020500.00,0,0,hold,보유중 (+0.04%),0,0,0,0,0,0,0,+0.04,0,6018000.00,6288810.00,5867550.00
2025-10-20 01:11:02,SELL_SIGNAL,KRW-MIRA,476.50,0,0,hold,보유중 (-0.10%),0,0,0,0,0,0,0,-0.10,0,477.00,498.46,465.07
2025-10-20 01:11:03,SELL_SIGNAL,KRW-MIRA,476.00,0,0,hold,보유중 (-0.21%),0,0,0,0,0,0,0,-0.21,0,477.00,498.46,465.07
2025-10-20 01:11:06,SELL_SIGNAL,KRW-ENA,751.00,0,0,hold,보유중 (-0.13%),0,0,0,0,0,0,0,-0.13,0,752.00,785.84,733.20
2025-10-20 01:11:07,SELL_SIGNAL,KRW-ETH,6020500.00,0,0,hold,보유중 (+0.04%),0,0,0,0,0,0,0,+0.04,0,6018000.00,6288810.00,5867550.00
2025-10-20 01:11:11,SELL_SIGNAL,KRW-ENA,750.50,0,0,hold,보유중 (-0.20%),0,0,0,0,0,0,0,-0.20,0,752.00,785.84,733.20
2025-10-20 01:11:12,SELL_SIGNAL,KRW-ETH,6020500.00,0,0,hold,보유중 (+0.04%),0,0,0,0,0,0,0,+0.04,0,6018000.00,6288810.00,5867550.00
2025-10-20 01:11:12,SELL_SIGNAL,KRW-MIRA,475.50,0,0,hold,보유중 (-0.31%),0,0,0,0,0,0,0,-0.31,0,477.00,498.46,465.07
2025-10-20 01:11:16,SELL_SIGNAL,KRW-ENA,750.50,0,0,hold,보유중 (-0.20%),0,0,0,0,0,0,0,-0.20,0,752.00,785.84,733.20
2025-10-20 01:11:17,SELL_SIGNAL,KRW-ETH,6020500.00,0,0,hold,보유중 (+0.04%),0,0,0,0,0,0,0,+0.04,0,6018000.00,6288810.00,5867550.00
2025-10-20 01:11:17,SELL_SIGNAL,KRW-MIRA,475.50,0,0,hold,보유중 (-0.31%),0,0,0,0,0,0,0,-0.31,0,477.00,498.46,465.07
2025-10-20 01:11:21,SELL_SIGNAL,KRW-ENA,750.50,0,0,hold,보유중 (-0.20%),0,0,0,0,0,0,0,-0.20,0,752.00,785.84,733.20
2025-10-20 01:11:22,SELL_SIGNAL,KRW-ETH,6020500.00,0,0,hold,보유중 (+0.04%),0,0,0,0,0,0,0,+0.04,0,6018000.00,6288810.00,5867550.00
2025-10-20 01:11:22,SELL_SIGNAL,KRW-MIRA,476.00,0,0,hold,보유중 (-0.21%),0,0,0,0,0,0,0,-0.21,0,477.00,498.46,465.07
2025-10-20 01:11:25,SELL_SIGNAL,KRW-ETH,6019500.00,0,0,hold,보유중 (+0.02%),0,0,0,0,0,0,0,+0.02,0,6018000.00,6288810.00,5867550.00
2025-10-20 01:11:26,SELL_SIGNAL,KRW-ENA,750.50,0,0,hold,보유중 (-0.20%),0,0,0,0,0,0,0,-0.20,0,752.00,785.84,733.20
2025-10-20 01:11:27,SELL_SIGNAL,KRW-MIRA,476.00,0,0,hold,보유중 (-0.21%),0,0,0,0,0,0,0,-0.21,0,477.00,498.46,465.07
2025-10-20 01:11:31,SELL_SIGNAL,KRW-ENA,750.50,0,0,hold,보유중 (-0.20%),0,0,0,0,0,0,0,-0.20,0,752.00,785.84,733.20
2025-10-20 01:11:32,SELL_SIGNAL,KRW-ETH,6021500.00,0,0,hold,보유중 (+0.06%),0,0,0,0,0,0,0,+0.06,0,6018000.00,6288810.00,5867550.00
2025-10-20 01:11:32,SELL_SIGNAL,KRW-MIRA,476.00,0,0,hold,보유중 (-0.21%),0,0,0,0,0,0,0,-0.21,0,477.00,498.46,465.07
2025-10-20 01:11:35,SELL_SIGNAL,KRW-ETH,6022000.00,0,0,hold,보유중 (+0.07%),0,0,0,0,0,0,0,+0.07,0,6018000.00,6288810.00,5867550.00
2025-10-20 01:11:36,SELL_SIGNAL,KRW-ENA,750.50,0,0,hold,보유중 (-0.20%),0,0,0,0,0,0,0,-0.20,0,752.00,785.84,733.20
2025-10-20 01:11:38,SELL_SIGNAL,KRW-MIRA,476.00,0,0,hold,보유중 (-0.21%),0,0,0,0,0,0,0,-0.21,0,477.00,498.46,465.07
2025-10-20 01:11:41,SELL_SIGNAL,KRW-ETH,6022000.00,0,0,hold,보유중 (+0.07%),0,0,0,0,0,0,0,+0.07,0,6018000.00,6288810.00,5867550.00
2025-10-20 01:11:42,SELL_SIGNAL,KRW-ENA,751.00,0,0,hold,보유중 (-0.13%),0,0,0,0,0,0,0,-0.13,0,752.00,785.84,733.20
2025-10-20 01:11:43,SELL_SIGNAL,KRW-MIRA,476.00,0,0,hold,보유중 (-0.21%),0,0,0,0,0,0,0,-0.21,0,477.00,498.46,465.07
2025-10-20 01:11:47,SELL_SIGNAL,KRW-ENA,751.00,0,0,hold,보유중 (-0.13%),0,0,0,0,0,0,0,-0.13,0,752.00,785.84,733.20
2025-10-20 01:11:48,SELL_SIGNAL,KRW-ETH,6022500.00,0,0,hold,보유중 (+0.07%),0,0,0,0,0,0,0,+0.07,0,6018000.00,6288810.00,5867550.00
2025-10-20 01:11:48,SELL_SIGNAL,KRW-MIRA,476.00,0,0,hold,보유중 (-0.21%),0,0,0,0,0,0,0,-0.21,0,477.00,498.46,465.07
2025-10-20 01:11:50,SELL_SIGNAL,KRW-ETH,6023000.00,0,0,hold,보유중 (+0.08%),0,0,0,0,0,0,0,+0.08,0,6018000.00,6288810.00,5867550.00
2025-10-20 01:11:52,SELL_SIGNAL,KRW-ENA,750.50,0,0,hold,보유중 (-0.20%),0,0,0,0,0,0,0,-0.20,0,752.00,785.84,733.20
2025-10-20 01:11:53,SELL_SIGNAL,KRW-ETH,6022500.00,0,0,hold,보유중 (+0.07%),0,0,0,0,0,0,0,+0.07,0,6018000.00,6288810.00,5867550.00
2025-10-20 01:11:53,SELL_SIGNAL,KRW-MIRA,476.00,0,0,hold,보유중 (-0.21%),0,0,0,0,0,0,0,-0.21,0,477.00,498.46,465.07
2025-10-20 01:11:57,SELL_SIGNAL,KRW-ENA,750.00,0,0,hold,보유중 (-0.27%),0,0,0,0,0,0,0,-0.27,0,752.00,785.84,733.20
2025-10-20 01:11:58,SELL_SIGNAL,KRW-ETH,6022500.00,0,0,hold,보유중 (+0.07%),0,0,0,0,0,0,0,+0.07,0,6018000.00,6288810.00,5867550.00
2025-10-20 01:11:58,SELL_SIGNAL,KRW-MIRA,476.00,0,0,hold,보유중 (-0.21%),0,0,0,0,0,0,0,-0.21,0,477.00,498.46,465.07
2025-10-20 01:12:02,SELL_SIGNAL,KRW-ENA,750.00,0,0,hold,보유중 (-0.27%),0,0,0,0,0,0,0,-0.27,0,752.00,785.84,733.20
2025-10-20 01:12:03,SELL_SIGNAL,KRW-ETH,6022000.00,0,0,hold,보유중 (+0.07%),0,0,0,0,0,0,0,+0.07,0,6018000.00,6288810.00,5867550.00
2025-10-20 01:12:03,SELL_SIGNAL,KRW-MIRA,476.00,0,0,hold,보유중 (-0.21%),0,0,0,0,0,0,0,-0.21,0,477.00,498.46,465.07
2025-10-20 01:12:07,SELL_SIGNAL,KRW-ENA,749.50,0,0,hold,보유중 (-0.33%),0,0,0,0,0,0,0,-0.33,0,752.00,785.84,733.20
2025-10-20 01:12:08,SELL_SIGNAL,KRW-ETH,6022500.00,0,0,hold,보유중 (+0.07%),0,0,0,0,0,0,0,+0.07,0,6018000.00,6288810.00,5867550.00
2025-10-20 01:12:08,SELL_SIGNAL,KRW-MIRA,476.00,0,0,hold,보유중 (-0.21%),0,0,0,0,0,0,0,-0.21,0,477.00,498.46,465.07
2025-10-20 01:12:11,SELL_SIGNAL,KRW-ETH,6023000.00,0,0,hold,보유중 (+0.08%),0,0,0,0,0,0,0,+0.08,0,6018000.00,6288810.00,5867550.00
2025-10-20 01:12:12,SELL_SIGNAL,KRW-ETH,6022500.00,0,0,hold,보유중 (+0.07%),0,0,0,0,0,0,0,+0.07,0,6018000.00,6288810.00,5867550.00
2025-10-20 01:12:12,SELL_SIGNAL,KRW-ENA,749.50,0,0,hold,보유중 (-0.33%),0,0,0,0,0,0,0,-0.33,0,752.00,785.84,733.20
2025-10-20 01:12:13,SELL_SIGNAL,KRW-MIRA,476.00,0,0,hold,보유중 (-0.21%),0,0,0,0,0,0,0,-0.21,0,477.00,498.46,465.07
2025-10-20 01:12:17,SELL_SIGNAL,KRW-ETH,6022500.00,0,0,hold,보유중 (+0.07%),0,0,0,0,0,0,0,+0.07,0,6018000.00,6288810.00,5867550.00
2025-10-20 01:12:18,SELL_SIGNAL,KRW-ENA,749.50,0,0,hold,보유중 (-0.33%),0,0,0,0,0,0,0,-0.33,0,752.00,785.84,733.20
2025-10-20 01:12:19,SELL_SIGNAL,KRW-MIRA,476.00,0,0,hold,보유중 (-0.21%),0,0,0,0,0,0,0,-0.21,0,477.00,498.46,465.07
2025-10-20 01:12:23,SELL_SIGNAL,KRW-ENA,749.50,0,0,hold,보유중 (-0.33%),0,0,0,0,0,0,0,-0.33,0,752.00,785.84,733.20
2025-10-20 01:12:24,SELL_SIGNAL,KRW-ETH,6022000.00,0,0,hold,보유중 (+0.07%),0,0,0,0,0,0,0,+0.07,0,6018000.00,6288810.00,5867550.00
2025-10-20 01:12:24,SELL_SIGNAL,KRW-MIRA,476.00,0,0,hold,보유중 (-0.21%),0,0,0,0,0,0,0,-0.21,0,477.00,498.46,465.07
2025-10-20 01:12:28,SELL_SIGNAL,KRW-ENA,749.50,0,0,hold,보유중 (-0.33%),0,0,0,0,0,0,0,-0.33,0,752.00,785.84,733.20
2025-10-20 01:12:29,SELL_SIGNAL,KRW-ETH,6022000.00,0,0,hold,보유중 (+0.07%),0,0,0,0,0,0,0,+0.07,0,6018000.00,6288810.00,5867550.00
2025-10-20 01:12:29,SELL_SIGNAL,KRW-MIRA,476.00,0,0,hold,보유중 (-0.21%),0,0,0,0,0,0,0,-0.21,0,477.00,498.46,465.07
2025-10-20 01:12:33,SELL_SIGNAL,KRW-ENA,749.50,0,0,hold,보유중 (-0.33%),0,0,0,0,0,0,0,-0.33,0,752.00,785.84,733.20
2025-10-20 01:12:34,SELL_SIGNAL,KRW-ETH,6022000.00,0,0,hold,보유중 (+0.07%),0,0,0,0,0,0,0,+0.07,0,6018000.00,6288810.00,5867550.00
2025-10-20 01:12:34,SELL_SIGNAL,KRW-MIRA,476.00,0,0,hold,보유중 (-0.21%),0,0,0,0,0,0,0,-0.21,0,477.00,498.46,465.07
2025-10-20 01:12:36,SELL_SIGNAL,KRW-ENA,749.00,0,0,hold,보유중 (-0.40%),0,0,0,0,0,0,0,-0.40,0,752.00,785.84,733.20
2025-10-20 01:12:39,SELL_SIGNAL,KRW-ETH,6020500.00,0,0,hold,보유중 (+0.04%),0,0,0,0,0,0,0,+0.04,0,6018000.00,6288810.00,5867550.00
2025-10-20 01:12:39,SELL_SIGNAL,KRW-MIRA,476.00,0,0,hold,보유중 (-0.21%),0,0,0,0,0,0,0,-0.21,0,477.00,498.46,465.07
2025-10-20 01:12:42,SELL_SIGNAL,KRW-ENA,748.50,0,0,hold,보유중 (-0.47%),0,0,0,0,0,0,0,-0.47,0,752.00,785.84,733.20
2025-10-20 01:12:44,SELL_SIGNAL,KRW-ETH,6020500.00,0,0,hold,보유중 (+0.04%),0,0,0,0,0,0,0,+0.04,0,6018000.00,6288810.00,5867550.00
2025-10-20 01:12:44,SELL_SIGNAL,KRW-MIRA,476.50,0,0,hold,보유중 (-0.10%),0,0,0,0,0,0,0,-0.10,0,477.00,498.46,465.07
2025-10-20 01:12:46,SELL_SIGNAL,KRW-ETH,6019500.00,0,0,hold,보유중 (+0.02%),0,0,0,0,0,0,0,+0.02,0,6018000.00,6288810.00,5867550.00
2025-10-20 01:12:47,SELL_SIGNAL,KRW-ENA,749.50,0,0,hold,보유중 (-0.33%),0,0,0,0,0,0,0,-0.33,0,752.00,785.84,733.20
2025-10-20 01:12:47,SELL_SIGNAL,KRW-ETH,6020500.00,0,0,hold,보유중 (+0.04%),0,0,0,0,0,0,0,+0.04,0,6018000.00,6288810.00,5867550.00
2025-10-20 01:12:49,SELL_SIGNAL,KRW-ETH,6018500.00,0,0,hold,보유중 (+0.01%),0,0,0,0,0,0,0,+0.01,0,6018000.00,6288810.00,5867550.00
2025-10-20 01:12:49,SELL_SIGNAL,KRW-MIRA,476.50,0,0,hold,보유중 (-0.10%),0,0,0,0,0,0,0,-0.10,0,477.00,498.46,465.07
2025-10-20 01:12:53,SELL_SIGNAL,KRW-ENA,749.50,0,0,hold,보유중 (-0.33%),0,0,0,0,0,0,0,-0.33,0,752.00,785.84,733.20
2025-10-20 01:12:54,SELL_SIGNAL,KRW-ETH,6018500.00,0,0,hold,보유중 (+0.01%),0,0,0,0,0,0,0,+0.01,0,6018000.00,6288810.00,5867550.00
2025-10-20 01:12:54,SELL_SIGNAL,KRW-MIRA,477.50,0,0,hold,보유중 (+0.10%),0,0,0,0,0,0,0,+0.10,0,477.00,498.46,465.07
2025-10-20 01:12:58,SELL_SIGNAL,KRW-ENA,748.50,0,0,hold,보유중 (-0.47%),0,0,0,0,0,0,0,-0.47,0,752.00,785.84,733.20
2025-10-20 01:12:58,SELL_SIGNAL,KRW-ENA,749.00,0,0,hold,보유중 (-0.40%),0,0,0,0,0,0,0,-0.40,0,752.00,785.84,733.20
2025-10-20 01:12:58,SELL_SIGNAL,KRW-MIRA,477.00,0,0,hold,보유중 (+0.00%),0,0,0,0,0,0,0,+0.00,0,477.00,498.46,465.07
2025-10-20 01:12:59,SELL_SIGNAL,KRW-ETH,6018500.00,0,0,hold,보유중 (+0.01%),0,0,0,0,0,0,0,+0.01,0,6018000.00,6288810.00,5867550.00
2025-10-20 01:13:03,SELL_SIGNAL,KRW-ENA,749.50,0,0,hold,보유중 (-0.33%),0,0,0,0,0,0,0,-0.33,0,752.00,785.84,733.20
2025-10-20 01:13:04,SELL_SIGNAL,KRW-ETH,6018500.00,0,0,hold,보유중 (+0.01%),0,0,0,0,0,0,0,+0.01,0,6018000.00,6288810.00,5867550.00
2025-10-20 01:13:04,SELL_SIGNAL,KRW-MIRA,477.00,0,0,hold,보유중 (+0.00%),0,0,0,0,0,0,0,+0.00,0,477.00,498.46,465.07
2025-10-20 01:13:09,SELL_SIGNAL,KRW-ENA,749.50,0,0,hold,보유중 (-0.33%),0,0,0,0,0,0,0,-0.33,0,752.00,785.84,733.20
2025-10-20 01:13:10,SELL_SIGNAL,KRW-ETH,6018500.00,0,0,hold,보유중 (+0.01%),0,0,0,0,0,0,0,+0.01,0,6018000.00,6288810.00,5867550.00
2025-10-20 01:13:10,SELL_SIGNAL,KRW-MIRA,477.00,0,0,hold,보유중 (+0.00%),0,0,0,0,0,0,0,+0.00,0,477.00,498.46,465.07
2025-10-20 01:13:14,SELL_SIGNAL,KRW-ENA,749.50,0,0,hold,보유중 (-0.33%),0,0,0,0,0,0,0,-0.33,0,752.00,785.84,733.20
2025-10-20 01:13:15,SELL_SIGNAL,KRW-ETH,6018500.00,0,0,hold,보유중 (+0.01%),0,0,0,0,0,0,0,+0.01,0,6018000.00,6288810.00,5867550.00
2025-10-20 01:13:15,SELL_SIGNAL,KRW-MIRA,477.00,0,0,hold,보유중 (+0.00%),0,0,0,0,0,0,0,+0.00,0,477.00,498.46,465.07
2025-10-20 01:13:19,SELL_SIGNAL,KRW-ENA,750.50,0,0,hold,보유중 (-0.20%),0,0,0,0,0,0,0,-0.20,0,752.00,785.84,733.20
2025-10-20 01:13:20,SELL_SIGNAL,KRW-ETH,6018500.00,0,0,hold,보유중 (+0.01%),0,0,0,0,0,0,0,+0.01,0,6018000.00,6288810.00,5867550.00
2025-10-20 01:13:20,SELL_SIGNAL,KRW-MIRA,477.50,0,0,hold,보유중 (+0.10%),0,0,0,0,0,0,0,+0.10,0,477.00,498.46,465.07
2025-10-20 01:13:24,SELL_SIGNAL,KRW-ENA,750.00,0,0,hold,보유중 (-0.27%),0,0,0,0,0,0,0,-0.27,0,752.00,785.84,733.20
2025-10-20 01:13:25,SELL_SIGNAL,KRW-ETH,6018500.00,0,0,hold,보유중 (+0.01%),0,0,0,0,0,0,0,+0.01,0,6018000.00,6288810.00,5867550.00
2025-10-20 01:13:25,SELL_SIGNAL,KRW-MIRA,477.50,0,0,hold,보유중 (+0.10%),0,0,0,0,0,0,0,+0.10,0,477.00,498.46,465.07
2025-10-20 01:13:29,SELL_SIGNAL,KRW-ENA,750.00,0,0,hold,보유중 (-0.27%),0,0,0,0,0,0,0,-0.27,0,752.00,785.84,733.20
2025-10-20 01:13:30,SELL_SIGNAL,KRW-MIRA,477.00,0,0,hold,보유중 (+0.00%),0,0,0,0,0,0,0,+0.00,0,477.00,498.46,465.07
2025-10-20 01:13:30,SELL_SIGNAL,KRW-ETH,6018500.00,0,0,hold,보유중 (+0.01%),0,0,0,0,0,0,0,+0.01,0,6018000.00,6288810.00,5867550.00
2025-10-20 01:13:34,SELL_SIGNAL,KRW-ENA,750.00,0,0,hold,보유중 (-0.27%),0,0,0,0,0,0,0,-0.27,0,752.00,785.84,733.20
2025-10-20 01:13:35,SELL_SIGNAL,KRW-ETH,6018500.00,0,0,hold,보유중 (+0.01%),0,0,0,0,0,0,0,+0.01,0,6018000.00,6288810.00,5867550.00
2025-10-20 01:13:35,SELL_SIGNAL,KRW-MIRA,477.00,0,0,hold,보유중 (+0.00%),0,0,0,0,0,0,0,+0.00,0,477.00,498.46,465.07
2025-10-20 01:13:39,SELL_SIGNAL,KRW-ENA,750.00,0,0,hold,보유중 (-0.27%),0,0,0,0,0,0,0,-0.27,0,752.00,785.84,733.20
2025-10-20 01:13:40,SELL_SIGNAL,KRW-ETH,6018500.00,0,0,hold,보유중 (+0.01%),0,0,0,0,0,0,0,+0.01,0,6018000.00,6288810.00,5867550.00
2025-10-20 01:13:40,SELL_SIGNAL,KRW-MIRA,477.00,0,0,hold,보유중 (+0.00%),0,0,0,0,0,0,0,+0.00,0,477.00,498.46,465.07
2025-10-20 01:13:44,SELL_SIGNAL,KRW-ENA,750.00,0,0,hold,보유중 (-0.27%),0,0,0,0,0,0,0,-0.27,0,752.00,785.84,733.20
2025-10-20 01:13:45,SELL_SIGNAL,KRW-ETH,6018000.00,0,0,hold,보유중 (+0.00%),0,0,0,0,0,0,0,+0.00,0,6018000.00,6288810.00,5867550.00
2025-10-20 01:13:45,SELL_SIGNAL,KRW-MIRA,477.00,0,0,hold,보유중 (+0.00%),0,0,0,0,0,0,0,+0.00,0,477.00,498.46,465.07
2025-10-20 01:13:50,SELL_SIGNAL,KRW-ENA,750.00,0,0,hold,보유중 (-0.27%),0,0,0,0,0,0,0,-0.27,0,752.00,785.84,733.20
2025-10-20 01:13:51,SELL_SIGNAL,KRW-ETH,6018500.00,0,0,hold,보유중 (+0.01%),0,0,0,0,0,0,0,+0.01,0,6018000.00,6288810.00,5867550.00
2025-10-20 01:13:51,SELL_SIGNAL,KRW-MIRA,477.00,0,0,hold,보유중 (+0.00%),0,0,0,0,0,0,0,+0.00,0,477.00,498.46,465.07
2025-10-20 01:13:56,SELL_SIGNAL,KRW-ETH,6018500.00,0,0,hold,보유중 (+0.01%),0,0,0,0,0,0,0,+0.01,0,6018000.00,6288810.00,5867550.00
2025-10-20 01:13:56,SELL_SIGNAL,KRW-MIRA,477.00,0,0,hold,보유중 (+0.00%),0,0,0,0,0,0,0,+0.00,0,477.00,498.46,465.07
2025-10-20 01:13:56,SELL_SIGNAL,KRW-ENA,750.00,0,0,hold,보유중 (-0.27%),0,0,0,0,0,0,0,-0.27,0,752.00,785.84,733.20
2025-10-20 01:14:01,SELL_SIGNAL,KRW-ETH,6018500.00,0,0,hold,보유중 (+0.01%),0,0,0,0,0,0,0,+0.01,0,6018000.00,6288810.00,5867550.00
2025-10-20 01:14:01,SELL_SIGNAL,KRW-MIRA,477.00,0,0,hold,보유중 (+0.00%),0,0,0,0,0,0,0,+0.00,0,477.00,498.46,465.07
2025-10-20 01:14:01,SELL_SIGNAL,KRW-ENA,750.00,0,0,hold,보유중 (-0.27%),0,0,0,0,0,0,0,-0.27,0,752.00,785.84,733.20
2025-10-20 01:14:03,SELL_SIGNAL,KRW-ENA,749.50,0,0,hold,보유중 (-0.33%),0,0,0,0,0,0,0,-0.33,0,752.00,785.84,733.20
2025-10-20 01:14:05,SELL_SIGNAL,KRW-ENA,750.00,0,0,hold,보유중 (-0.27%),0,0,0,0,0,0,0,-0.27,0,752.00,785.84,733.20
2025-10-20 01:14:06,SELL_SIGNAL,KRW-ETH,6018500.00,0,0,hold,보유중 (+0.01%),0,0,0,0,0,0,0,+0.01,0,6018000.00,6288810.00,5867550.00
2025-10-20 01:14:06,SELL_SIGNAL,KRW-MIRA,477.00,0,0,hold,보유중 (+0.00%),0,0,0,0,0,0,0,+0.00,0,477.00,498.46,465.07
2025-10-20 01:14:11,SELL_SIGNAL,KRW-ENA,750.00,0,0,hold,보유중 (-0.27%),0,0,0,0,0,0,0,-0.27,0,752.00,785.84,733.20
2025-10-20 01:14:11,SELL_SIGNAL,KRW-ETH,6018500.00,0,0,hold,보유중 (+0.01%),0,0,0,0,0,0,0,+0.01,0,6018000.00,6288810.00,5867550.00
2025-10-20 01:14:11,SELL_SIGNAL,KRW-MIRA,477.00,0,0,hold,보유중 (+0.00%),0,0,0,0,0,0,0,+0.00,0,477.00,498.46,465.07
2025-10-20 01:14:16,SELL_SIGNAL,KRW-ETH,6018500.00,0,0,hold,보유중 (+0.01%),0,0,0,0,0,0,0,+0.01,0,6018000.00,6288810.00,5867550.00
2025-10-20 01:14:16,SELL_SIGNAL,KRW-MIRA,477.00,0,0,hold,보유중 (+0.00%),0,0,0,0,0,0,0,+0.00,0,477.00,498.46,465.07
2025-10-20 01:14:16,SELL_SIGNAL,KRW-ENA,750.00,0,0,hold,보유중 (-0.27%),0,0,0,0,0,0,0,-0.27,0,752.00,785.84,733.20
2025-10-20 01:14:18,SELL_SIGNAL,KRW-ETH,6017500.00,0,0,hold,보유중 (-0.01%),0,0,0,0,0,0,0,-0.01,0,6018000.00,6288810.00,5867550.00
2025-10-20 01:14:21,SELL_SIGNAL,KRW-ETH,6018000.00,0,0,hold,보유중 (+0.00%),0,0,0,0,0,0,0,+0.00,0,6018000.00,6288810.00,5867550.00
2025-10-20 01:14:21,SELL_SIGNAL,KRW-MIRA,477.00,0,0,hold,보유중 (+0.00%),0,0,0,0,0,0,0,+0.00,0,477.00,498.46,465.07
2025-10-20 01:14:21,SELL_SIGNAL,KRW-ENA,749.50,0,0,hold,보유중 (-0.33%),0,0,0,0,0,0,0,-0.33,0,752.00,785.84,733.20
2025-10-20 01:14:25,SELL_SIGNAL,KRW-ENA,748.50,0,0,hold,보유중 (-0.47%),0,0,0,0,0,0,0,-0.47,0,752.00,785.84,733.20
2025-10-20 01:14:27,SELL_SIGNAL,KRW-ETH,6018000.00,0,0,hold,보유중 (+0.00%),0,0,0,0,0,0,0,+0.00,0,6018000.00,6288810.00,5867550.00
2025-10-20 01:14:27,SELL_SIGNAL,KRW-MIRA,477.00,0,0,hold,보유중 (+0.00%),0,0,0,0,0,0,0,+0.00,0,477.00,498.46,465.07
2025-10-20 01:14:27,SELL_SIGNAL,KRW-ENA,749.50,0,0,hold,보유중 (-0.33%),0,0,0,0,0,0,0,-0.33,0,752.00,785.84,733.20
2025-10-20 01:14:32,SELL_SIGNAL,KRW-ETH,6018000.00,0,0,hold,보유중 (+0.00%),0,0,0,0,0,0,0,+0.00,0,6018000.00,6288810.00,5867550.00
2025-10-20 01:14:32,SELL_SIGNAL,KRW-MIRA,477.00,0,0,hold,보유중 (+0.00%),0,0,0,0,0,0,0,+0.00,0,477.00,498.46,465.07
2025-10-20 01:14:32,SELL_SIGNAL,KRW-ENA,749.50,0,0,hold,보유중 (-0.33%),0,0,0,0,0,0,0,-0.33,0,752.00,785.84,733.20
2025-10-20 01:14:37,SELL_SIGNAL,KRW-ETH,6018000.00,0,0,hold,보유중 (+0.00%),0,0,0,0,0,0,0,+0.00,0,6018000.00,6288810.00,5867550.00
2025-10-20 01:14:37,SELL_SIGNAL,KRW-MIRA,477.00,0,0,hold,보유중 (+0.00%),0,0,0,0,0,0,0,+0.00,0,477.00,498.46,465.07
2025-10-20 01:14:37,SELL_SIGNAL,KRW-ENA,749.00,0,0,hold,보유중 (-0.40%),0,0,0,0,0,0,0,-0.40,0,752.00,785.84,733.20
2025-10-20 01:14:42,SELL_SIGNAL,KRW-ETH,6019500.00,0,0,hold,보유중 (+0.02%),0,0,0,0,0,0,0,+0.02,0,6018000.00,6288810.00,5867550.00
2025-10-20 01:14:42,SELL_SIGNAL,KRW-MIRA,477.00,0,0,hold,보유중 (+0.00%),0,0,0,0,0,0,0,+0.00,0,477.00,498.46,465.07
2025-10-20 01:14:42,SELL_SIGNAL,KRW-ENA,749.00,0,0,hold,보유중 (-0.40%),0,0,0,0,0,0,0,-0.40,0,752.00,785.84,733.20
2025-10-20 01:14:44,SELL_SIGNAL,KRW-MIRA,476.50,0,0,hold,보유중 (-0.10%),0,0,0,0,0,0,0,-0.10,0,477.00,498.46,465.07
2025-10-20 01:14:47,SELL_SIGNAL,KRW-ETH,6019500.00,0,0,hold,보유중 (+0.02%),0,0,0,0,0,0,0,+0.02,0,6018000.00,6288810.00,5867550.00
2025-10-20 01:14:47,SELL_SIGNAL,KRW-ENA,749.00,0,0,hold,보유중 (-0.40%),0,0,0,0,0,0,0,-0.40,0,752.00,785.84,733.20
2025-10-20 01:14:52,SELL_SIGNAL,KRW-ETH,6019500.00,0,0,hold,보유중 (+0.02%),0,0,0,0,0,0,0,+0.02,0,6018000.00,6288810.00,5867550.00
2025-10-20 01:14:52,SELL_SIGNAL,KRW-MIRA,476.50,0,0,hold,보유중 (-0.10%),0,0,0,0,0,0,0,-0.10,0,477.00,498.46,465.07
2025-10-20 01:14:52,SELL_SIGNAL,KRW-ENA,749.00,0,0,hold,보유중 (-0.40%),0,0,0,0,0,0,0,-0.40,0,752.00,785.84,733.20
2025-10-20 01:14:55,SELL_SIGNAL,KRW-ENA,749.50,0,0,hold,보유중 (-0.33%),0,0,0,0,0,0,0,-0.33,0,752.00,785.84,733.20
2025-10-20 01:14:57,SELL_SIGNAL,KRW-ETH,6019500.00,0,0,hold,보유중 (+0.02%),0,0,0,0,0,0,0,+0.02,0,6018000.00,6288810.00,5867550.00
2025-10-20 01:14:57,SELL_SIGNAL,KRW-MIRA,477.00,0,0,hold,보유중 (+0.00%),0,0,0,0,0,0,0,+0.00,0,477.00,498.46,465.07
2025-10-20 01:15:02,SELL_SIGNAL,KRW-ENA,749.50,0,0,hold,보유중 (-0.33%),0,0,0,0,0,0,0,-0.33,0,752.00,785.84,733.20
2025-10-20 01:15:02,SELL_SIGNAL,KRW-ETH,6018500.00,0,0,hold,보유중 (+0.01%),0,0,0,0,0,0,0,+0.01,0,6018000.00,6288810.00,5867550.00
2025-10-20 01:15:03,SELL_SIGNAL,KRW-MIRA,477.00,0,0,hold,보유중 (+0.00%),0,0,0,0,0,0,0,+0.00,0,477.00,498.46,465.07
2025-10-20 01:15:07,SELL_SIGNAL,KRW-ENA,749.50,0,0,hold,보유중 (-0.33%),0,0,0,0,0,0,0,-0.33,0,752.00,785.84,733.20
2025-10-20 01:15:08,SELL_SIGNAL,KRW-ETH,6018500.00,0,0,hold,보유중 (+0.01%),0,0,0,0,0,0,0,+0.01,0,6018000.00,6288810.00,5867550.00
2025-10-20 01:15:08,SELL_SIGNAL,KRW-MIRA,477.00,0,0,hold,보유중 (+0.00%),0,0,0,0,0,0,0,+0.00,0,477.00,498.46,465.07
2025-10-20 01:15:11,SELL_SIGNAL,KRW-ETH,6017500.00,0,0,hold,보유중 (-0.01%),0,0,0,0,0,0,0,-0.01,0,6018000.00,6288810.00,5867550.00
2025-10-20 01:15:13,SELL_SIGNAL,KRW-MIRA,477.00,0,0,hold,보유중 (+0.00%),0,0,0,0,0,0,0,+0.00,0,477.00,498.46,465.07
2025-10-20 01:15:13,SELL_SIGNAL,KRW-ENA,749.50,0,0,hold,보유중 (-0.33%),0,0,0,0,0,0,0,-0.33,0,752.00,785.84,733.20
2025-10-20 01:15:17,SELL_SIGNAL,KRW-ETH,6017500.00,0,0,hold,보유중 (-0.01%),0,0,0,0,0,0,0,-0.01,0,6018000.00,6288810.00,5867550.00
2025-10-20 01:15:18,SELL_SIGNAL,KRW-MIRA,477.00,0,0,hold,보유중 (+0.00%),0,0,0,0,0,0,0,+0.00,0,477.00,498.46,465.07
2025-10-20 01:15:18,SELL_SIGNAL,KRW-ENA,749.50,0,0,hold,보유중 (-0.33%),0,0,0,0,0,0,0,-0.33,0,752.00,785.84,733.20
2025-10-20 01:15:23,SELL_SIGNAL,KRW-ETH,6018500.00,0,0,hold,보유중 (+0.01%),0,0,0,0,0,0,0,+0.01,0,6018000.00,6288810.00,5867550.00
2025-10-20 01:15:23,SELL_SIGNAL,KRW-MIRA,477.00,0,0,hold,보유중 (+0.00%),0,0,0,0,0,0,0,+0.00,0,477.00,498.46,465.07
2025-10-20 01:15:23,SELL_SIGNAL,KRW-ENA,749.50,0,0,hold,보유중 (-0.33%),0,0,0,0,0,0,0,-0.33,0,752.00,785.84,733.20
2025-10-20 01:15:28,SELL_SIGNAL,KRW-ETH,6018500.00,0,0,hold,보유중 (+0.01%),0,0,0,0,0,0,0,+0.01,0,6018000.00,6288810.00,5867550.00
2025-10-20 01:15:28,SELL_SIGNAL,KRW-MIRA,477.00,0,0,hold,보유중 (+0.00%),0,0,0,0,0,0,0,+0.00,0,477.00,498.46,465.07
2025-10-20 01:15:28,SELL_SIGNAL,KRW-ENA,749.50,0,0,hold,보유중 (-0.33%),0,0,0,0,0,0,0,-0.33,0,752.00,785.84,733.20
2025-10-20 01:15:29,SELL_SIGNAL,KRW-ENA,748.50,0,0,hold,보유중 (-0.47%),0,0,0,0,0,0,0,-0.47,0,752.00,785.84,733.20
2025-10-20 01:15:32,SELL_SIGNAL,KRW-ETH,6017500.00,0,0,hold,보유중 (-0.01%),0,0,0,0,0,0,0,-0.01,0,6018000.00,6288810.00,5867550.00
2025-10-20 01:15:33,SELL_SIGNAL,KRW-ETH,6018500.00,0,0,hold,보유중 (+0.01%),0,0,0,0,0,0,0,+0.01,0,6018000.00,6288810.00,5867550.00
2025-10-20 01:15:33,SELL_SIGNAL,KRW-MIRA,477.00,0,0,hold,보유중 (+0.00%),0,0,0,0,0,0,0,+0.00,0,477.00,498.46,465.07
2025-10-20 01:15:33,SELL_SIGNAL,KRW-ENA,749.00,0,0,hold,보유중 (-0.40%),0,0,0,0,0,0,0,-0.40,0,752.00,785.84,733.20
2025-10-20 01:15:38,SELL_SIGNAL,KRW-ETH,6018500.00,0,0,hold,보유중 (+0.01%),0,0,0,0,0,0,0,+0.01,0,6018000.00,6288810.00,5867550.00
2025-10-20 01:15:38,SELL_SIGNAL,KRW-MIRA,477.00,0,0,hold,보유중 (+0.00%),0,0,0,0,0,0,0,+0.00,0,477.00,498.46,465.07
2025-10-20 01:15:38,SELL_SIGNAL,KRW-ENA,749.00,0,0,hold,보유중 (-0.40%),0,0,0,0,0,0,0,-0.40,0,752.00,785.84,733.20
2025-10-20 01:15:43,SELL_SIGNAL,KRW-ETH,6017500.00,0,0,hold,보유중 (-0.01%),0,0,0,0,0,0,0,-0.01,0,6018000.00,6288810.00,5867550.00
2025-10-20 01:15:43,SELL_SIGNAL,KRW-MIRA,477.00,0,0,hold,보유중 (+0.00%),0,0,0,0,0,0,0,+0.00,0,477.00,498.46,465.07
2025-10-20 01:15:44,SELL_SIGNAL,KRW-ENA,749.00,0,0,hold,보유중 (-0.40%),0,0,0,0,0,0,0,-0.40,0,752.00,785.84,733.20
2025-10-20 01:15:45,SELL_SIGNAL,KRW-ETH,6018500.00,0,0,hold,보유중 (+0.01%),0,0,0,0,0,0,0,+0.01,0,6018000.00,6288810.00,5867550.00
2025-10-20 01:15:49,SELL_SIGNAL,KRW-MIRA,477.00,0,0,hold,보유중 (+0.00%),0,0,0,0,0,0,0,+0.00,0,477.00,498.46,465.07
2025-10-20 01:15:49,SELL_SIGNAL,KRW-ENA,749.00,0,0,hold,보유중 (-0.40%),0,0,0,0,0,0,0,-0.40,0,752.00,785.84,733.20
2025-10-20 01:15:52,SELL_SIGNAL,KRW-ETH,6018500.00,0,0,hold,보유중 (+0.01%),0,0,0,0,0,0,0,+0.01,0,6018000.00,6288810.00,5867550.00
2025-10-20 01:15:54,SELL_SIGNAL,KRW-MIRA,477.00,0,0,hold,보유중 (+0.00%),0,0,0,0,0,0,0,+0.00,0,477.00,498.46,465.07
2025-10-20 01:15:54,SELL_SIGNAL,KRW-ENA,749.00,0,0,hold,보유중 (-0.40%),0,0,0,0,0,0,0,-0.40,0,752.00,785.84,733.20
2025-10-20 01:15:59,SELL_SIGNAL,KRW-ETH,6018500.00,0,0,hold,보유중 (+0.01%),0,0,0,0,0,0,0,+0.01,0,6018000.00,6288810.00,5867550.00
2025-10-20 01:15:59,SELL_SIGNAL,KRW-MIRA,477.00,0,0,hold,보유중 (+0.00%),0,0,0,0,0,0,0,+0.00,0,477.00,498.46,465.07
2025-10-20 01:15:59,SELL_SIGNAL,KRW-ENA,749.00,0,0,hold,보유중 (-0.40%),0,0,0,0,0,0,0,-0.40,0,752.00,785.84,733.20
2025-10-20 01:16:04,SELL_SIGNAL,KRW-ETH,6018500.00,0,0,hold,보유중 (+0.01%),0,0,0,0,0,0,0,+0.01,0,6018000.00,6288810.00,5867550.00
2025-10-20 01:16:04,SELL_SIGNAL,KRW-MIRA,477.00,0,0,hold,보유중 (+0.00%),0,0,0,0,0,0,0,+0.00,0,477.00,498.46,465.07
2025-10-20 01:16:04,SELL_SIGNAL,KRW-ENA,749.00,0,0,hold,보유중 (-0.40%),0,0,0,0,0,0,0,-0.40,0,752.00,785.84,733.20
2025-10-20 01:16:09,SELL_SIGNAL,KRW-ETH,6018500.00,0,0,hold,보유중 (+0.01%),0,0,0,0,0,0,0,+0.01,0,6018000.00,6288810.00,5867550.00
2025-10-20 01:16:09,SELL_SIGNAL,KRW-MIRA,477.00,0,0,hold,보유중 (+0.00%),0,0,0,0,0,0,0,+0.00,0,477.00,498.46,465.07
2025-10-20 01:16:09,SELL_SIGNAL,KRW-ENA,749.00,0,0,hold,보유중 (-0.40%),0,0,0,0,0,0,0,-0.40,0,752.00,785.84,733.20
2025-10-20 01:16:14,SELL_SIGNAL,KRW-ETH,6018500.00,0,0,hold,보유중 (+0.01%),0,0,0,0,0,0,0,+0.01,0,6018000.00,6288810.00,5867550.00
2025-10-20 01:16:14,SELL_SIGNAL,KRW-MIRA,477.00,0,0,hold,보유중 (+0.00%),0,0,0,0,0,0,0,+0.00,0,477.00,498.46,465.07
2025-10-20 01:16:14,SELL_SIGNAL,KRW-ENA,749.00,0,0,hold,보유중 (-0.40%),0,0,0,0,0,0,0,-0.40,0,752.00,785.84,733.20
2025-10-20 01:16:19,SELL_SIGNAL,KRW-ETH,6018500.00,0,0,hold,보유중 (+0.01%),0,0,0,0,0,0,0,+0.01,0,6018000.00,6288810.00,5867550.00
2025-10-20 01:16:19,SELL_SIGNAL,KRW-MIRA,477.00,0,0,hold,보유중 (+0.00%),0,0,0,0,0,0,0,+0.00,0,477.00,498.46,465.07
2025-10-20 01:16:19,SELL_SIGNAL,KRW-ENA,749.00,0,0,hold,보유중 (-0.40%),0,0,0,0,0,0,0,-0.40,0,752.00,785.84,733.20
2025-10-20 01:16:25,SELL_SIGNAL,KRW-ETH,6018500.00,0,0,hold,보유중 (+0.01%),0,0,0,0,0,0,0,+0.01,0,6018000.00,6288810.00,5867550.00
2025-10-20 01:16:25,SELL_SIGNAL,KRW-MIRA,477.00,0,0,hold,보유중 (+0.00%),0,0,0,0,0,0,0,+0.00,0,477.00,498.46,465.07
2025-10-20 01:16:25,SELL_SIGNAL,KRW-ENA,749.00,0,0,hold,보유중 (-0.40%),0,0,0,0,0,0,0,-0.40,0,752.00,785.84,733.20
2025-10-20 01:16:30,SELL_SIGNAL,KRW-ETH,6018500.00,0,0,hold,보유중 (+0.01%),0,0,0,0,0,0,0,+0.01,0,6018000.00,6288810.00,5867550.00
2025-10-20 01:16:30,SELL_SIGNAL,KRW-MIRA,477.00,0,0,hold,보유중 (+0.00%),0,0,0,0,0,0,0,+0.00,0,477.00,498.46,465.07
2025-10-20 01:16:30,SELL_SIGNAL,KRW-ENA,749.00,0,0,hold,보유중 (-0.40%),0,0,0,0,0,0,0,-0.40,0,752.00,785.84,733.20
2025-10-20 01:16:35,SELL_SIGNAL,KRW-ETH,6018500.00,0,0,hold,보유중 (+0.01%),0,0,0,0,0,0,0,+0.01,0,6018000.00,6288810.00,5867550.00
2025-10-20 01:16:35,SELL_SIGNAL,KRW-MIRA,477.00,0,0,hold,보유중 (+0.00%),0,0,0,0,0,0,0,+0.00,0,477.00,498.46,465.07
2025-10-20 01:16:35,SELL_SIGNAL,KRW-ENA,749.00,0,0,hold,보유중 (-0.40%),0,0,0,0,0,0,0,-0.40,0,752.00,785.84,733.20
2025-10-20 01:16:37,SELL_SIGNAL,KRW-MIRA,476.50,0,0,hold,보유중 (-0.10%),0,0,0,0,0,0,0,-0.10,0,477.00,498.46,465.07
2025-10-20 01:16:38,SELL_SIGNAL,KRW-ENA,749.50,0,0,hold,보유중 (-0.33%),0,0,0,0,0,0,0,-0.33,0,752.00,785.84,733.20
2025-10-20 01:16:40,SELL_SIGNAL,KRW-ETH,6018500.00,0,0,hold,보유중 (+0.01%),0,0,0,0,0,0,0,+0.01,0,6018000.00,6288810.00,5867550.00
2025-10-20 01:16:40,SELL_SIGNAL,KRW-MIRA,477.00,0,0,hold,보유중 (+0.00%),0,0,0,0,0,0,0,+0.00,0,477.00,498.46,465.07
2025-10-20 01:16:45,SELL_SIGNAL,KRW-ETH,6018500.00,0,0,hold,보유중 (+0.01%),0,0,0,0,0,0,0,+0.01,0,6018000.00,6288810.00,5867550.00
2025-10-20 01:16:45,SELL_SIGNAL,KRW-MIRA,477.00,0,0,hold,보유중 (+0.00%),0,0,0,0,0,0,0,+0.00,0,477.00,498.46,465.07
2025-10-20 01:16:45,SELL_SIGNAL,KRW-ENA,749.50,0,0,hold,보유중 (-0.33%),0,0,0,0,0,0,0,-0.33,0,752.00,785.84,733.20
2025-10-20 01:16:49,SELL_SIGNAL,KRW-MIRA,477.50,0,0,hold,보유중 (+0.10%),0,0,0,0,0,0,0,+0.10,0,477.00,498.46,465.07
2025-10-20 01:16:50,SELL_SIGNAL,KRW-ETH,6018500.00,0,0,hold,보유중 (+0.01%),0,0,0,0,0,0,0,+0.01,0,6018000.00,6288810.00,5867550.00
2025-10-20 01:16:50,SELL_SIGNAL,KRW-MIRA,476.50,0,0,hold,보유중 (-0.10%),0,0,0,0,0,0,0,-0.10,0,477.00,498.46,465.07
2025-10-20 01:16:50,SELL_SIGNAL,KRW-ENA,749.50,0,0,hold,보유중 (-0.33%),0,0,0,0,0,0,0,-0.33,0,752.00,785.84,733.20
2025-10-20 01:16:55,SELL_SIGNAL,KRW-ETH,6018500.00,0,0,hold,보유중 (+0.01%),0,0,0,0,0,0,0,+0.01,0,6018000.00,6288810.00,5867550.00
2025-10-20 01:16:56,SELL_SIGNAL,KRW-ENA,748.50,0,0,hold,보유중 (-0.47%),0,0,0,0,0,0,0,-0.47,0,752.00,785.84,733.20
2025-10-20 01:16:56,SELL_SIGNAL,KRW-MIRA,476.50,0,0,hold,보유중 (-0.10%),0,0,0,0,0,0,0,-0.10,0,477.00,498.46,465.07
2025-10-20 01:17:00,SELL_SIGNAL,KRW-ENA,749.00,0,0,hold,보유중 (-0.40%),0,0,0,0,0,0,0,-0.40,0,752.00,785.84,733.20
2025-10-20 01:17:01,SELL_SIGNAL,KRW-ETH,6018500.00,0,0,hold,보유중 (+0.01%),0,0,0,0,0,0,0,+0.01,0,6018000.00,6288810.00,5867550.00
2025-10-20 01:17:01,SELL_SIGNAL,KRW-MIRA,476.50,0,0,hold,보유중 (-0.10%),0,0,0,0,0,0,0,-0.10,0,477.00,498.46,465.07
2025-10-20 01:17:06,SELL_SIGNAL,KRW-ETH,6018500.00,0,0,hold,보유중 (+0.01%),0,0,0,0,0,0,0,+0.01,0,6018000.00,6288810.00,5867550.00
2025-10-20 01:17:06,SELL_SIGNAL,KRW-MIRA,476.50,0,0,hold,보유중 (-0.10%),0,0,0,0,0,0,0,-0.10,0,477.00,498.46,465.07
2025-10-20 01:17:06,SELL_SIGNAL,KRW-ENA,749.50,0,0,hold,보유중 (-0.33%),0,0,0,0,0,0,0,-0.33,0,752.00,785.84,733.20
2025-10-20 01:17:11,SELL_SIGNAL,KRW-ETH,6018500.00,0,0,hold,보유중 (+0.01%),0,0,0,0,0,0,0,+0.01,0,6018000.00,6288810.00,5867550.00
2025-10-20 01:17:11,SELL_SIGNAL,KRW-MIRA,476.50,0,0,hold,보유중 (-0.10%),0,0,0,0,0,0,0,-0.10,0,477.00,498.46,465.07
2025-10-20 01:17:11,SELL_SIGNAL,KRW-ENA,749.50,0,0,hold,보유중 (-0.33%),0,0,0,0,0,0,0,-0.33,0,752.00,785.84,733.20
2025-10-20 01:17:14,SELL_SIGNAL,KRW-ENA,749.00,0,0,hold,보유중 (-0.40%),0,0,0,0,0,0,0,-0.40,0,752.00,785.84,733.20
2025-10-20 01:17:16,SELL_SIGNAL,KRW-ETH,6018500.00,0,0,hold,보유중 (+0.01%),0,0,0,0,0,0,0,+0.01,0,6018000.00,6288810.00,5867550.00
2025-10-20 01:17:16,SELL_SIGNAL,KRW-MIRA,476.50,0,0,hold,보유중 (-0.10%),0,0,0,0,0,0,0,-0.10,0,477.00,498.46,465.07
2025-10-20 01:17:21,SELL_SIGNAL,KRW-ENA,749.00,0,0,hold,보유중 (-0.40%),0,0,0,0,0,0,0,-0.40,0,752.00,785.84,733.20
2025-10-20 01:17:21,SELL_SIGNAL,KRW-ETH,6018500.00,0,0,hold,보유중 (+0.01%),0,0,0,0,0,0,0,+0.01,0,6018000.00,6288810.00,5867550.00
2025-10-20 01:17:21,SELL_SIGNAL,KRW-MIRA,476.50,0,0,hold,보유중 (-0.10%),0,0,0,0,0,0,0,-0.10,0,477.00,498.46,465.07
2025-10-20 01:17:26,SELL_SIGNAL,KRW-ETH,6018500.00,0,0,hold,보유중 (+0.01%),0,0,0,0,0,0,0,+0.01,0,6018000.00,6288810.00,5867550.00
2025-10-20 01:17:26,SELL_SIGNAL,KRW-ENA,749.00,0,0,hold,보유중 (-0.40%),0,0,0,0,0,0,0,-0.40,0,752.00,785.84,733.20
2025-10-20 01:17:26,SELL_SIGNAL,KRW-MIRA,476.50,0,0,hold,보유중 (-0.10%),0,0,0,0,0,0,0,-0.10,0,477.00,498.46,465.07
2025-10-20 01:17:27,SELL_SIGNAL,KRW-ETH,6019500.00,0,0,hold,보유중 (+0.02%),0,0,0,0,0,0,0,+0.02,0,6018000.00,6288810.00,5867550.00
2025-10-20 01:17:27,SELL_SIGNAL,KRW-ENA,749.50,0,0,hold,보유중 (-0.33%),0,0,0,0,0,0,0,-0.33,0,752.00,785.84,733.20
2025-10-20 01:17:30,SELL_SIGNAL,KRW-ENA,749.00,0,0,hold,보유중 (-0.40%),0,0,0,0,0,0,0,-0.40,0,752.00,785.84,733.20
2025-10-20 01:17:31,SELL_SIGNAL,KRW-MIRA,476.50,0,0,hold,보유중 (-0.10%),0,0,0,0,0,0,0,-0.10,0,477.00,498.46,465.07
2025-10-20 01:17:34,SELL_SIGNAL,KRW-ETH,6019000.00,0,0,hold,보유중 (+0.02%),0,0,0,0,0,0,0,+0.02,0,6018000.00,6288810.00,5867550.00
2025-10-20 01:17:36,SELL_SIGNAL,KRW-ETH,6018500.00,0,0,hold,보유중 (+0.01%),0,0,0,0,0,0,0,+0.01,0,6018000.00,6288810.00,5867550.00
2025-10-20 01:17:36,SELL_SIGNAL,KRW-MIRA,476.50,0,0,hold,보유중 (-0.10%),0,0,0,0,0,0,0,-0.10,0,477.00,498.46,465.07
2025-10-20 01:17:36,SELL_SIGNAL,KRW-ENA,749.00,0,0,hold,보유중 (-0.40%),0,0,0,0,0,0,0,-0.40,0,752.00,785.84,733.20
2025-10-20 01:17:42,SELL_SIGNAL,KRW-ETH,6018500.00,0,0,hold,보유중 (+0.01%),0,0,0,0,0,0,0,+0.01,0,6018000.00,6288810.00,5867550.00
2025-10-20 01:17:42,SELL_SIGNAL,KRW-MIRA,476.50,0,0,hold,보유중 (-0.10%),0,0,0,0,0,0,0,-0.10,0,477.00,498.46,465.07
2025-10-20 01:17:42,SELL_SIGNAL,KRW-ENA,749.00,0,0,hold,보유중 (-0.40%),0,0,0,0,0,0,0,-0.40,0,752.00,785.84,733.20
2025-10-20 01:17:44,SELL_SIGNAL,KRW-ETH,6019000.00,0,0,hold,보유중 (+0.02%),0,0,0,0,0,0,0,+0.02,0,6018000.00,6288810.00,5867550.00
2025-10-20 01:17:47,SELL_SIGNAL,KRW-ETH,6018500.00,0,0,hold,보유중 (+0.01%),0,0,0,0,0,0,0,+0.01,0,6018000.00,6288810.00,5867550.00
2025-10-20 01:17:47,SELL_SIGNAL,KRW-MIRA,476.50,0,0,hold,보유중 (-0.10%),0,0,0,0,0,0,0,-0.10,0,477.00,498.46,465.07
2025-10-20 01:17:47,SELL_SIGNAL,KRW-ENA,749.00,0,0,hold,보유중 (-0.40%),0,0,0,0,0,0,0,-0.40,0,752.00,785.84,733.20
2025-10-20 01:17:50,SELL_SIGNAL,KRW-ETH,6019000.00,0,0,hold,보유중 (+0.02%),0,0,0,0,0,0,0,+0.02,0,6018000.00,6288810.00,5867550.00
2025-10-20 01:17:51,SELL_SIGNAL,KRW-ETH,6018500.00,0,0,hold,보유중 (+0.01%),0,0,0,0,0,0,0,+0.01,0,6018000.00,6288810.00,5867550.00
2025-10-20 01:17:52,SELL_SIGNAL,KRW-MIRA,476.50,0,0,hold,보유중 (-0.10%),0,0,0,0,0,0,0,-0.10,0,477.00,498.46,465.07
2025-10-20 01:17:52,SELL_SIGNAL,KRW-ENA,749.00,0,0,hold,보유중 (-0.40%),0,0,0,0,0,0,0,-0.40,0,752.00,785.84,733.20
2025-10-20 01:17:56,SELL_SIGNAL,KRW-ETH,6019000.00,0,0,hold,보유중 (+0.02%),0,0,0,0,0,0,0,+0.02,0,6018000.00,6288810.00,5867550.00
2025-10-20 01:17:57,SELL_SIGNAL,KRW-MIRA,476.50,0,0,hold,보유중 (-0.10%),0,0,0,0,0,0,0,-0.10,0,477.00,498.46,465.07
2025-10-20 01:17:57,SELL_SIGNAL,KRW-ENA,749.00,0,0,hold,보유중 (-0.40%),0,0,0,0,0,0,0,-0.40,0,752.00,785.84,733.20
2025-10-20 01:18:00,SELL_SIGNAL,KRW-ENA,749.50,0,0,hold,보유중 (-0.33%),0,0,0,0,0,0,0,-0.33,0,752.00,785.84,733.20
2025-10-20 01:18:02,SELL_SIGNAL,KRW-ETH,6019000.00,0,0,hold,보유중 (+0.02%),0,0,0,0,0,0,0,+0.02,0,6018000.00,6288810.00,5867550.00
2025-10-20 01:18:02,SELL_SIGNAL,KRW-MIRA,476.50,0,0,hold,보유중 (-0.10%),0,0,0,0,0,0,0,-0.10,0,477.00,498.46,465.07
2025-10-20 01:18:07,SELL_SIGNAL,KRW-ETH,6019000.00,0,0,hold,보유중 (+0.02%),0,0,0,0,0,0,0,+0.02,0,6018000.00,6288810.00,5867550.00
2025-10-20 01:18:07,SELL_SIGNAL,KRW-MIRA,476.50,0,0,hold,보유중 (-0.10%),0,0,0,0,0,0,0,-0.10,0,477.00,498.46,465.07
2025-10-20 01:18:07,SELL_SIGNAL,KRW-ENA,749.50,0,0,hold,보유중 (-0.33%),0,0,0,0,0,0,0,-0.33,0,752.00,785.84,733.20
2025-10-20 01:18:08,SELL_SIGNAL,KRW-ENA,749.00,0,0,hold,보유중 (-0.40%),0,0,0,0,0,0,0,-0.40,0,752.00,785.84,733.20
2025-10-20 01:18:12,SELL_SIGNAL,KRW-ETH,6019000.00,0,0,hold,보유중 (+0.02%),0,0,0,0,0,0,0,+0.02,0,6018000.00,6288810.00,5867550.00
2025-10-20 01:18:12,SELL_SIGNAL,KRW-MIRA,476.50,0,0,hold,보유중 (-0.10%),0,0,0,0,0,0,0,-0.10,0,477.00,498.46,465.07
2025-10-20 01:18:12,SELL_SIGNAL,KRW-ENA,749.50,0,0,hold,보유중 (-0.33%),0,0,0,0,0,0,0,-0.33,0,752.00,785.84,733.20
2025-10-20 01:18:17,SELL_SIGNAL,KRW-ENA,749.00,0,0,hold,보유중 (-0.40%),0,0,0,0,0,0,0,-0.40,0,752.00,785.84,733.20
2025-10-20 01:18:17,SELL_SIGNAL,KRW-ETH,6019000.00,0,0,hold,보유중 (+0.02%),0,0,0,0,0,0,0,+0.02,0,6018000.00,6288810.00,5867550.00
2025-10-20 01:18:17,SELL_SIGNAL,KRW-MIRA,476.50,0,0,hold,보유중 (-0.10%),0,0,0,0,0,0,0,-0.10,0,477.00,498.46,465.07
2025-10-20 01:18:21,SELL_SIGNAL,KRW-ENA,749.50,0,0,hold,보유중 (-0.33%),0,0,0,0,0,0,0,-0.33,0,752.00,785.84,733.20
2025-10-20 01:18:22,SELL_SIGNAL,KRW-ETH,6019000.00,0,0,hold,보유중 (+0.02%),0,0,0,0,0,0,0,+0.02,0,6018000.00,6288810.00,5867550.00
2025-10-20 01:18:22,SELL_SIGNAL,KRW-MIRA,476.50,0,0,hold,보유중 (-0.10%),0,0,0,0,0,0,0,-0.10,0,477.00,498.46,465.07
2025-10-20 01:18:28,SELL_SIGNAL,KRW-ETH,6019500.00,0,0,hold,보유중 (+0.02%),0,0,0,0,0,0,0,+0.02,0,6018000.00,6288810.00,5867550.00
2025-10-20 01:18:28,SELL_SIGNAL,KRW-MIRA,476.50,0,0,hold,보유중 (-0.10%),0,0,0,0,0,0,0,-0.10,0,477.00,498.46,465.07
2025-10-20 01:18:28,SELL_SIGNAL,KRW-ENA,749.50,0,0,hold,보유중 (-0.33%),0,0,0,0,0,0,0,-0.33,0,752.00,785.84,733.20
2025-10-20 01:18:30,SELL_SIGNAL,KRW-ENA,749.00,0,0,hold,보유중 (-0.40%),0,0,0,0,0,0,0,-0.40,0,752.00,785.84,733.20
2025-10-20 01:18:33,SELL_SIGNAL,KRW-ETH,6019500.00,0,0,hold,보유중 (+0.02%),0,0,0,0,0,0,0,+0.02,0,6018000.00,6288810.00,5867550.00
2025-10-20 01:18:33,SELL_SIGNAL,KRW-MIRA,476.50,0,0,hold,보유중 (-0.10%),0,0,0,0,0,0,0,-0.10,0,477.00,498.46,465.07
2025-10-20 01:18:35,SELL_SIGNAL,KRW-ENA,749.00,0,0,hold,보유중 (-0.40%),0,0,0,0,0,0,0,-0.40,0,752.00,785.84,733.20
2025-10-20 01:18:38,SELL_SIGNAL,KRW-ETH,6019500.00,0,0,hold,보유중 (+0.02%),0,0,0,0,0,0,0,+0.02,0,6018000.00,6288810.00,5867550.00
2025-10-20 01:18:38,SELL_SIGNAL,KRW-MIRA,476.50,0,0,hold,보유중 (-0.10%),0,0,0,0,0,0,0,-0.10,0,477.00,498.46,465.07
2025-10-20 01:18:40,SELL_SIGNAL,KRW-ETH,6020500.00,0,0,hold,보유중 (+0.04%),0,0,0,0,0,0,0,+0.04,0,6018000.00,6288810.00,5867550.00
2025-10-20 01:18:43,SELL_SIGNAL,KRW-MIRA,476.00,0,0,hold,보유중 (-0.21%),0,0,0,0,0,0,0,-0.21,0,477.00,498.46,465.07
2025-10-20 01:18:43,SELL_SIGNAL,KRW-ENA,749.50,0,0,hold,보유중 (-0.33%),0,0,0,0,0,0,0,-0.33,0,752.00,785.84,733.20
2025-10-20 01:18:48,SELL_SIGNAL,KRW-ETH,6020500.00,0,0,hold,보유중 (+0.04%),0,0,0,0,0,0,0,+0.04,0,6018000.00,6288810.00,5867550.00
2025-10-20 01:18:48,SELL_SIGNAL,KRW-MIRA,476.00,0,0,hold,보유중 (-0.21%),0,0,0,0,0,0,0,-0.21,0,477.00,498.46,465.07
2025-10-20 01:18:48,SELL_SIGNAL,KRW-ENA,749.00,0,0,hold,보유중 (-0.40%),0,0,0,0,0,0,0,-0.40,0,752.00,785.84,733.20
2025-10-20 01:18:53,SELL_SIGNAL,KRW-ETH,6020500.00,0,0,hold,보유중 (+0.04%),0,0,0,0,0,0,0,+0.04,0,6018000.00,6288810.00,5867550.00
2025-10-20 01:18:53,SELL_SIGNAL,KRW-MIRA,476.00,0,0,hold,보유중 (-0.21%),0,0,0,0,0,0,0,-0.21,0,477.00,498.46,465.07
2025-10-20 01:18:53,SELL_SIGNAL,KRW-ENA,749.00,0,0,hold,보유중 (-0.40%),0,0,0,0,0,0,0,-0.40,0,752.00,785.84,733.20
2025-10-20 01:18:58,SELL_SIGNAL,KRW-ETH,6020500.00,0,0,hold,보유중 (+0.04%),0,0,0,0,0,0,0,+0.04,0,6018000.00,6288810.00,5867550.00
2025-10-20 01:18:58,SELL_SIGNAL,KRW-MIRA,476.00,0,0,hold,보유중 (-0.21%),0,0,0,0,0,0,0,-0.21,0,477.00,498.46,465.07
2025-10-20 01:18:58,SELL_SIGNAL,KRW-ENA,749.00,0,0,hold,보유중 (-0.40%),0,0,0,0,0,0,0,-0.40,0,752.00,785.84,733.20
2025-10-20 01:19:00,SELL_SIGNAL,KRW-ENA,749.50,0,0,hold,보유중 (-0.33%),0,0,0,0,0,0,0,-0.33,0,752.00,785.84,733.20
2025-10-20 01:19:03,SELL_SIGNAL,KRW-ETH,6020500.00,0,0,hold,보유중 (+0.04%),0,0,0,0,0,0,0,+0.04,0,6018000.00,6288810.00,5867550.00
2025-10-20 01:19:03,SELL_SIGNAL,KRW-MIRA,476.00,0,0,hold,보유중 (-0.21%),0,0,0,0,0,0,0,-0.21,0,477.00,498.46,465.07
2025-10-20 01:19:08,SELL_SIGNAL,KRW-ETH,6020500.00,0,0,hold,보유중 (+0.04%),0,0,0,0,0,0,0,+0.04,0,6018000.00,6288810.00,5867550.00
2025-10-20 01:19:09,SELL_SIGNAL,KRW-MIRA,476.00,0,0,hold,보유중 (-0.21%),0,0,0,0,0,0,0,-0.21,0,477.00,498.46,465.07
2025-10-20 01:19:09,SELL_SIGNAL,KRW-ENA,749.50,0,0,hold,보유중 (-0.33%),0,0,0,0,0,0,0,-0.33,0,752.00,785.84,733.20
2025-10-20 01:19:14,SELL_SIGNAL,KRW-ETH,6020500.00,0,0,hold,보유중 (+0.04%),0,0,0,0,0,0,0,+0.04,0,6018000.00,6288810.00,5867550.00
2025-10-20 01:19:14,SELL_SIGNAL,KRW-MIRA,476.00,0,0,hold,보유중 (-0.21%),0,0,0,0,0,0,0,-0.21,0,477.00,498.46,465.07
2025-10-20 01:19:14,SELL_SIGNAL,KRW-ENA,749.50,0,0,hold,보유중 (-0.33%),0,0,0,0,0,0,0,-0.33,0,752.00,785.84,733.20
2025-10-20 01:19:16,SELL_SIGNAL,KRW-ETH,6019500.00,0,0,hold,보유중 (+0.02%),0,0,0,0,0,0,0,+0.02,0,6018000.00,6288810.00,5867550.00
2025-10-20 01:19:19,SELL_SIGNAL,KRW-MIRA,476.00,0,0,hold,보유중 (-0.21%),0,0,0,0,0,0,0,-0.21,0,477.00,498.46,465.07
2025-10-20 01:19:19,SELL_SIGNAL,KRW-ENA,749.00,0,0,hold,보유중 (-0.40%),0,0,0,0,0,0,0,-0.40,0,752.00,785.84,733.20
2025-10-20 01:19:21,SELL_SIGNAL,KRW-ETH,6019500.00,0,0,hold,보유중 (+0.02%),0,0,0,0,0,0,0,+0.02,0,6018000.00,6288810.00,5867550.00
2025-10-20 01:19:24,SELL_SIGNAL,KRW-MIRA,476.00,0,0,hold,보유중 (-0.21%),0,0,0,0,0,0,0,-0.21,0,477.00,498.46,465.07
2025-10-20 01:19:24,SELL_SIGNAL,KRW-ENA,749.00,0,0,hold,보유중 (-0.40%),0,0,0,0,0,0,0,-0.40,0,752.00,785.84,733.20
2025-10-20 01:19:29,SELL_SIGNAL,KRW-ETH,6019500.00,0,0,hold,보유중 (+0.02%),0,0,0,0,0,0,0,+0.02,0,6018000.00,6288810.00,5867550.00
2025-10-20 01:19:29,SELL_SIGNAL,KRW-MIRA,476.00,0,0,hold,보유중 (-0.21%),0,0,0,0,0,0,0,-0.21,0,477.00,498.46,465.07
2025-10-20 01:19:29,SELL_SIGNAL,KRW-ENA,749.00,0,0,hold,보유중 (-0.40%),0,0,0,0,0,0,0,-0.40,0,752.00,785.84,733.20
2025-10-20 01:19:34,SELL_SIGNAL,KRW-ENA,748.50,0,0,hold,보유중 (-0.47%),0,0,0,0,0,0,0,-0.47,0,752.00,785.84,733.20
2025-10-20 01:19:34,SELL_SIGNAL,KRW-ETH,6019500.00,0,0,hold,보유중 (+0.02%),0,0,0,0,0,0,0,+0.02,0,6018000.00,6288810.00,5867550.00
2025-10-20 01:19:34,SELL_SIGNAL,KRW-MIRA,476.00,0,0,hold,보유중 (-0.21%),0,0,0,0,0,0,0,-0.21,0,477.00,498.46,465.07
2025-10-20 01:19:39,SELL_SIGNAL,KRW-ETH,6019500.00,0,0,hold,보유중 (+0.02%),0,0,0,0,0,0,0,+0.02,0,6018000.00,6288810.00,5867550.00
2025-10-20 01:19:39,SELL_SIGNAL,KRW-MIRA,476.00,0,0,hold,보유중 (-0.21%),0,0,0,0,0,0,0,-0.21,0,477.00,498.46,465.07
2025-10-20 01:19:39,SELL_SIGNAL,KRW-ENA,748.50,0,0,hold,보유중 (-0.47%),0,0,0,0,0,0,0,-0.47,0,752.00,785.84,733.20
2025-10-20 01:19:44,SELL_SIGNAL,KRW-ETH,6019500.00,0,0,hold,보유중 (+0.02%),0,0,0,0,0,0,0,+0.02,0,6018000.00,6288810.00,5867550.00
2025-10-20 01:19:44,SELL_SIGNAL,KRW-MIRA,476.00,0,0,hold,보유중 (-0.21%),0,0,0,0,0,0,0,-0.21,0,477.00,498.46,465.07
2025-10-20 01:19:44,SELL_SIGNAL,KRW-ENA,748.50,0,0,hold,보유중 (-0.47%),0,0,0,0,0,0,0,-0.47,0,752.00,785.84,733.20
2025-10-20 01:19:48,SELL_SIGNAL,KRW-ENA,749.50,0,0,hold,보유중 (-0.33%),0,0,0,0,0,0,0,-0.33,0,752.00,785.84,733.20
2025-10-20 01:19:49,SELL_SIGNAL,KRW-ENA,748.50,0,0,hold,보유중 (-0.47%),0,0,0,0,0,0,0,-0.47,0,752.00,785.84,733.20
2025-10-20 01:19:49,SELL_SIGNAL,KRW-ETH,6019500.00,0,0,hold,보유중 (+0.02%),0,0,0,0,0,0,0,+0.02,0,6018000.00,6288810.00,5867550.00
2025-10-20 01:19:49,SELL_SIGNAL,KRW-MIRA,476.00,0,0,hold,보유중 (-0.21%),0,0,0,0,0,0,0,-0.21,0,477.00,498.46,465.07
2025-10-20 01:19:55,SELL_SIGNAL,KRW-ETH,6019000.00,0,0,hold,보유중 (+0.02%),0,0,0,0,0,0,0,+0.02,0,6018000.00,6288810.00,5867550.00
2025-10-20 01:19:55,SELL_SIGNAL,KRW-MIRA,476.00,0,0,hold,보유중 (-0.21%),0,0,0,0,0,0,0,-0.21,0,477.00,498.46,465.07
2025-10-20 01:19:55,SELL_SIGNAL,KRW-ENA,749.50,0,0,hold,보유중 (-0.33%),0,0,0,0,0,0,0,-0.33,0,752.00,785.84,733.20
2025-10-20 01:19:58,SELL_SIGNAL,KRW-ETH,6018500.00,0,0,hold,보유중 (+0.01%),0,0,0,0,0,0,0,+0.01,0,6018000.00,6288810.00,5867550.00
2025-10-20 01:20:00,SELL_SIGNAL,KRW-MIRA,476.00,0,0,hold,보유중 (-0.21%),0,0,0,0,0,0,0,-0.21,0,477.00,498.46,465.07
2025-10-20 01:20:00,SELL_SIGNAL,KRW-ENA,749.00,0,0,hold,보유중 (-0.40%),0,0,0,0,0,0,0,-0.40,0,752.00,785.84,733.20
2025-10-20 01:20:03,SELL_SIGNAL,KRW-ETH,6018500.00,0,0,hold,보유중 (+0.01%),0,0,0,0,0,0,0,+0.01,0,6018000.00,6288810.00,5867550.00
2025-10-20 01:20:04,SELL_SIGNAL,KRW-ETH,6019000.00,0,0,hold,보유중 (+0.02%),0,0,0,0,0,0,0,+0.02,0,6018000.00,6288810.00,5867550.00
2025-10-20 01:20:05,SELL_SIGNAL,KRW-MIRA,476.00,0,0,hold,보유중 (-0.21%),0,0,0,0,0,0,0,-0.21,0,477.00,498.46,465.07
2025-10-20 01:20:05,SELL_SIGNAL,KRW-ENA,749.00,0,0,hold,보유중 (-0.40%),0,0,0,0,0,0,0,-0.40,0,752.00,785.84,733.20
2025-10-20 01:20:09,SELL_SIGNAL,KRW-ETH,6019500.00,0,0,hold,보유중 (+0.02%),0,0,0,0,0,0,0,+0.02,0,6018000.00,6288810.00,5867550.00
2025-10-20 01:20:10,SELL_SIGNAL,KRW-MIRA,476.00,0,0,hold,보유중 (-0.21%),0,0,0,0,0,0,0,-0.21,0,477.00,498.46,465.07
2025-10-20 01:20:10,SELL_SIGNAL,KRW-ENA,749.00,0,0,hold,보유중 (-0.40%),0,0,0,0,0,0,0,-0.40,0,752.00,785.84,733.20
2025-10-20 01:20:14,SELL_SIGNAL,KRW-ENA,748.50,0,0,hold,보유중 (-0.47%),0,0,0,0,0,0,0,-0.47,0,752.00,785.84,733.20
2025-10-20 01:20:15,SELL_SIGNAL,KRW-ETH,6018500.00,0,0,hold,보유중 (+0.01%),0,0,0,0,0,0,0,+0.01,0,6018000.00,6288810.00,5867550.00
2025-10-20 01:20:15,SELL_SIGNAL,KRW-MIRA,476.00,0,0,hold,보유중 (-0.21%),0,0,0,0,0,0,0,-0.21,0,477.00,498.46,465.07
2025-10-20 01:20:20,SELL_SIGNAL,KRW-ETH,6018500.00,0,0,hold,보유중 (+0.01%),0,0,0,0,0,0,0,+0.01,0,6018000.00,6288810.00,5867550.00
2025-10-20 01:20:20,SELL_SIGNAL,KRW-ENA,749.00,0,0,hold,보유중 (-0.40%),0,0,0,0,0,0,0,-0.40,0,752.00,785.84,733.20
2025-10-20 01:20:22,SELL_SIGNAL,KRW-MIRA,476.00,0,0,hold,보유중 (-0.21%),0,0,0,0,0,0,0,-0.21,0,477.00,498.46,465.07
2025-10-20 01:20:22,SELL_SIGNAL,KRW-ENA,748.50,0,0,hold,보유중 (-0.47%),0,0,0,0,0,0,0,-0.47,0,752.00,785.84,733.20
2025-10-20 01:20:25,SELL_SIGNAL,KRW-ETH,6018500.00,0,0,hold,보유중 (+0.01%),0,0,0,0,0,0,0,+0.01,0,6018000.00,6288810.00,5867550.00
2025-10-20 01:20:30,SELL_SIGNAL,KRW-ENA,748.50,0,0,hold,보유중 (-0.47%),0,0,0,0,0,0,0,-0.47,0,752.00,785.84,733.20
2025-10-20 01:20:30,SELL_SIGNAL,KRW-ETH,6018500.00,0,0,hold,보유중 (+0.01%),0,0,0,0,0,0,0,+0.01,0,6018000.00,6288810.00,5867550.00
2025-10-20 01:20:30,SELL_SIGNAL,KRW-MIRA,476.00,0,0,hold,보유중 (-0.21%),0,0,0,0,0,0,0,-0.21,0,477.00,498.46,465.07
2025-10-20 01:20:35,SELL_SIGNAL,KRW-ENA,748.50,0,0,hold,보유중 (-0.47%),0,0,0,0,0,0,0,-0.47,0,752.00,785.84,733.20
2025-10-20 01:20:35,SELL_SIGNAL,KRW-ETH,6018500.00,0,0,hold,보유중 (+0.01%),0,0,0,0,0,0,0,+0.01,0,6018000.00,6288810.00,5867550.00
2025-10-20 01:20:35,SELL_SIGNAL,KRW-MIRA,476.00,0,0,hold,보유중 (-0.21%),0,0,0,0,0,0,0,-0.21,0,477.00,498.46,465.07
2025-10-20 01:20:40,SELL_SIGNAL,KRW-ETH,6012500.00,0,0,hold,보유중 (-0.09%),0,0,0,0,0,0,0,-0.09,0,6018000.00,6288810.00,5867550.00
2025-10-20 01:20:41,SELL_SIGNAL,KRW-MIRA,476.00,0,0,hold,보유중 (-0.21%),0,0,0,0,0,0,0,-0.21,0,477.00,498.46,465.07
2025-10-20 01:20:41,SELL_SIGNAL,KRW-ENA,748.50,0,0,hold,보유중 (-0.47%),0,0,0,0,0,0,0,-0.47,0,752.00,785.84,733.20
2025-10-20 01:20:46,SELL_SIGNAL,KRW-ETH,6012500.00,0,0,hold,보유중 (-0.09%),0,0,0,0,0,0,0,-0.09,0,6018000.00,6288810.00,5867550.00
2025-10-20 01:20:46,SELL_SIGNAL,KRW-MIRA,476.00,0,0,hold,보유중 (-0.21%),0,0,0,0,0,0,0,-0.21,0,477.00,498.46,465.07
2025-10-20 01:20:46,SELL_SIGNAL,KRW-ENA,748.50,0,0,hold,보유중 (-0.47%),0,0,0,0,0,0,0,-0.47,0,752.00,785.84,733.20
2025-10-20 01:20:51,SELL_SIGNAL,KRW-ENA,747.50,0,0,hold,보유중 (-0.60%),0,0,0,0,0,0,0,-0.60,0,752.00,785.84,733.20
2025-10-20 01:20:51,SELL_SIGNAL,KRW-ETH,6012500.00,0,0,hold,보유중 (-0.09%),0,0,0,0,0,0,0,-0.09,0,6018000.00,6288810.00,5867550.00
2025-10-20 01:20:51,SELL_SIGNAL,KRW-MIRA,475.50,0,0,hold,보유중 (-0.31%),0,0,0,0,0,0,0,-0.31,0,477.00,498.46,465.07
2025-10-20 01:20:56,SELL_SIGNAL,KRW-ETH,6012500.00,0,0,hold,보유중 (-0.09%),0,0,0,0,0,0,0,-0.09,0,6018000.00,6288810.00,5867550.00
2025-10-20 01:20:56,SELL_SIGNAL,KRW-MIRA,475.50,0,0,hold,보유중 (-0.31%),0,0,0,0,0,0,0,-0.31,0,477.00,498.46,465.07
2025-10-20 01:20:56,SELL_SIGNAL,KRW-ENA,747.00,0,0,hold,보유중 (-0.66%),0,0,0,0,0,0,0,-0.66,0,752.00,785.84,733.20
2025-10-20 01:21:01,SELL_SIGNAL,KRW-ETH,6012500.00,0,0,hold,보유중 (-0.09%),0,0,0,0,0,0,0,-0.09,0,6018000.00,6288810.00,5867550.00
2025-10-20 01:21:01,SELL_SIGNAL,KRW-MIRA,475.50,0,0,hold,보유중 (-0.31%),0,0,0,0,0,0,0,-0.31,0,477.00,498.46,465.07
2025-10-20 01:21:01,SELL_SIGNAL,KRW-ENA,747.00,0,0,hold,보유중 (-0.66%),0,0,0,0,0,0,0,-0.66,0,752.00,785.84,733.20
2025-10-20 01:21:06,SELL_SIGNAL,KRW-ETH,6012500.00,0,0,hold,보유중 (-0.09%),0,0,0,0,0,0,0,-0.09,0,6018000.00,6288810.00,5867550.00
2025-10-20 01:21:06,SELL_SIGNAL,KRW-MIRA,475.50,0,0,hold,보유중 (-0.31%),0,0,0,0,0,0,0,-0.31,0,477.00,498.46,465.07
2025-10-20 01:21:06,SELL_SIGNAL,KRW-ENA,747.00,0,0,hold,보유중 (-0.66%),0,0,0,0,0,0,0,-0.66,0,752.00,785.84,733.20
2025-10-20 01:21:09,SELL_SIGNAL,KRW-ETH,6011500.00,0,0,hold,보유중 (-0.11%),0,0,0,0,0,0,0,-0.11,0,6018000.00,6288810.00,5867550.00
2025-10-20 01:21:11,SELL_SIGNAL,KRW-ETH,6011000.00,0,0,hold,보유중 (-0.12%),0,0,0,0,0,0,0,-0.12,0,6018000.00,6288810.00,5867550.00
2025-10-20 01:21:11,SELL_SIGNAL,KRW-MIRA,475.50,0,0,hold,보유중 (-0.31%),0,0,0,0,0,0,0,-0.31,0,477.00,498.46,465.07
2025-10-20 01:21:11,SELL_SIGNAL,KRW-ENA,747.00,0,0,hold,보유중 (-0.66%),0,0,0,0,0,0,0,-0.66,0,752.00,785.84,733.20
2025-10-20 01:21:15,SELL_SIGNAL,KRW-ENA,747.50,0,0,hold,보유중 (-0.60%),0,0,0,0,0,0,0,-0.60,0,752.00,785.84,733.20
2025-10-20 01:21:16,SELL_SIGNAL,KRW-MIRA,474.50,0,0,hold,보유중 (-0.52%),0,0,0,0,0,0,0,-0.52,0,477.00,498.46,465.07
2025-10-20 01:21:16,SELL_SIGNAL,KRW-ETH,6011500.00,0,0,hold,보유중 (-0.11%),0,0,0,0,0,0,0,-0.11,0,6018000.00,6288810.00,5867550.00
2025-10-20 01:21:21,SELL_SIGNAL,KRW-ENA,747.50,0,0,hold,보유중 (-0.60%),0,0,0,0,0,0,0,-0.60,0,752.00,785.84,733.20
2025-10-20 01:21:21,SELL_SIGNAL,KRW-ETH,6011500.00,0,0,hold,보유중 (-0.11%),0,0,0,0,0,0,0,-0.11,0,6018000.00,6288810.00,5867550.00
2025-10-20 01:21:21,SELL_SIGNAL,KRW-MIRA,474.50,0,0,hold,보유중 (-0.52%),0,0,0,0,0,0,0,-0.52,0,477.00,498.46,465.07
2025-10-20 01:21:26,SELL_SIGNAL,KRW-ETH,6010500.00,0,0,hold,보유중 (-0.12%),0,0,0,0,0,0,0,-0.12,0,6018000.00,6288810.00,5867550.00
2025-10-20 01:21:26,SELL_SIGNAL,KRW-ENA,747.50,0,0,hold,보유중 (-0.60%),0,0,0,0,0,0,0,-0.60,0,752.00,785.84,733.20
2025-10-20 01:21:27,SELL_SIGNAL,KRW-MIRA,474.50,0,0,hold,보유중 (-0.52%),0,0,0,0,0,0,0,-0.52,0,477.00,498.46,465.07
2025-10-20 01:21:31,SELL_SIGNAL,KRW-ETH,6010500.00,0,0,hold,보유중 (-0.12%),0,0,0,0,0,0,0,-0.12,0,6018000.00,6288810.00,5867550.00
2025-10-20 01:21:32,SELL_SIGNAL,KRW-MIRA,475.00,0,0,hold,보유중 (-0.42%),0,0,0,0,0,0,0,-0.42,0,477.00,498.46,465.07
2025-10-20 01:21:32,SELL_SIGNAL,KRW-ENA,747.50,0,0,hold,보유중 (-0.60%),0,0,0,0,0,0,0,-0.60,0,752.00,785.84,733.20
2025-10-20 01:21:34,SELL_SIGNAL,KRW-MIRA,474.50,0,0,hold,보유중 (-0.52%),0,0,0,0,0,0,0,-0.52,0,477.00,498.46,465.07
2025-10-20 01:21:35,SELL_SIGNAL,KRW-ETH,6009500.00,0,0,hold,보유중 (-0.14%),0,0,0,0,0,0,0,-0.14,0,6018000.00,6288810.00,5867550.00
2025-10-20 01:21:37,SELL_SIGNAL,KRW-MIRA,475.00,0,0,hold,보유중 (-0.42%),0,0,0,0,0,0,0,-0.42,0,477.00,498.46,465.07
2025-10-20 01:21:37,SELL_SIGNAL,KRW-ENA,747.50,0,0,hold,보유중 (-0.60%),0,0,0,0,0,0,0,-0.60,0,752.00,785.84,733.20
2025-10-20 01:21:42,SELL_SIGNAL,KRW-ETH,6009500.00,0,0,hold,보유중 (-0.14%),0,0,0,0,0,0,0,-0.14,0,6018000.00,6288810.00,5867550.00
2025-10-20 01:21:42,SELL_SIGNAL,KRW-MIRA,475.00,0,0,hold,보유중 (-0.42%),0,0,0,0,0,0,0,-0.42,0,477.00,498.46,465.07
2025-10-20 01:21:42,SELL_SIGNAL,KRW-ENA,747.50,0,0,hold,보유중 (-0.60%),0,0,0,0,0,0,0,-0.60,0,752.00,785.84,733.20
2025-10-20 01:21:47,SELL_SIGNAL,KRW-ETH,6009500.00,0,0,hold,보유중 (-0.14%),0,0,0,0,0,0,0,-0.14,0,6018000.00,6288810.00,5867550.00
2025-10-20 01:21:47,SELL_SIGNAL,KRW-MIRA,475.00,0,0,hold,보유중 (-0.42%),0,0,0,0,0,0,0,-0.42,0,477.00,498.46,465.07
2025-10-20 01:21:47,SELL_SIGNAL,KRW-ENA,747.50,0,0,hold,보유중 (-0.60%),0,0,0,0,0,0,0,-0.60,0,752.00,785.84,733.20
2025-10-20 01:21:52,SELL_SIGNAL,KRW-ETH,6009500.00,0,0,hold,보유중 (-0.14%),0,0,0,0,0,0,0,-0.14,0,6018000.00,6288810.00,5867550.00
2025-10-20 01:21:52,SELL_SIGNAL,KRW-MIRA,474.50,0,0,hold,보유중 (-0.52%),0,0,0,0,0,0,0,-0.52,0,477.00,498.46,465.07
2025-10-20 01:21:52,SELL_SIGNAL,KRW-ENA,747.50,0,0,hold,보유중 (-0.60%),0,0,0,0,0,0,0,-0.60,0,752.00,785.84,733.20
2025-10-20 01:21:57,SELL_SIGNAL,KRW-ETH,6009500.00,0,0,hold,보유중 (-0.14%),0,0,0,0,0,0,0,-0.14,0,6018000.00,6288810.00,5867550.00
2025-10-20 01:21:57,SELL_SIGNAL,KRW-MIRA,474.50,0,0,hold,보유중 (-0.52%),0,0,0,0,0,0,0,-0.52,0,477.00,498.46,465.07
2025-10-20 01:21:57,SELL_SIGNAL,KRW-ENA,748.50,0,0,hold,보유중 (-0.47%),0,0,0,0,0,0,0,-0.47,0,752.00,785.84,733.20
2025-10-20 01:22:02,SELL_SIGNAL,KRW-ETH,6009500.00,0,0,hold,보유중 (-0.14%),0,0,0,0,0,0,0,-0.14,0,6018000.00,6288810.00,5867550.00
2025-10-20 01:22:02,SELL_SIGNAL,KRW-MIRA,474.50,0,0,hold,보유중 (-0.52%),0,0,0,0,0,0,0,-0.52,0,477.00,498.46,465.07
2025-10-20 01:22:02,SELL_SIGNAL,KRW-ENA,748.50,0,0,hold,보유중 (-0.47%),0,0,0,0,0,0,0,-0.47,0,752.00,785.84,733.20
2025-10-20 01:22:03,SELL_SIGNAL,KRW-ENA,747.50,0,0,hold,보유중 (-0.60%),0,0,0,0,0,0,0,-0.60,0,752.00,785.84,733.20
2025-10-20 01:22:06,SELL_SIGNAL,KRW-ENA,748.50,0,0,hold,보유중 (-0.47%),0,0,0,0,0,0,0,-0.47,0,752.00,785.84,733.20
2025-10-20 01:22:07,SELL_SIGNAL,KRW-ETH,6009500.00,0,0,hold,보유중 (-0.14%),0,0,0,0,0,0,0,-0.14,0,6018000.00,6288810.00,5867550.00
2025-10-20 01:22:07,SELL_SIGNAL,KRW-MIRA,474.50,0,0,hold,보유중 (-0.52%),0,0,0,0,0,0,0,-0.52,0,477.00,498.46,465.07
2025-10-20 01:22:07,SELL_SIGNAL,KRW-ENA,748.00,0,0,hold,보유중 (-0.53%),0,0,0,0,0,0,0,-0.53,0,752.00,785.84,733.20
2025-10-20 01:22:10,SELL_SIGNAL,KRW-ETH,6010500.00,0,0,hold,보유중 (-0.12%),0,0,0,0,0,0,0,-0.12,0,6018000.00,6288810.00,5867550.00
2025-10-20 01:22:12,SELL_SIGNAL,KRW-ETH,6009500.00,0,0,hold,보유중 (-0.14%),0,0,0,0,0,0,0,-0.14,0,6018000.00,6288810.00,5867550.00
2025-10-20 01:22:12,SELL_SIGNAL,KRW-ETH,6010000.00,0,0,hold,보유중 (-0.13%),0,0,0,0,0,0,0,-0.13,0,6018000.00,6288810.00,5867550.00
2025-10-20 01:22:13,SELL_SIGNAL,KRW-MIRA,474.50,0,0,hold,보유중 (-0.52%),0,0,0,0,0,0,0,-0.52,0,477.00,498.46,465.07
2025-10-20 01:22:13,SELL_SIGNAL,KRW-ENA,748.00,0,0,hold,보유중 (-0.53%),0,0,0,0,0,0,0,-0.53,0,752.00,785.84,733.20
2025-10-20 01:22:18,SELL_SIGNAL,KRW-ETH,6010000.00,0,0,hold,보유중 (-0.13%),0,0,0,0,0,0,0,-0.13,0,6018000.00,6288810.00,5867550.00
2025-10-20 01:22:18,SELL_SIGNAL,KRW-MIRA,474.50,0,0,hold,보유중 (-0.52%),0,0,0,0,0,0,0,-0.52,0,477.00,498.46,465.07
2025-10-20 01:22:18,SELL_SIGNAL,KRW-ENA,748.00,0,0,hold,보유중 (-0.53%),0,0,0,0,0,0,0,-0.53,0,752.00,785.84,733.20
2025-10-20 01:22:19,SELL_SIGNAL,KRW-ENA,748.50,0,0,hold,보유중 (-0.47%),0,0,0,0,0,0,0,-0.47,0,752.00,785.84,733.20
2025-10-20 01:22:21,SELL_SIGNAL,KRW-ETH,6015000.00,0,0,hold,보유중 (-0.05%),0,0,0,0,0,0,0,-0.05,0,6018000.00,6288810.00,5867550.00
2025-10-20 01:22:23,SELL_SIGNAL,KRW-ETH,6014000.00,0,0,hold,보유중 (-0.07%),0,0,0,0,0,0,0,-0.07,0,6018000.00,6288810.00,5867550.00
2025-10-20 01:22:23,SELL_SIGNAL,KRW-MIRA,475.00,0,0,hold,보유중 (-0.42%),0,0,0,0,0,0,0,-0.42,0,477.00,498.46,465.07
2025-10-20 01:22:23,SELL_SIGNAL,KRW-ETH,6015000.00,0,0,hold,보유중 (-0.05%),0,0,0,0,0,0,0,-0.05,0,6018000.00,6288810.00,5867550.00
2025-10-20 01:22:28,SELL_SIGNAL,KRW-MIRA,474.50,0,0,hold,보유중 (-0.52%),0,0,0,0,0,0,0,-0.52,0,477.00,498.46,465.07
2025-10-20 01:22:28,SELL_SIGNAL,KRW-ENA,748.50,0,0,hold,보유중 (-0.47%),0,0,0,0,0,0,0,-0.47,0,752.00,785.84,733.20
2025-10-20 01:22:30,SELL_SIGNAL,KRW-ETH,6015000.00,0,0,hold,보유중 (-0.05%),0,0,0,0,0,0,0,-0.05,0,6018000.00,6288810.00,5867550.00
2025-10-20 01:22:33,SELL_SIGNAL,KRW-MIRA,474.50,0,0,hold,보유중 (-0.52%),0,0,0,0,0,0,0,-0.52,0,477.00,498.46,465.07
2025-10-20 01:22:33,SELL_SIGNAL,KRW-ENA,748.50,0,0,hold,보유중 (-0.47%),0,0,0,0,0,0,0,-0.47,0,752.00,785.84,733.20
2025-10-20 01:22:36,SELL_SIGNAL,KRW-ETH,6015000.00,0,0,hold,보유중 (-0.05%),0,0,0,0,0,0,0,-0.05,0,6018000.00,6288810.00,5867550.00
2025-10-20 01:22:38,SELL_SIGNAL,KRW-MIRA,474.50,0,0,hold,보유중 (-0.52%),0,0,0,0,0,0,0,-0.52,0,477.00,498.46,465.07
2025-10-20 01:22:38,SELL_SIGNAL,KRW-ENA,748.50,0,0,hold,보유중 (-0.47%),0,0,0,0,0,0,0,-0.47,0,752.00,785.84,733.20
2025-10-20 01:22:43,SELL_SIGNAL,KRW-ETH,6015000.00,0,0,hold,보유중 (-0.05%),0,0,0,0,0,0,0,-0.05,0,6018000.00,6288810.00,5867550.00
2025-10-20 01:22:43,SELL_SIGNAL,KRW-MIRA,474.50,0,0,hold,보유중 (-0.52%),0,0,0,0,0,0,0,-0.52,0,477.00,498.46,465.07
2025-10-20 01:22:43,SELL_SIGNAL,KRW-ENA,748.50,0,0,hold,보유중 (-0.47%),0,0,0,0,0,0,0,-0.47,0,752.00,785.84,733.20
2025-10-20 01:22:48,SELL_SIGNAL,KRW-ETH,6015000.00,0,0,hold,보유중 (-0.05%),0,0,0,0,0,0,0,-0.05,0,6018000.00,6288810.00,5867550.00
2025-10-20 01:22:48,SELL_SIGNAL,KRW-MIRA,474.50,0,0,hold,보유중 (-0.52%),0,0,0,0,0,0,0,-0.52,0,477.00,498.46,465.07
2025-10-20 01:22:48,SELL_SIGNAL,KRW-ENA,748.50,0,0,hold,보유중 (-0.47%),0,0,0,0,0,0,0,-0.47,0,752.00,785.84,733.20
2025-10-20 01:22:53,SELL_SIGNAL,KRW-ETH,6015000.00,0,0,hold,보유중 (-0.05%),0,0,0,0,0,0,0,-0.05,0,6018000.00,6288810.00,5867550.00
2025-10-20 01:22:54,SELL_SIGNAL,KRW-MIRA,474.50,0,0,hold,보유중 (-0.52%),0,0,0,0,0,0,0,-0.52,0,477.00,498.46,465.07
2025-10-20 01:22:54,SELL_SIGNAL,KRW-ENA,748.50,0,0,hold,보유중 (-0.47%),0,0,0,0,0,0,0,-0.47,0,752.00,785.84,733.20
2025-10-20 01:22:59,SELL_SIGNAL,KRW-ETH,6015000.00,0,0,hold,보유중 (-0.05%),0,0,0,0,0,0,0,-0.05,0,6018000.00,6288810.00,5867550.00
2025-10-20 01:22:59,SELL_SIGNAL,KRW-MIRA,474.50,0,0,hold,보유중 (-0.52%),0,0,0,0,0,0,0,-0.52,0,477.00,498.46,465.07
2025-10-20 01:22:59,SELL_SIGNAL,KRW-ENA,749.50,0,0,hold,보유중 (-0.33%),0,0,0,0,0,0,0,-0.33,0,752.00,785.84,733.20
2025-10-20 01:23:04,SELL_SIGNAL,KRW-ETH,6015000.00,0,0,hold,보유중 (-0.05%),0,0,0,0,0,0,0,-0.05,0,6018000.00,6288810.00,5867550.00
2025-10-20 01:23:04,SELL_SIGNAL,KRW-MIRA,474.50,0,0,hold,보유중 (-0.52%),0,0,0,0,0,0,0,-0.52,0,477.00,498.46,465.07
2025-10-20 01:23:04,SELL_SIGNAL,KRW-ENA,749.50,0,0,hold,보유중 (-0.33%),0,0,0,0,0,0,0,-0.33,0,752.00,785.84,733.20
2025-10-20 01:23:08,SELL_SIGNAL,KRW-ETH,6014500.00,0,0,hold,보유중 (-0.06%),0,0,0,0,0,0,0,-0.06,0,6018000.00,6288810.00,5867550.00
2025-10-20 01:23:09,SELL_SIGNAL,KRW-ENA,749.50,0,0,hold,보유중 (-0.33%),0,0,0,0,0,0,0,-0.33,0,752.00,785.84,733.20
2025-10-20 01:23:09,SELL_SIGNAL,KRW-MIRA,474.50,0,0,hold,보유중 (-0.52%),0,0,0,0,0,0,0,-0.52,0,477.00,498.46,465.07
2025-10-20 01:23:14,SELL_SIGNAL,KRW-ETH,6015000.00,0,0,hold,보유중 (-0.05%),0,0,0,0,0,0,0,-0.05,0,6018000.00,6288810.00,5867550.00
2025-10-20 01:23:14,SELL_SIGNAL,KRW-MIRA,474.50,0,0,hold,보유중 (-0.52%),0,0,0,0,0,0,0,-0.52,0,477.00,498.46,465.07
2025-10-20 01:23:14,SELL_SIGNAL,KRW-ENA,749.50,0,0,hold,보유중 (-0.33%),0,0,0,0,0,0,0,-0.33,0,752.00,785.84,733.20
2025-10-20 01:23:19,SELL_SIGNAL,KRW-ETH,6015000.00,0,0,hold,보유중 (-0.05%),0,0,0,0,0,0,0,-0.05,0,6018000.00,6288810.00,5867550.00
2025-10-20 01:23:19,SELL_SIGNAL,KRW-MIRA,474.50,0,0,hold,보유중 (-0.52%),0,0,0,0,0,0,0,-0.52,0,477.00,498.46,465.07
2025-10-20 01:23:19,SELL_SIGNAL,KRW-ENA,750.00,0,0,hold,보유중 (-0.27%),0,0,0,0,0,0,0,-0.27,0,752.00,785.84,733.20
2025-10-20 01:23:23,SELL_SIGNAL,KRW-ETH,6014500.00,0,0,hold,보유중 (-0.06%),0,0,0,0,0,0,0,-0.06,0,6018000.00,6288810.00,5867550.00
2025-10-20 01:23:24,SELL_SIGNAL,KRW-MIRA,475.00,0,0,hold,보유중 (-0.42%),0,0,0,0,0,0,0,-0.42,0,477.00,498.46,465.07
2025-10-20 01:23:24,SELL_SIGNAL,KRW-ENA,750.00,0,0,hold,보유중 (-0.27%),0,0,0,0,0,0,0,-0.27,0,752.00,785.84,733.20
2025-10-20 01:23:29,SELL_SIGNAL,KRW-ETH,6014500.00,0,0,hold,보유중 (-0.06%),0,0,0,0,0,0,0,-0.06,0,6018000.00,6288810.00,5867550.00
2025-10-20 01:23:29,SELL_SIGNAL,KRW-ENA,750.50,0,0,hold,보유중 (-0.20%),0,0,0,0,0,0,0,-0.20,0,752.00,785.84,733.20
2025-10-20 01:23:29,SELL_SIGNAL,KRW-MIRA,475.00,0,0,hold,보유중 (-0.42%),0,0,0,0,0,0,0,-0.42,0,477.00,498.46,465.07
2025-10-20 01:23:34,SELL_SIGNAL,KRW-ETH,6014500.00,0,0,hold,보유중 (-0.06%),0,0,0,0,0,0,0,-0.06,0,6018000.00,6288810.00,5867550.00
2025-10-20 01:23:35,SELL_SIGNAL,KRW-MIRA,475.00,0,0,hold,보유중 (-0.42%),0,0,0,0,0,0,0,-0.42,0,477.00,498.46,465.07
2025-10-20 01:23:35,SELL_SIGNAL,KRW-ENA,750.50,0,0,hold,보유중 (-0.20%),0,0,0,0,0,0,0,-0.20,0,752.00,785.84,733.20
2025-10-20 01:23:40,SELL_SIGNAL,KRW-ETH,6016500.00,0,0,hold,보유중 (-0.02%),0,0,0,0,0,0,0,-0.02,0,6018000.00,6288810.00,5867550.00
2025-10-20 01:23:40,SELL_SIGNAL,KRW-MIRA,475.00,0,0,hold,보유중 (-0.42%),0,0,0,0,0,0,0,-0.42,0,477.00,498.46,465.07
2025-10-20 01:23:40,SELL_SIGNAL,KRW-ENA,750.50,0,0,hold,보유중 (-0.20%),0,0,0,0,0,0,0,-0.20,0,752.00,785.84,733.20
2025-10-20 01:23:45,SELL_SIGNAL,KRW-ETH,6016500.00,0,0,hold,보유중 (-0.02%),0,0,0,0,0,0,0,-0.02,0,6018000.00,6288810.00,5867550.00
2025-10-20 01:23:45,SELL_SIGNAL,KRW-MIRA,475.00,0,0,hold,보유중 (-0.42%),0,0,0,0,0,0,0,-0.42,0,477.00,498.46,465.07
2025-10-20 01:23:45,SELL_SIGNAL,KRW-ENA,750.50,0,0,hold,보유중 (-0.20%),0,0,0,0,0,0,0,-0.20,0,752.00,785.84,733.20
2025-10-20 01:23:50,SELL_SIGNAL,KRW-ETH,6016500.00,0,0,hold,보유중 (-0.02%),0,0,0,0,0,0,0,-0.02,0,6018000.00,6288810.00,5867550.00
2025-10-20 01:23:50,SELL_SIGNAL,KRW-MIRA,475.00,0,0,hold,보유중 (-0.42%),0,0,0,0,0,0,0,-0.42,0,477.00,498.46,465.07
2025-10-20 01:23:50,SELL_SIGNAL,KRW-ENA,750.50,0,0,hold,보유중 (-0.20%),0,0,0,0,0,0,0,-0.20,0,752.00,785.84,733.20
2025-10-20 01:23:55,SELL_SIGNAL,KRW-ETH,6016500.00,0,0,hold,보유중 (-0.02%),0,0,0,0,0,0,0,-0.02,0,6018000.00,6288810.00,5867550.00
2025-10-20 01:23:55,SELL_SIGNAL,KRW-MIRA,474.50,0,0,hold,보유중 (-0.52%),0,0,0,0,0,0,0,-0.52,0,477.00,498.46,465.07
2025-10-20 01:23:55,SELL_SIGNAL,KRW-ENA,750.50,0,0,hold,보유중 (-0.20%),0,0,0,0,0,0,0,-0.20,0,752.00,785.84,733.20
2025-10-20 01:24:00,SELL_SIGNAL,KRW-ENA,750.50,0,0,hold,보유중 (-0.20%),0,0,0,0,0,0,0,-0.20,0,752.00,785.84,733.20
2025-10-20 01:24:00,SELL_SIGNAL,KRW-ETH,6016500.00,0,0,hold,보유중 (-0.02%),0,0,0,0,0,0,0,-0.02,0,6018000.00,6288810.00,5867550.00
2025-10-20 01:24:00,SELL_SIGNAL,KRW-MIRA,474.50,0,0,hold,보유중 (-0.52%),0,0,0,0,0,0,0,-0.52,0,477.00,498.46,465.07
2025-10-20 01:24:05,SELL_SIGNAL,KRW-ETH,6016500.00,0,0,hold,보유중 (-0.02%),0,0,0,0,0,0,0,-0.02,0,6018000.00,6288810.00,5867550.00
2025-10-20 01:24:05,SELL_SIGNAL,KRW-MIRA,474.50,0,0,hold,보유중 (-0.52%),0,0,0,0,0,0,0,-0.52,0,477.00,498.46,465.07
2025-10-20 01:24:05,SELL_SIGNAL,KRW-ENA,750.50,0,0,hold,보유중 (-0.20%),0,0,0,0,0,0,0,-0.20,0,752.00,785.84,733.20
2025-10-20 01:24:10,SELL_SIGNAL,KRW-ETH,6016500.00,0,0,hold,보유중 (-0.02%),0,0,0,0,0,0,0,-0.02,0,6018000.00,6288810.00,5867550.00
2025-10-20 01:24:10,SELL_SIGNAL,KRW-MIRA,474.50,0,0,hold,보유중 (-0.52%),0,0,0,0,0,0,0,-0.52,0,477.00,498.46,465.07
2025-10-20 01:24:10,SELL_SIGNAL,KRW-ENA,750.50,0,0,hold,보유중 (-0.20%),0,0,0,0,0,0,0,-0.20,0,752.00,785.84,733.20
2025-10-20 01:24:15,SELL_SIGNAL,KRW-ETH,6016500.00,0,0,hold,보유중 (-0.02%),0,0,0,0,0,0,0,-0.02,0,6018000.00,6288810.00,5867550.00
2025-10-20 01:24:16,SELL_SIGNAL,KRW-MIRA,474.50,0,0,hold,보유중 (-0.52%),0,0,0,0,0,0,0,-0.52,0,477.00,498.46,465.07
2025-10-20 01:24:16,SELL_SIGNAL,KRW-ENA,750.50,0,0,hold,보유중 (-0.20%),0,0,0,0,0,0,0,-0.20,0,752.00,785.84,733.20
2025-10-20 01:24:17,SELL_SIGNAL,KRW-ETH,6018000.00,0,0,hold,보유중 (+0.00%),0,0,0,0,0,0,0,+0.00,0,6018000.00,6288810.00,5867550.00
2025-10-20 01:24:21,SELL_SIGNAL,KRW-MIRA,475.00,0,0,hold,보유중 (-0.42%),0,0,0,0,0,0,0,-0.42,0,477.00,498.46,465.07
2025-10-20 01:24:21,SELL_SIGNAL,KRW-ENA,750.50,0,0,hold,보유중 (-0.20%),0,0,0,0,0,0,0,-0.20,0,752.00,785.84,733.20
2025-10-20 01:24:24,SELL_SIGNAL,KRW-ETH,6018000.00,0,0,hold,보유중 (+0.00%),0,0,0,0,0,0,0,+0.00,0,6018000.00,6288810.00,5867550.00
2025-10-20 01:24:26,SELL_SIGNAL,KRW-MIRA,475.00,0,0,hold,보유중 (-0.42%),0,0,0,0,0,0,0,-0.42,0,477.00,498.46,465.07
2025-10-20 01:24:26,SELL_SIGNAL,KRW-ENA,750.50,0,0,hold,보유중 (-0.20%),0,0,0,0,0,0,0,-0.20,0,752.00,785.84,733.20
2025-10-20 01:24:27,SELL_SIGNAL,KRW-MIRA,475.50,0,0,hold,보유중 (-0.31%),0,0,0,0,0,0,0,-0.31,0,477.00,498.46,465.07
2025-10-20 01:24:31,SELL_SIGNAL,KRW-ETH,6018000.00,0,0,hold,보유중 (+0.00%),0,0,0,0,0,0,0,+0.00,0,6018000.00,6288810.00,5867550.00
2025-10-20 01:24:31,SELL_SIGNAL,KRW-MIRA,474.50,0,0,hold,보유중 (-0.52%),0,0,0,0,0,0,0,-0.52,0,477.00,498.46,465.07
2025-10-20 01:24:31,SELL_SIGNAL,KRW-ENA,750.50,0,0,hold,보유중 (-0.20%),0,0,0,0,0,0,0,-0.20,0,752.00,785.84,733.20
2025-10-20 01:24:33,SELL_SIGNAL,KRW-ENA,751.00,0,0,hold,보유중 (-0.13%),0,0,0,0,0,0,0,-0.13,0,752.00,785.84,733.20
2025-10-20 01:24:35,SELL_SIGNAL,KRW-ETH,6018500.00,0,0,hold,보유중 (+0.01%),0,0,0,0,0,0,0,+0.01,0,6018000.00,6288810.00,5867550.00
2025-10-20 01:24:36,SELL_SIGNAL,KRW-MIRA,474.50,0,0,hold,보유중 (-0.52%),0,0,0,0,0,0,0,-0.52,0,477.00,498.46,465.07
2025-10-20 01:24:40,SELL_SIGNAL,KRW-ETH,6018500.00,0,0,hold,보유중 (+0.01%),0,0,0,0,0,0,0,+0.01,0,6018000.00,6288810.00,5867550.00
2025-10-20 01:24:42,SELL_SIGNAL,KRW-MIRA,474.50,0,0,hold,보유중 (-0.52%),0,0,0,0,0,0,0,-0.52,0,477.00,498.46,465.07
2025-10-20 01:24:42,SELL_SIGNAL,KRW-ENA,751.00,0,0,hold,보유중 (-0.13%),0,0,0,0,0,0,0,-0.13,0,752.00,785.84,733.20
2025-10-20 01:24:46,SELL_SIGNAL,KRW-ETH,6018500.00,0,0,hold,보유중 (+0.01%),0,0,0,0,0,0,0,+0.01,0,6018000.00,6288810.00,5867550.00
2025-10-20 01:24:47,SELL_SIGNAL,KRW-MIRA,474.50,0,0,hold,보유중 (-0.52%),0,0,0,0,0,0,0,-0.52,0,477.00,498.46,465.07
2025-10-20 01:24:47,SELL_SIGNAL,KRW-ENA,751.00,0,0,hold,보유중 (-0.13%),0,0,0,0,0,0,0,-0.13,0,752.00,785.84,733.20
2025-10-20 01:24:51,SELL_SIGNAL,KRW-ETH,6018500.00,0,0,hold,보유중 (+0.01%),0,0,0,0,0,0,0,+0.01,0,6018000.00,6288810.00,5867550.00
2025-10-20 01:24:52,SELL_SIGNAL,KRW-MIRA,474.50,0,0,hold,보유중 (-0.52%),0,0,0,0,0,0,0,-0.52,0,477.00,498.46,465.07
2025-10-20 01:24:52,SELL_SIGNAL,KRW-ENA,751.00,0,0,hold,보유중 (-0.13%),0,0,0,0,0,0,0,-0.13,0,752.00,785.84,733.20
2025-10-20 01:24:57,SELL_SIGNAL,KRW-ETH,6018500.00,0,0,hold,보유중 (+0.01%),0,0,0,0,0,0,0,+0.01,0,6018000.00,6288810.00,5867550.00
2025-10-20 01:24:57,SELL_SIGNAL,KRW-MIRA,474.50,0,0,hold,보유중 (-0.52%),0,0,0,0,0,0,0,-0.52,0,477.00,498.46,465.07
2025-10-20 01:24:57,SELL_SIGNAL,KRW-ENA,751.00,0,0,hold,보유중 (-0.13%),0,0,0,0,0,0,0,-0.13,0,752.00,785.84,733.20
2025-10-20 01:25:02,SELL_SIGNAL,KRW-ETH,6018500.00,0,0,hold,보유중 (+0.01%),0,0,0,0,0,0,0,+0.01,0,6018000.00,6288810.00,5867550.00
2025-10-20 01:25:02,SELL_SIGNAL,KRW-MIRA,474.50,0,0,hold,보유중 (-0.52%),0,0,0,0,0,0,0,-0.52,0,477.00,498.46,465.07
2025-10-20 01:25:02,SELL_SIGNAL,KRW-ENA,751.00,0,0,hold,보유중 (-0.13%),0,0,0,0,0,0,0,-0.13,0,752.00,785.84,733.20
2025-10-20 01:25:06,SELL_SIGNAL,KRW-ETH,6019500.00,0,0,hold,보유중 (+0.02%),0,0,0,0,0,0,0,+0.02,0,6018000.00,6288810.00,5867550.00
2025-10-20 01:25:07,SELL_SIGNAL,KRW-MIRA,474.50,0,0,hold,보유중 (-0.52%),0,0,0,0,0,0,0,-0.52,0,477.00,498.46,465.07
2025-10-20 01:25:07,SELL_SIGNAL,KRW-ENA,751.00,0,0,hold,보유중 (-0.13%),0,0,0,0,0,0,0,-0.13,0,752.00,785.84,733.20
2025-10-20 01:25:11,SELL_SIGNAL,KRW-ETH,6019500.00,0,0,hold,보유중 (+0.02%),0,0,0,0,0,0,0,+0.02,0,6018000.00,6288810.00,5867550.00
2025-10-20 01:25:12,SELL_SIGNAL,KRW-MIRA,474.50,0,0,hold,보유중 (-0.52%),0,0,0,0,0,0,0,-0.52,0,477.00,498.46,465.07
2025-10-20 01:25:12,SELL_SIGNAL,KRW-ENA,751.00,0,0,hold,보유중 (-0.13%),0,0,0,0,0,0,0,-0.13,0,752.00,785.84,733.20
2025-10-20 01:25:17,SELL_SIGNAL,KRW-ETH,6019500.00,0,0,hold,보유중 (+0.02%),0,0,0,0,0,0,0,+0.02,0,6018000.00,6288810.00,5867550.00
2025-10-20 01:25:17,SELL_SIGNAL,KRW-MIRA,474.50,0,0,hold,보유중 (-0.52%),0,0,0,0,0,0,0,-0.52,0,477.00,498.46,465.07
2025-10-20 01:25:17,SELL_SIGNAL,KRW-ENA,751.00,0,0,hold,보유중 (-0.13%),0,0,0,0,0,0,0,-0.13,0,752.00,785.84,733.20
2025-10-20 01:25:20,SELL_SIGNAL,KRW-ENA,750.50,0,0,hold,보유중 (-0.20%),0,0,0,0,0,0,0,-0.20,0,752.00,785.84,733.20
2025-10-20 01:25:22,SELL_SIGNAL,KRW-ETH,6018000.00,0,0,hold,보유중 (+0.00%),0,0,0,0,0,0,0,+0.00,0,6018000.00,6288810.00,5867550.00
2025-10-20 01:25:23,SELL_SIGNAL,KRW-MIRA,474.50,0,0,hold,보유중 (-0.52%),0,0,0,0,0,0,0,-0.52,0,477.00,498.46,465.07
2025-10-20 01:25:23,SELL_SIGNAL,KRW-ENA,751.00,0,0,hold,보유중 (-0.13%),0,0,0,0,0,0,0,-0.13,0,752.00,785.84,733.20
2025-10-20 01:25:27,SELL_SIGNAL,KRW-ENA,750.50,0,0,hold,보유중 (-0.20%),0,0,0,0,0,0,0,-0.20,0,752.00,785.84,733.20
2025-10-20 01:25:28,SELL_SIGNAL,KRW-ETH,6018000.00,0,0,hold,보유중 (+0.00%),0,0,0,0,0,0,0,+0.00,0,6018000.00,6288810.00,5867550.00
2025-10-20 01:25:29,SELL_SIGNAL,KRW-MIRA,474.50,0,0,hold,보유중 (-0.52%),0,0,0,0,0,0,0,-0.52,0,477.00,498.46,465.07
2025-10-20 01:25:29,SELL_SIGNAL,KRW-ENA,749.50,0,0,hold,보유중 (-0.33%),0,0,0,0,0,0,0,-0.33,0,752.00,785.84,733.20
2025-10-20 01:25:34,SELL_SIGNAL,KRW-ETH,6017500.00,0,0,hold,보유중 (-0.01%),0,0,0,0,0,0,0,-0.01,0,6018000.00,6288810.00,5867550.00
2025-10-20 01:25:34,SELL_SIGNAL,KRW-MIRA,474.50,0,0,hold,보유중 (-0.52%),0,0,0,0,0,0,0,-0.52,0,477.00,498.46,465.07
2025-10-20 01:25:34,SELL_SIGNAL,KRW-ENA,749.50,0,0,hold,보유중 (-0.33%),0,0,0,0,0,0,0,-0.33,0,752.00,785.84,733.20
2025-10-20 01:25:39,SELL_SIGNAL,KRW-ETH,6012500.00,0,0,hold,보유중 (-0.09%),0,0,0,0,0,0,0,-0.09,0,6018000.00,6288810.00,5867550.00
2025-10-20 01:25:39,SELL_SIGNAL,KRW-MIRA,474.50,0,0,hold,보유중 (-0.52%),0,0,0,0,0,0,0,-0.52,0,477.00,498.46,465.07
2025-10-20 01:25:39,SELL_SIGNAL,KRW-ENA,749.50,0,0,hold,보유중 (-0.33%),0,0,0,0,0,0,0,-0.33,0,752.00,785.84,733.20
2025-10-20 01:25:43,SELL_SIGNAL,KRW-ETH,6015500.00,0,0,hold,보유중 (-0.04%),0,0,0,0,0,0,0,-0.04,0,6018000.00,6288810.00,5867550.00
2025-10-20 01:25:44,SELL_SIGNAL,KRW-ETH,6012500.00,0,0,hold,보유중 (-0.09%),0,0,0,0,0,0,0,-0.09,0,6018000.00,6288810.00,5867550.00
2025-10-20 01:25:44,SELL_SIGNAL,KRW-MIRA,474.50,0,0,hold,보유중 (-0.52%),0,0,0,0,0,0,0,-0.52,0,477.00,498.46,465.07
2025-10-20 01:25:44,SELL_SIGNAL,KRW-ENA,749.50,0,0,hold,보유중 (-0.33%),0,0,0,0,0,0,0,-0.33,0,752.00,785.84,733.20
2025-10-20 01:25:47,SELL_SIGNAL,KRW-ENA,750.00,0,0,hold,보유중 (-0.27%),0,0,0,0,0,0,0,-0.27,0,752.00,785.84,733.20
2025-10-20 01:25:49,SELL_SIGNAL,KRW-ETH,6016000.00,0,0,hold,보유중 (-0.03%),0,0,0,0,0,0,0,-0.03,0,6018000.00,6288810.00,5867550.00
2025-10-20 01:25:49,SELL_SIGNAL,KRW-MIRA,474.50,0,0,hold,보유중 (-0.52%),0,0,0,0,0,0,0,-0.52,0,477.00,498.46,465.07
2025-10-20 01:25:54,SELL_SIGNAL,KRW-ETH,6016000.00,0,0,hold,보유중 (-0.03%),0,0,0,0,0,0,0,-0.03,0,6018000.00,6288810.00,5867550.00
2025-10-20 01:25:54,SELL_SIGNAL,KRW-MIRA,475.00,0,0,hold,보유중 (-0.42%),0,0,0,0,0,0,0,-0.42,0,477.00,498.46,465.07
2025-10-20 01:25:54,SELL_SIGNAL,KRW-ENA,750.00,0,0,hold,보유중 (-0.27%),0,0,0,0,0,0,0,-0.27,0,752.00,785.84,733.20
2025-10-20 01:25:59,SELL_SIGNAL,KRW-ETH,6014500.00,0,0,hold,보유중 (-0.06%),0,0,0,0,0,0,0,-0.06,0,6018000.00,6288810.00,5867550.00
2025-10-20 01:25:59,SELL_SIGNAL,KRW-MIRA,475.00,0,0,hold,보유중 (-0.42%),0,0,0,0,0,0,0,-0.42,0,477.00,498.46,465.07
2025-10-20 01:25:59,SELL_SIGNAL,KRW-ENA,750.00,0,0,hold,보유중 (-0.27%),0,0,0,0,0,0,0,-0.27,0,752.00,785.84,733.20
2025-10-20 01:26:04,SELL_SIGNAL,KRW-ETH,6014500.00,0,0,hold,보유중 (-0.06%),0,0,0,0,0,0,0,-0.06,0,6018000.00,6288810.00,5867550.00
2025-10-20 01:26:04,SELL_SIGNAL,KRW-MIRA,475.00,0,0,hold,보유중 (-0.42%),0,0,0,0,0,0,0,-0.42,0,477.00,498.46,465.07
2025-10-20 01:26:04,SELL_SIGNAL,KRW-ENA,750.00,0,0,hold,보유중 (-0.27%),0,0,0,0,0,0,0,-0.27,0,752.00,785.84,733.20
2025-10-20 01:26:05,SELL_SIGNAL,KRW-ETH,6017500.00,0,0,hold,보유중 (-0.01%),0,0,0,0,0,0,0,-0.01,0,6018000.00,6288810.00,5867550.00
2025-10-20 01:26:07,SELL_SIGNAL,KRW-ETH,6016000.00,0,0,hold,보유중 (-0.03%),0,0,0,0,0,0,0,-0.03,0,6018000.00,6288810.00,5867550.00
2025-10-20 01:26:09,SELL_SIGNAL,KRW-ETH,6016500.00,0,0,hold,보유중 (-0.02%),0,0,0,0,0,0,0,-0.02,0,6018000.00,6288810.00,5867550.00
2025-10-20 01:26:09,SELL_SIGNAL,KRW-MIRA,475.00,0,0,hold,보유중 (-0.42%),0,0,0,0,0,0,0,-0.42,0,477.00,498.46,465.07
2025-10-20 01:26:09,SELL_SIGNAL,KRW-ENA,750.50,0,0,hold,보유중 (-0.20%),0,0,0,0,0,0,0,-0.20,0,752.00,785.84,733.20
2025-10-20 01:26:12,SELL_SIGNAL,KRW-ENA,750.00,0,0,hold,보유중 (-0.27%),0,0,0,0,0,0,0,-0.27,0,752.00,785.84,733.20
2025-10-20 01:26:14,SELL_SIGNAL,KRW-ENA,750.50,0,0,hold,보유중 (-0.20%),0,0,0,0,0,0,0,-0.20,0,752.00,785.84,733.20
2025-10-20 01:26:15,SELL_SIGNAL,KRW-ETH,6016500.00,0,0,hold,보유중 (-0.02%),0,0,0,0,0,0,0,-0.02,0,6018000.00,6288810.00,5867550.00
2025-10-20 01:26:15,SELL_SIGNAL,KRW-MIRA,475.00,0,0,hold,보유중 (-0.42%),0,0,0,0,0,0,0,-0.42,0,477.00,498.46,465.07
2025-10-20 01:26:19,SELL_SIGNAL,KRW-ETH,6012500.00,0,0,hold,보유중 (-0.09%),0,0,0,0,0,0,0,-0.09,0,6018000.00,6288810.00,5867550.00
2025-10-20 01:26:20,SELL_SIGNAL,KRW-MIRA,475.00,0,0,hold,보유중 (-0.42%),0,0,0,0,0,0,0,-0.42,0,477.00,498.46,465.07
2025-10-20 01:26:20,SELL_SIGNAL,KRW-ENA,751.00,0,0,hold,보유중 (-0.13%),0,0,0,0,0,0,0,-0.13,0,752.00,785.84,733.20
2025-10-20 01:26:25,SELL_SIGNAL,KRW-ETH,6012500.00,0,0,hold,보유중 (-0.09%),0,0,0,0,0,0,0,-0.09,0,6018000.00,6288810.00,5867550.00
2025-10-20 01:26:25,SELL_SIGNAL,KRW-MIRA,475.00,0,0,hold,보유중 (-0.42%),0,0,0,0,0,0,0,-0.42,0,477.00,498.46,465.07
2025-10-20 01:26:25,SELL_SIGNAL,KRW-ENA,751.00,0,0,hold,보유중 (-0.13%),0,0,0,0,0,0,0,-0.13,0,752.00,785.84,733.20
2025-10-20 01:26:29,SELL_SIGNAL,KRW-ENA,751.50,0,0,hold,보유중 (-0.07%),0,0,0,0,0,0,0,-0.07,0,752.00,785.84,733.20
2025-10-20 01:26:30,SELL_SIGNAL,KRW-ETH,6012500.00,0,0,hold,보유중 (-0.09%),0,0,0,0,0,0,0,-0.09,0,6018000.00,6288810.00,5867550.00
2025-10-20 01:26:30,SELL_SIGNAL,KRW-MIRA,475.00,0,0,hold,보유중 (-0.42%),0,0,0,0,0,0,0,-0.42,0,477.00,498.46,465.07
2025-10-20 01:26:33,SELL_SIGNAL,KRW-ETH,6011500.00,0,0,hold,보유중 (-0.11%),0,0,0,0,0,0,0,-0.11,0,6018000.00,6288810.00,5867550.00
2025-10-20 01:26:35,SELL_SIGNAL,KRW-MIRA,475.00,0,0,hold,보유중 (-0.42%),0,0,0,0,0,0,0,-0.42,0,477.00,498.46,465.07
2025-10-20 01:26:35,SELL_SIGNAL,KRW-ENA,751.50,0,0,hold,보유중 (-0.07%),0,0,0,0,0,0,0,-0.07,0,752.00,785.84,733.20
2025-10-20 01:26:39,SELL_SIGNAL,KRW-ETH,6011500.00,0,0,hold,보유중 (-0.11%),0,0,0,0,0,0,0,-0.11,0,6018000.00,6288810.00,5867550.00
2025-10-20 01:26:40,SELL_SIGNAL,KRW-ETH,6012500.00,0,0,hold,보유중 (-0.09%),0,0,0,0,0,0,0,-0.09,0,6018000.00,6288810.00,5867550.00
2025-10-20 01:26:40,SELL_SIGNAL,KRW-MIRA,475.00,0,0,hold,보유중 (-0.42%),0,0,0,0,0,0,0,-0.42,0,477.00,498.46,465.07
2025-10-20 01:26:40,SELL_SIGNAL,KRW-ENA,752.50,0,0,hold,보유중 (+0.07%),0,0,0,0,0,0,0,+0.07,0,752.00,785.84,733.20
2025-10-20 01:26:45,SELL_SIGNAL,KRW-ETH,6015000.00,0,0,hold,보유중 (-0.05%),0,0,0,0,0,0,0,-0.05,0,6018000.00,6288810.00,5867550.00
2025-10-20 01:26:46,SELL_SIGNAL,KRW-MIRA,475.00,0,0,hold,보유중 (-0.42%),0,0,0,0,0,0,0,-0.42,0,477.00,498.46,465.07
2025-10-20 01:26:46,SELL_SIGNAL,KRW-ENA,752.50,0,0,hold,보유중 (+0.07%),0,0,0,0,0,0,0,+0.07,0,752.00,785.84,733.20
2025-10-20 01:26:47,SELL_SIGNAL,KRW-ETH,6015500.00,0,0,hold,보유중 (-0.04%),0,0,0,0,0,0,0,-0.04,0,6018000.00,6288810.00,5867550.00
2025-10-20 01:26:51,SELL_SIGNAL,KRW-ETH,6016500.00,0,0,hold,보유중 (-0.02%),0,0,0,0,0,0,0,-0.02,0,6018000.00,6288810.00,5867550.00
2025-10-20 01:26:51,SELL_SIGNAL,KRW-MIRA,475.50,0,0,hold,보유중 (-0.31%),0,0,0,0,0,0,0,-0.31,0,477.00,498.46,465.07
2025-10-20 01:26:51,SELL_SIGNAL,KRW-ENA,753.00,0,0,hold,보유중 (+0.13%),0,0,0,0,0,0,0,+0.13,0,752.00,785.84,733.20
2025-10-20 01:26:56,SELL_SIGNAL,KRW-ETH,6016500.00,0,0,hold,보유중 (-0.02%),0,0,0,0,0,0,0,-0.02,0,6018000.00,6288810.00,5867550.00
2025-10-20 01:26:56,SELL_SIGNAL,KRW-MIRA,475.50,0,0,hold,보유중 (-0.31%),0,0,0,0,0,0,0,-0.31,0,477.00,498.46,465.07
2025-10-20 01:26:56,SELL_SIGNAL,KRW-ENA,753.50,0,0,hold,보유중 (+0.20%),0,0,0,0,0,0,0,+0.20,0,752.00,785.84,733.20
2025-10-20 01:27:01,SELL_SIGNAL,KRW-ETH,6016500.00,0,0,hold,보유중 (-0.02%),0,0,0,0,0,0,0,-0.02,0,6018000.00,6288810.00,5867550.00
2025-10-20 01:27:01,SELL_SIGNAL,KRW-MIRA,475.50,0,0,hold,보유중 (-0.31%),0,0,0,0,0,0,0,-0.31,0,477.00,498.46,465.07
2025-10-20 01:27:01,SELL_SIGNAL,KRW-ENA,753.50,0,0,hold,보유중 (+0.20%),0,0,0,0,0,0,0,+0.20,0,752.00,785.84,733.20
2025-10-20 01:27:06,SELL_SIGNAL,KRW-ETH,6016500.00,0,0,hold,보유중 (-0.02%),0,0,0,0,0,0,0,-0.02,0,6018000.00,6288810.00,5867550.00
2025-10-20 01:27:06,SELL_SIGNAL,KRW-MIRA,475.50,0,0,hold,보유중 (-0.31%),0,0,0,0,0,0,0,-0.31,0,477.00,498.46,465.07
2025-10-20 01:27:06,SELL_SIGNAL,KRW-ENA,753.50,0,0,hold,보유중 (+0.20%),0,0,0,0,0,0,0,+0.20,0,752.00,785.84,733.20
2025-10-20 01:27:11,SELL_SIGNAL,KRW-ETH,6015500.00,0,0,hold,보유중 (-0.04%),0,0,0,0,0,0,0,-0.04,0,6018000.00,6288810.00,5867550.00
2025-10-20 01:27:11,SELL_SIGNAL,KRW-MIRA,475.50,0,0,hold,보유중 (-0.31%),0,0,0,0,0,0,0,-0.31,0,477.00,498.46,465.07
2025-10-20 01:27:11,SELL_SIGNAL,KRW-ENA,753.50,0,0,hold,보유중 (+0.20%),0,0,0,0,0,0,0,+0.20,0,752.00,785.84,733.20
2025-10-20 01:27:16,SELL_SIGNAL,KRW-ETH,6015500.00,0,0,hold,보유중 (-0.04%),0,0,0,0,0,0,0,-0.04,0,6018000.00,6288810.00,5867550.00
2025-10-20 01:27:16,SELL_SIGNAL,KRW-MIRA,475.50,0,0,hold,보유중 (-0.31%),0,0,0,0,0,0,0,-0.31,0,477.00,498.46,465.07
2025-10-20 01:27:16,SELL_SIGNAL,KRW-ENA,753.50,0,0,hold,보유중 (+0.20%),0,0,0,0,0,0,0,+0.20,0,752.00,785.84,733.20
2025-10-20 01:27:21,SELL_SIGNAL,KRW-ETH,6017000.00,0,0,hold,보유중 (-0.02%),0,0,0,0,0,0,0,-0.02,0,6018000.00,6288810.00,5867550.00
2025-10-20 01:27:21,SELL_SIGNAL,KRW-MIRA,475.50,0,0,hold,보유중 (-0.31%),0,0,0,0,0,0,0,-0.31,0,477.00,498.46,465.07
2025-10-20 01:27:21,SELL_SIGNAL,KRW-ENA,753.50,0,0,hold,보유중 (+0.20%),0,0,0,0,0,0,0,+0.20,0,752.00,785.84,733.20
2025-10-20 01:27:26,SELL_SIGNAL,KRW-ETH,6017000.00,0,0,hold,보유중 (-0.02%),0,0,0,0,0,0,0,-0.02,0,6018000.00,6288810.00,5867550.00
2025-10-20 01:27:26,SELL_SIGNAL,KRW-MIRA,475.50,0,0,hold,보유중 (-0.31%),0,0,0,0,0,0,0,-0.31,0,477.00,498.46,465.07
2025-10-20 01:27:26,SELL_SIGNAL,KRW-ENA,753.50,0,0,hold,보유중 (+0.20%),0,0,0,0,0,0,0,+0.20,0,752.00,785.84,733.20
2025-10-20 01:27:31,SELL_SIGNAL,KRW-ENA,753.50,0,0,hold,보유중 (+0.20%),0,0,0,0,0,0,0,+0.20,0,752.00,785.84,733.20
2025-10-20 01:27:32,SELL_SIGNAL,KRW-MIRA,475.50,0,0,hold,보유중 (-0.31%),0,0,0,0,0,0,0,-0.31,0,477.00,498.46,465.07
2025-10-20 01:27:32,SELL_SIGNAL,KRW-ETH,6017000.00,0,0,hold,보유중 (-0.02%),0,0,0,0,0,0,0,-0.02,0,6018000.00,6288810.00,5867550.00
2025-10-20 01:27:37,SELL_SIGNAL,KRW-ETH,6017000.00,0,0,hold,보유중 (-0.02%),0,0,0,0,0,0,0,-0.02,0,6018000.00,6288810.00,5867550.00
2025-10-20 01:27:37,SELL_SIGNAL,KRW-MIRA,475.50,0,0,hold,보유중 (-0.31%),0,0,0,0,0,0,0,-0.31,0,477.00,498.46,465.07
2025-10-20 01:27:37,SELL_SIGNAL,KRW-ENA,753.50,0,0,hold,보유중 (+0.20%),0,0,0,0,0,0,0,+0.20,0,752.00,785.84,733.20
2025-10-20 01:27:42,SELL_SIGNAL,KRW-ETH,6018000.00,0,0,hold,보유중 (+0.00%),0,0,0,0,0,0,0,+0.00,0,6018000.00,6288810.00,5867550.00
2025-10-20 01:27:42,SELL_SIGNAL,KRW-MIRA,475.50,0,0,hold,보유중 (-0.31%),0,0,0,0,0,0,0,-0.31,0,477.00,498.46,465.07
2025-10-20 01:27:42,SELL_SIGNAL,KRW-ENA,753.50,0,0,hold,보유중 (+0.20%),0,0,0,0,0,0,0,+0.20,0,752.00,785.84,733.20
2025-10-20 01:27:47,SELL_SIGNAL,KRW-ETH,6018000.00,0,0,hold,보유중 (+0.00%),0,0,0,0,0,0,0,+0.00,0,6018000.00,6288810.00,5867550.00
2025-10-20 01:27:47,SELL_SIGNAL,KRW-MIRA,475.50,0,0,hold,보유중 (-0.31%),0,0,0,0,0,0,0,-0.31,0,477.00,498.46,465.07
2025-10-20 01:27:47,SELL_SIGNAL,KRW-ENA,753.50,0,0,hold,보유중 (+0.20%),0,0,0,0,0,0,0,+0.20,0,752.00,785.84,733.20
2025-10-20 01:27:52,SELL_SIGNAL,KRW-ETH,6018000.00,0,0,hold,보유중 (+0.00%),0,0,0,0,0,0,0,+0.00,0,6018000.00,6288810.00,5867550.00
2025-10-20 01:27:52,SELL_SIGNAL,KRW-MIRA,475.50,0,0,hold,보유중 (-0.31%),0,0,0,0,0,0,0,-0.31,0,477.00,498.46,465.07
2025-10-20 01:27:52,SELL_SIGNAL,KRW-ENA,753.00,0,0,hold,보유중 (+0.13%),0,0,0,0,0,0,0,+0.13,0,752.00,785.84,733.20
2025-10-20 01:27:57,SELL_SIGNAL,KRW-ETH,6018000.00,0,0,hold,보유중 (+0.00%),0,0,0,0,0,0,0,+0.00,0,6018000.00,6288810.00,5867550.00
2025-10-20 01:27:57,SELL_SIGNAL,KRW-MIRA,475.50,0,0,hold,보유중 (-0.31%),0,0,0,0,0,0,0,-0.31,0,477.00,498.46,465.07
2025-10-20 01:27:57,SELL_SIGNAL,KRW-ENA,753.00,0,0,hold,보유중 (+0.13%),0,0,0,0,0,0,0,+0.13,0,752.00,785.84,733.20
2025-10-20 01:28:02,SELL_SIGNAL,KRW-ETH,6018000.00,0,0,hold,보유중 (+0.00%),0,0,0,0,0,0,0,+0.00,0,6018000.00,6288810.00,5867550.00
2025-10-20 01:28:02,SELL_SIGNAL,KRW-MIRA,475.50,0,0,hold,보유중 (-0.31%),0,0,0,0,0,0,0,-0.31,0,477.00,498.46,465.07
2025-10-20 01:28:02,SELL_SIGNAL,KRW-ENA,753.00,0,0,hold,보유중 (+0.13%),0,0,0,0,0,0,0,+0.13,0,752.00,785.84,733.20
2025-10-20 01:28:07,SELL_SIGNAL,KRW-ETH,6016500.00,0,0,hold,보유중 (-0.02%),0,0,0,0,0,0,0,-0.02,0,6018000.00,6288810.00,5867550.00
2025-10-20 01:28:07,SELL_SIGNAL,KRW-MIRA,475.50,0,0,hold,보유중 (-0.31%),0,0,0,0,0,0,0,-0.31,0,477.00,498.46,465.07
2025-10-20 01:28:08,SELL_SIGNAL,KRW-ENA,752.50,0,0,hold,보유중 (+0.07%),0,0,0,0,0,0,0,+0.07,0,752.00,785.84,733.20
2025-10-20 01:28:09,SELL_SIGNAL,KRW-ETH,6015500.00,0,0,hold,보유중 (-0.04%),0,0,0,0,0,0,0,-0.04,0,6018000.00,6288810.00,5867550.00
2025-10-20 01:28:10,SELL_SIGNAL,KRW-ETH,6016000.00,0,0,hold,보유중 (-0.03%),0,0,0,0,0,0,0,-0.03,0,6018000.00,6288810.00,5867550.00
2025-10-20 01:28:13,SELL_SIGNAL,KRW-ENA,751.50,0,0,hold,보유중 (-0.07%),0,0,0,0,0,0,0,-0.07,0,752.00,785.84,733.20
2025-10-20 01:28:13,SELL_SIGNAL,KRW-MIRA,475.50,0,0,hold,보유중 (-0.31%),0,0,0,0,0,0,0,-0.31,0,477.00,498.46,465.07
2025-10-20 01:28:15,SELL_SIGNAL,KRW-ENA,752.00,0,0,hold,보유중 (+0.00%),0,0,0,0,0,0,0,+0.00,0,752.00,785.84,733.20
2025-10-20 01:28:16,SELL_SIGNAL,KRW-ETH,6016000.00,0,0,hold,보유중 (-0.03%),0,0,0,0,0,0,0,-0.03,0,6018000.00,6288810.00,5867550.00
2025-10-20 01:28:18,SELL_SIGNAL,KRW-ENA,752.50,0,0,hold,보유중 (+0.07%),0,0,0,0,0,0,0,+0.07,0,752.00,785.84,733.20
2025-10-20 01:28:18,SELL_SIGNAL,KRW-ETH,6015000.00,0,0,hold,보유중 (-0.05%),0,0,0,0,0,0,0,-0.05,0,6018000.00,6288810.00,5867550.00
2025-10-20 01:28:18,SELL_SIGNAL,KRW-MIRA,475.50,0,0,hold,보유중 (-0.31%),0,0,0,0,0,0,0,-0.31,0,477.00,498.46,465.07
2025-10-20 01:28:23,SELL_SIGNAL,KRW-ETH,6014500.00,0,0,hold,보유중 (-0.06%),0,0,0,0,0,0,0,-0.06,0,6018000.00,6288810.00,5867550.00
2025-10-20 01:28:23,SELL_SIGNAL,KRW-MIRA,475.50,0,0,hold,보유중 (-0.31%),0,0,0,0,0,0,0,-0.31,0,477.00,498.46,465.07
2025-10-20 01:28:23,SELL_SIGNAL,KRW-ENA,752.00,0,0,hold,보유중 (+0.00%),0,0,0,0,0,0,0,+0.00,0,752.00,785.84,733.20
2025-10-20 01:28:24,SELL_SIGNAL,KRW-ETH,6015000.00,0,0,hold,보유중 (-0.05%),0,0,0,0,0,0,0,-0.05,0,6018000.00,6288810.00,5867550.00
2025-10-20 01:28:28,SELL_SIGNAL,KRW-MIRA,475.50,0,0,hold,보유중 (-0.31%),0,0,0,0,0,0,0,-0.31,0,477.00,498.46,465.07
2025-10-20 01:28:28,SELL_SIGNAL,KRW-ENA,752.00,0,0,hold,보유중 (+0.00%),0,0,0,0,0,0,0,+0.00,0,752.00,785.84,733.20
2025-10-20 01:28:33,SELL_SIGNAL,KRW-ETH,6015500.00,0,0,hold,보유중 (-0.04%),0,0,0,0,0,0,0,-0.04,0,6018000.00,6288810.00,5867550.00
2025-10-20 01:28:33,SELL_SIGNAL,KRW-MIRA,475.50,0,0,hold,보유중 (-0.31%),0,0,0,0,0,0,0,-0.31,0,477.00,498.46,465.07
2025-10-20 01:28:33,SELL_SIGNAL,KRW-ENA,752.00,0,0,hold,보유중 (+0.00%),0,0,0,0,0,0,0,+0.00,0,752.00,785.84,733.20
2025-10-20 01:28:36,SELL_SIGNAL,KRW-ETH,6014500.00,0,0,hold,보유중 (-0.06%),0,0,0,0,0,0,0,-0.06,0,6018000.00,6288810.00,5867550.00
2025-10-20 01:28:38,SELL_SIGNAL,KRW-MIRA,475.50,0,0,hold,보유중 (-0.31%),0,0,0,0,0,0,0,-0.31,0,477.00,498.46,465.07
2025-10-20 01:28:38,SELL_SIGNAL,KRW-ENA,752.00,0,0,hold,보유중 (+0.00%),0,0,0,0,0,0,0,+0.00,0,752.00,785.84,733.20
2025-10-20 01:28:41,SELL_SIGNAL,KRW-ETH,6014500.00,0,0,hold,보유중 (-0.06%),0,0,0,0,0,0,0,-0.06,0,6018000.00,6288810.00,5867550.00
2025-10-20 01:28:44,SELL_SIGNAL,KRW-MIRA,475.50,0,0,hold,보유중 (-0.31%),0,0,0,0,0,0,0,-0.31,0,477.00,498.46,465.07
2025-10-20 01:28:44,SELL_SIGNAL,KRW-ENA,752.50,0,0,hold,보유중 (+0.07%),0,0,0,0,0,0,0,+0.07,0,752.00,785.84,733.20
2025-10-20 01:28:48,SELL_SIGNAL,KRW-ETH,6014500.00,0,0,hold,보유중 (-0.06%),0,0,0,0,0,0,0,-0.06,0,6018000.00,6288810.00,5867550.00
2025-10-20 01:28:49,SELL_SIGNAL,KRW-MIRA,475.50,0,0,hold,보유중 (-0.31%),0,0,0,0,0,0,0,-0.31,0,477.00,498.46,465.07
2025-10-20 01:28:49,SELL_SIGNAL,KRW-ENA,752.50,0,0,hold,보유중 (+0.07%),0,0,0,0,0,0,0,+0.07,0,752.00,785.84,733.20
2025-10-20 01:28:53,SELL_SIGNAL,KRW-ETH,6014500.00,0,0,hold,보유중 (-0.06%),0,0,0,0,0,0,0,-0.06,0,6018000.00,6288810.00,5867550.00
2025-10-20 01:28:53,SELL_SIGNAL,KRW-ENA,753.00,0,0,hold,보유중 (+0.13%),0,0,0,0,0,0,0,+0.13,0,752.00,785.84,733.20
2025-10-20 01:28:54,SELL_SIGNAL,KRW-MIRA,475.50,0,0,hold,보유중 (-0.31%),0,0,0,0,0,0,0,-0.31,0,477.00,498.46,465.07
2025-10-20 01:28:58,SELL_SIGNAL,KRW-ETH,6014500.00,0,0,hold,보유중 (-0.06%),0,0,0,0,0,0,0,-0.06,0,6018000.00,6288810.00,5867550.00
2025-10-20 01:28:59,SELL_SIGNAL,KRW-MIRA,475.50,0,0,hold,보유중 (-0.31%),0,0,0,0,0,0,0,-0.31,0,477.00,498.46,465.07
2025-10-20 01:28:59,SELL_SIGNAL,KRW-ENA,752.50,0,0,hold,보유중 (+0.07%),0,0,0,0,0,0,0,+0.07,0,752.00,785.84,733.20
2025-10-20 01:29:04,SELL_SIGNAL,KRW-ETH,6014500.00,0,0,hold,보유중 (-0.06%),0,0,0,0,0,0,0,-0.06,0,6018000.00,6288810.00,5867550.00
2025-10-20 01:29:04,SELL_SIGNAL,KRW-MIRA,475.50,0,0,hold,보유중 (-0.31%),0,0,0,0,0,0,0,-0.31,0,477.00,498.46,465.07
2025-10-20 01:29:04,SELL_SIGNAL,KRW-ENA,752.50,0,0,hold,보유중 (+0.07%),0,0,0,0,0,0,0,+0.07,0,752.00,785.84,733.20
2025-10-20 01:29:09,SELL_SIGNAL,KRW-ETH,6014500.00,0,0,hold,보유중 (-0.06%),0,0,0,0,0,0,0,-0.06,0,6018000.00,6288810.00,5867550.00
2025-10-20 01:29:09,SELL_SIGNAL,KRW-MIRA,475.50,0,0,hold,보유중 (-0.31%),0,0,0,0,0,0,0,-0.31,0,477.00,498.46,465.07
2025-10-20 01:29:09,SELL_SIGNAL,KRW-ENA,753.50,0,0,hold,보유중 (+0.20%),0,0,0,0,0,0,0,+0.20,0,752.00,785.84,733.20
2025-10-20 01:29:14,SELL_SIGNAL,KRW-ETH,6014500.00,0,0,hold,보유중 (-0.06%),0,0,0,0,0,0,0,-0.06,0,6018000.00,6288810.00,5867550.00
2025-10-20 01:29:14,SELL_SIGNAL,KRW-MIRA,475.50,0,0,hold,보유중 (-0.31%),0,0,0,0,0,0,0,-0.31,0,477.00,498.46,465.07
2025-10-20 01:29:14,SELL_SIGNAL,KRW-ENA,753.00,0,0,hold,보유중 (+0.13%),0,0,0,0,0,0,0,+0.13,0,752.00,785.84,733.20
2025-10-20 01:29:16,SELL_SIGNAL,KRW-ENA,753.50,0,0,hold,보유중 (+0.20%),0,0,0,0,0,0,0,+0.20,0,752.00,785.84,733.20
2025-10-20 01:29:19,SELL_SIGNAL,KRW-ETH,6014500.00,0,0,hold,보유중 (-0.06%),0,0,0,0,0,0,0,-0.06,0,6018000.00,6288810.00,5867550.00
2025-10-20 01:29:19,SELL_SIGNAL,KRW-MIRA,475.50,0,0,hold,보유중 (-0.31%),0,0,0,0,0,0,0,-0.31,0,477.00,498.46,465.07
2025-10-20 01:29:24,SELL_SIGNAL,KRW-ETH,6014500.00,0,0,hold,보유중 (-0.06%),0,0,0,0,0,0,0,-0.06,0,6018000.00,6288810.00,5867550.00
2025-10-20 01:29:24,SELL_SIGNAL,KRW-MIRA,475.50,0,0,hold,보유중 (-0.31%),0,0,0,0,0,0,0,-0.31,0,477.00,498.46,465.07
2025-10-20 01:29:24,SELL_SIGNAL,KRW-ENA,753.50,0,0,hold,보유중 (+0.20%),0,0,0,0,0,0,0,+0.20,0,752.00,785.84,733.20
2025-10-20 01:29:29,SELL_SIGNAL,KRW-ETH,6014500.00,0,0,hold,보유중 (-0.06%),0,0,0,0,0,0,0,-0.06,0,6018000.00,6288810.00,5867550.00
2025-10-20 01:29:30,SELL_SIGNAL,KRW-MIRA,475.50,0,0,hold,보유중 (-0.31%),0,0,0,0,0,0,0,-0.31,0,477.00,498.46,465.07
2025-10-20 01:29:30,SELL_SIGNAL,KRW-ENA,753.50,0,0,hold,보유중 (+0.20%),0,0,0,0,0,0,0,+0.20,0,752.00,785.84,733.20
2025-10-20 01:29:35,SELL_SIGNAL,KRW-ETH,6014500.00,0,0,hold,보유중 (-0.06%),0,0,0,0,0,0,0,-0.06,0,6018000.00,6288810.00,5867550.00
2025-10-20 01:29:35,SELL_SIGNAL,KRW-MIRA,475.50,0,0,hold,보유중 (-0.31%),0,0,0,0,0,0,0,-0.31,0,477.00,498.46,465.07
2025-10-20 01:29:35,SELL_SIGNAL,KRW-ENA,753.50,0,0,hold,보유중 (+0.20%),0,0,0,0,0,0,0,+0.20,0,752.00,785.84,733.20
2025-10-20 01:29:40,SELL_SIGNAL,KRW-ETH,6014500.00,0,0,hold,보유중 (-0.06%),0,0,0,0,0,0,0,-0.06,0,6018000.00,6288810.00,5867550.00
2025-10-20 01:29:40,SELL_SIGNAL,KRW-MIRA,475.50,0,0,hold,보유중 (-0.31%),0,0,0,0,0,0,0,-0.31,0,477.00,498.46,465.07
2025-10-20 01:29:40,SELL_SIGNAL,KRW-ENA,753.50,0,0,hold,보유중 (+0.20%),0,0,0,0,0,0,0,+0.20,0,752.00,785.84,733.20
2025-10-20 01:29:45,SELL_SIGNAL,KRW-ETH,6014500.00,0,0,hold,보유중 (-0.06%),0,0,0,0,0,0,0,-0.06,0,6018000.00,6288810.00,5867550.00
2025-10-20 01:29:45,SELL_SIGNAL,KRW-MIRA,475.50,0,0,hold,보유중 (-0.31%),0,0,0,0,0,0,0,-0.31,0,477.00,498.46,465.07
2025-10-20 01:29:45,SELL_SIGNAL,KRW-ENA,753.50,0,0,hold,보유중 (+0.20%),0,0,0,0,0,0,0,+0.20,0,752.00,785.84,733.20
2025-10-20 01:29:50,SELL_SIGNAL,KRW-ETH,6014500.00,0,0,hold,보유중 (-0.06%),0,0,0,0,0,0,0,-0.06,0,6018000.00,6288810.00,5867550.00
2025-10-20 01:29:50,SELL_SIGNAL,KRW-MIRA,475.50,0,0,hold,보유중 (-0.31%),0,0,0,0,0,0,0,-0.31,0,477.00,498.46,465.07
2025-10-20 01:29:50,SELL_SIGNAL,KRW-ENA,753.50,0,0,hold,보유중 (+0.20%),0,0,0,0,0,0,0,+0.20,0,752.00,785.84,733.20
2025-10-20 01:29:55,SELL_SIGNAL,KRW-ETH,6014500.00,0,0,hold,보유중 (-0.06%),0,0,0,0,0,0,0,-0.06,0,6018000.00,6288810.00,5867550.00
2025-10-20 01:29:55,SELL_SIGNAL,KRW-MIRA,475.50,0,0,hold,보유중 (-0.31%),0,0,0,0,0,0,0,-0.31,0,477.00,498.46,465.07
2025-10-20 01:29:55,SELL_SIGNAL,KRW-ENA,753.00,0,0,hold,보유중 (+0.13%),0,0,0,0,0,0,0,+0.13,0,752.00,785.84,733.20
2025-10-20 01:30:00,SELL_SIGNAL,KRW-ETH,6014500.00,0,0,hold,보유중 (-0.06%),0,0,0,0,0,0,0,-0.06,0,6018000.00,6288810.00,5867550.00
2025-10-20 01:30:00,SELL_SIGNAL,KRW-MIRA,475.50,0,0,hold,보유중 (-0.31%),0,0,0,0,0,0,0,-0.31,0,477.00,498.46,465.07
2025-10-20 01:30:00,SELL_SIGNAL,KRW-ENA,753.00,0,0,hold,보유중 (+0.13%),0,0,0,0,0,0,0,+0.13,0,752.00,785.84,733.20
2025-10-20 01:30:05,SELL_SIGNAL,KRW-MIRA,474.50,0,0,hold,보유중 (-0.52%),0,0,0,0,0,0,0,-0.52,0,477.00,498.46,465.07
2025-10-20 01:30:05,SELL_SIGNAL,KRW-ETH,6014500.00,0,0,hold,보유중 (-0.06%),0,0,0,0,0,0,0,-0.06,0,6018000.00,6288810.00,5867550.00
2025-10-20 01:30:05,SELL_SIGNAL,KRW-ENA,753.00,0,0,hold,보유중 (+0.13%),0,0,0,0,0,0,0,+0.13,0,752.00,785.84,733.20
2025-10-20 01:30:10,SELL_SIGNAL,KRW-ETH,6014500.00,0,0,hold,보유중 (-0.06%),0,0,0,0,0,0,0,-0.06,0,6018000.00,6288810.00,5867550.00
2025-10-20 01:30:11,SELL_SIGNAL,KRW-MIRA,474.50,0,0,hold,보유중 (-0.52%),0,0,0,0,0,0,0,-0.52,0,477.00,498.46,465.07
2025-10-20 01:30:11,SELL_SIGNAL,KRW-ENA,753.00,0,0,hold,보유중 (+0.13%),0,0,0,0,0,0,0,+0.13,0,752.00,785.84,733.20
2025-10-20 01:30:16,SELL_SIGNAL,KRW-ETH,6014500.00,0,0,hold,보유중 (-0.06%),0,0,0,0,0,0,0,-0.06,0,6018000.00,6288810.00,5867550.00
2025-10-20 01:30:16,SELL_SIGNAL,KRW-MIRA,474.50,0,0,hold,보유중 (-0.52%),0,0,0,0,0,0,0,-0.52,0,477.00,498.46,465.07
2025-10-20 01:30:16,SELL_SIGNAL,KRW-ENA,753.00,0,0,hold,보유중 (+0.13%),0,0,0,0,0,0,0,+0.13,0,752.00,785.84,733.20
2025-10-20 01:30:21,SELL_SIGNAL,KRW-ETH,6014000.00,0,0,hold,보유중 (-0.07%),0,0,0,0,0,0,0,-0.07,0,6018000.00,6288810.00,5867550.00
2025-10-20 01:30:21,SELL_SIGNAL,KRW-MIRA,474.50,0,0,hold,보유중 (-0.52%),0,0,0,0,0,0,0,-0.52,0,477.00,498.46,465.07
2025-10-20 01:30:21,SELL_SIGNAL,KRW-ENA,753.00,0,0,hold,보유중 (+0.13%),0,0,0,0,0,0,0,+0.13,0,752.00,785.84,733.20
2025-10-20 01:30:26,SELL_SIGNAL,KRW-ETH,6014000.00,0,0,hold,보유중 (-0.07%),0,0,0,0,0,0,0,-0.07,0,6018000.00,6288810.00,5867550.00
2025-10-20 01:30:26,SELL_SIGNAL,KRW-MIRA,474.50,0,0,hold,보유중 (-0.52%),0,0,0,0,0,0,0,-0.52,0,477.00,498.46,465.07
2025-10-20 01:30:26,SELL_SIGNAL,KRW-ENA,753.00,0,0,hold,보유중 (+0.13%),0,0,0,0,0,0,0,+0.13,0,752.00,785.84,733.20
2025-10-20 01:30:31,SELL_SIGNAL,KRW-ETH,6014000.00,0,0,hold,보유중 (-0.07%),0,0,0,0,0,0,0,-0.07,0,6018000.00,6288810.00,5867550.00
2025-10-20 01:30:31,SELL_SIGNAL,KRW-MIRA,474.50,0,0,hold,보유중 (-0.52%),0,0,0,0,0,0,0,-0.52,0,477.00,498.46,465.07
2025-10-20 01:30:31,SELL_SIGNAL,KRW-ENA,753.00,0,0,hold,보유중 (+0.13%),0,0,0,0,0,0,0,+0.13,0,752.00,785.84,733.20
2025-10-20 01:30:35,SELL_SIGNAL,KRW-ETH,6014500.00,0,0,hold,보유중 (-0.06%),0,0,0,0,0,0,0,-0.06,0,6018000.00,6288810.00,5867550.00
2025-10-20 01:30:36,SELL_SIGNAL,KRW-MIRA,474.50,0,0,hold,보유중 (-0.52%),0,0,0,0,0,0,0,-0.52,0,477.00,498.46,465.07
2025-10-20 01:30:36,SELL_SIGNAL,KRW-ENA,753.00,0,0,hold,보유중 (+0.13%),0,0,0,0,0,0,0,+0.13,0,752.00,785.84,733.20
2025-10-20 01:30:40,SELL_SIGNAL,KRW-ETH,6015500.00,0,0,hold,보유중 (-0.04%),0,0,0,0,0,0,0,-0.04,0,6018000.00,6288810.00,5867550.00
2025-10-20 01:30:41,SELL_SIGNAL,KRW-ENA,753.50,0,0,hold,보유중 (+0.20%),0,0,0,0,0,0,0,+0.20,0,752.00,785.84,733.20
2025-10-20 01:30:41,SELL_SIGNAL,KRW-MIRA,474.50,0,0,hold,보유중 (-0.52%),0,0,0,0,0,0,0,-0.52,0,477.00,498.46,465.07
2025-10-20 01:30:46,SELL_SIGNAL,KRW-ENA,753.50,0,0,hold,보유중 (+0.20%),0,0,0,0,0,0,0,+0.20,0,752.00,785.84,733.20
2025-10-20 01:30:46,SELL_SIGNAL,KRW-ETH,6016000.00,0,0,hold,보유중 (-0.03%),0,0,0,0,0,0,0,-0.03,0,6018000.00,6288810.00,5867550.00
2025-10-20 01:30:46,SELL_SIGNAL,KRW-MIRA,474.50,0,0,hold,보유중 (-0.52%),0,0,0,0,0,0,0,-0.52,0,477.00,498.46,465.07
2025-10-20 01:30:51,SELL_SIGNAL,KRW-ETH,6016000.00,0,0,hold,보유중 (-0.03%),0,0,0,0,0,0,0,-0.03,0,6018000.00,6288810.00,5867550.00
2025-10-20 01:30:51,SELL_SIGNAL,KRW-MIRA,474.50,0,0,hold,보유중 (-0.52%),0,0,0,0,0,0,0,-0.52,0,477.00,498.46,465.07
2025-10-20 01:30:51,SELL_SIGNAL,KRW-ENA,753.50,0,0,hold,보유중 (+0.20%),0,0,0,0,0,0,0,+0.20,0,752.00,785.84,733.20
2025-10-20 01:30:52,SELL_SIGNAL,KRW-MIRA,474.00,0,0,hold,보유중 (-0.63%),0,0,0,0,0,0,0,-0.63,0,477.00,498.46,465.07
2025-10-20 01:30:56,SELL_SIGNAL,KRW-ETH,6016000.00,0,0,hold,보유중 (-0.03%),0,0,0,0,0,0,0,-0.03,0,6018000.00,6288810.00,5867550.00
2025-10-20 01:30:56,SELL_SIGNAL,KRW-MIRA,473.50,0,0,hold,보유중 (-0.73%),0,0,0,0,0,0,0,-0.73,0,477.00,498.46,465.07
2025-10-20 01:30:57,SELL_SIGNAL,KRW-ENA,753.50,0,0,hold,보유중 (+0.20%),0,0,0,0,0,0,0,+0.20,0,752.00,785.84,733.20
2025-10-20 01:31:01,SELL_SIGNAL,KRW-ETH,6016500.00,0,0,hold,보유중 (-0.02%),0,0,0,0,0,0,0,-0.02,0,6018000.00,6288810.00,5867550.00
2025-10-20 01:31:02,SELL_SIGNAL,KRW-ETH,6016000.00,0,0,hold,보유중 (-0.03%),0,0,0,0,0,0,0,-0.03,0,6018000.00,6288810.00,5867550.00
2025-10-20 01:31:02,SELL_SIGNAL,KRW-MIRA,473.50,0,0,hold,보유중 (-0.73%),0,0,0,0,0,0,0,-0.73,0,477.00,498.46,465.07
2025-10-20 01:31:02,SELL_SIGNAL,KRW-ENA,753.50,0,0,hold,보유중 (+0.20%),0,0,0,0,0,0,0,+0.20,0,752.00,785.84,733.20
2025-10-20 01:31:03,SELL_SIGNAL,KRW-ETH,6015500.00,0,0,hold,보유중 (-0.04%),0,0,0,0,0,0,0,-0.04,0,6018000.00,6288810.00,5867550.00
2025-10-20 01:31:07,SELL_SIGNAL,KRW-MIRA,472.50,0,0,hold,보유중 (-0.94%),0,0,0,0,0,0,0,-0.94,0,477.00,498.46,465.07
2025-10-20 01:31:07,SELL_SIGNAL,KRW-ENA,753.50,0,0,hold,보유중 (+0.20%),0,0,0,0,0,0,0,+0.20,0,752.00,785.84,733.20
2025-10-20 01:31:09,SELL_SIGNAL,KRW-ETH,6015500.00,0,0,hold,보유중 (-0.04%),0,0,0,0,0,0,0,-0.04,0,6018000.00,6288810.00,5867550.00
2025-10-20 01:31:12,SELL_SIGNAL,KRW-ETH,6016000.00,0,0,hold,보유중 (-0.03%),0,0,0,0,0,0,0,-0.03,0,6018000.00,6288810.00,5867550.00
2025-10-20 01:31:12,SELL_SIGNAL,KRW-MIRA,472.50,0,0,hold,보유중 (-0.94%),0,0,0,0,0,0,0,-0.94,0,477.00,498.46,465.07
2025-10-20 01:31:12,SELL_SIGNAL,KRW-ENA,753.50,0,0,hold,보유중 (+0.20%),0,0,0,0,0,0,0,+0.20,0,752.00,785.84,733.20
2025-10-20 01:31:17,SELL_SIGNAL,KRW-ETH,6016000.00,0,0,hold,보유중 (-0.03%),0,0,0,0,0,0,0,-0.03,0,6018000.00,6288810.00,5867550.00
2025-10-20 01:31:17,SELL_SIGNAL,KRW-MIRA,472.50,0,0,hold,보유중 (-0.94%),0,0,0,0,0,0,0,-0.94,0,477.00,498.46,465.07
2025-10-20 01:31:17,SELL_SIGNAL,KRW-ENA,753.50,0,0,hold,보유중 (+0.20%),0,0,0,0,0,0,0,+0.20,0,752.00,785.84,733.20
2025-10-20 01:31:21,SELL_SIGNAL,KRW-MIRA,473.50,0,0,hold,보유중 (-0.73%),0,0,0,0,0,0,0,-0.73,0,477.00,498.46,465.07
2025-10-20 01:31:22,SELL_SIGNAL,KRW-ETH,6015500.00,0,0,hold,보유중 (-0.04%),0,0,0,0,0,0,0,-0.04,0,6018000.00,6288810.00,5867550.00
2025-10-20 01:31:22,SELL_SIGNAL,KRW-ENA,753.50,0,0,hold,보유중 (+0.20%),0,0,0,0,0,0,0,+0.20,0,752.00,785.84,733.20
2025-10-20 01:31:27,SELL_SIGNAL,KRW-ETH,6016000.00,0,0,hold,보유중 (-0.03%),0,0,0,0,0,0,0,-0.03,0,6018000.00,6288810.00,5867550.00
2025-10-20 01:31:27,SELL_SIGNAL,KRW-MIRA,473.50,0,0,hold,보유중 (-0.73%),0,0,0,0,0,0,0,-0.73,0,477.00,498.46,465.07
2025-10-20 01:31:27,SELL_SIGNAL,KRW-ENA,753.50,0,0,hold,보유중 (+0.20%),0,0,0,0,0,0,0,+0.20,0,752.00,785.84,733.20
2025-10-20 01:31:32,SELL_SIGNAL,KRW-ETH,6016000.00,0,0,hold,보유중 (-0.03%),0,0,0,0,0,0,0,-0.03,0,6018000.00,6288810.00,5867550.00
2025-10-20 01:31:32,SELL_SIGNAL,KRW-MIRA,473.50,0,0,hold,보유중 (-0.73%),0,0,0,0,0,0,0,-0.73,0,477.00,498.46,465.07
2025-10-20 01:31:32,SELL_SIGNAL,KRW-ENA,753.50,0,0,hold,보유중 (+0.20%),0,0,0,0,0,0,0,+0.20,0,752.00,785.84,733.20
2025-10-20 01:31:38,SELL_SIGNAL,KRW-ETH,6015000.00,0,0,hold,보유중 (-0.05%),0,0,0,0,0,0,0,-0.05,0,6018000.00,6288810.00,5867550.00
2025-10-20 01:31:38,SELL_SIGNAL,KRW-MIRA,473.50,0,0,hold,보유중 (-0.73%),0,0,0,0,0,0,0,-0.73,0,477.00,498.46,465.07
2025-10-20 01:31:38,SELL_SIGNAL,KRW-ENA,753.50,0,0,hold,보유중 (+0.20%),0,0,0,0,0,0,0,+0.20,0,752.00,785.84,733.20
2025-10-20 01:31:40,SELL_SIGNAL,KRW-ETH,6013500.00,0,0,hold,보유중 (-0.07%),0,0,0,0,0,0,0,-0.07,0,6018000.00,6288810.00,5867550.00
2025-10-20 01:31:41,SELL_SIGNAL,KRW-ETH,6013000.00,0,0,hold,보유중 (-0.08%),0,0,0,0,0,0,0,-0.08,0,6018000.00,6288810.00,5867550.00
2025-10-20 01:31:43,SELL_SIGNAL,KRW-MIRA,473.50,0,0,hold,보유중 (-0.73%),0,0,0,0,0,0,0,-0.73,0,477.00,498.46,465.07
2025-10-20 01:31:43,SELL_SIGNAL,KRW-ENA,753.50,0,0,hold,보유중 (+0.20%),0,0,0,0,0,0,0,+0.20,0,752.00,785.84,733.20
2025-10-20 01:31:47,SELL_SIGNAL,KRW-ETH,6013000.00,0,0,hold,보유중 (-0.08%),0,0,0,0,0,0,0,-0.08,0,6018000.00,6288810.00,5867550.00
2025-10-20 01:31:48,SELL_SIGNAL,KRW-MIRA,473.50,0,0,hold,보유중 (-0.73%),0,0,0,0,0,0,0,-0.73,0,477.00,498.46,465.07
2025-10-20 01:31:48,SELL_SIGNAL,KRW-ENA,753.50,0,0,hold,보유중 (+0.20%),0,0,0,0,0,0,0,+0.20,0,752.00,785.84,733.20
2025-10-20 01:31:53,SELL_SIGNAL,KRW-ETH,6013000.00,0,0,hold,보유중 (-0.08%),0,0,0,0,0,0,0,-0.08,0,6018000.00,6288810.00,5867550.00
2025-10-20 01:31:53,SELL_SIGNAL,KRW-MIRA,473.50,0,0,hold,보유중 (-0.73%),0,0,0,0,0,0,0,-0.73,0,477.00,498.46,465.07
2025-10-20 01:31:53,SELL_SIGNAL,KRW-ENA,753.50,0,0,hold,보유중 (+0.20%),0,0,0,0,0,0,0,+0.20,0,752.00,785.84,733.20
2025-10-20 01:31:58,SELL_SIGNAL,KRW-ETH,6011500.00,0,0,hold,보유중 (-0.11%),0,0,0,0,0,0,0,-0.11,0,6018000.00,6288810.00,5867550.00
2025-10-20 01:31:58,SELL_SIGNAL,KRW-MIRA,473.50,0,0,hold,보유중 (-0.73%),0,0,0,0,0,0,0,-0.73,0,477.00,498.46,465.07
2025-10-20 01:31:58,SELL_SIGNAL,KRW-ENA,753.50,0,0,hold,보유중 (+0.20%),0,0,0,0,0,0,0,+0.20,0,752.00,785.84,733.20
2025-10-20 01:32:03,SELL_SIGNAL,KRW-ETH,6013500.00,0,0,hold,보유중 (-0.07%),0,0,0,0,0,0,0,-0.07,0,6018000.00,6288810.00,5867550.00
2025-10-20 01:32:03,SELL_SIGNAL,KRW-MIRA,473.50,0,0,hold,보유중 (-0.73%),0,0,0,0,0,0,0,-0.73,0,477.00,498.46,465.07
2025-10-20 01:32:03,SELL_SIGNAL,KRW-ENA,753.50,0,0,hold,보유중 (+0.20%),0,0,0,0,0,0,0,+0.20,0,752.00,785.84,733.20
2025-10-20 01:32:08,SELL_SIGNAL,KRW-ETH,6014000.00,0,0,hold,보유중 (-0.07%),0,0,0,0,0,0,0,-0.07,0,6018000.00,6288810.00,5867550.00
2025-10-20 01:32:08,SELL_SIGNAL,KRW-MIRA,473.50,0,0,hold,보유중 (-0.73%),0,0,0,0,0,0,0,-0.73,0,477.00,498.46,465.07
2025-10-20 01:32:08,SELL_SIGNAL,KRW-ENA,753.50,0,0,hold,보유중 (+0.20%),0,0,0,0,0,0,0,+0.20,0,752.00,785.84,733.20
2025-10-20 01:32:13,SELL_SIGNAL,KRW-ETH,6016000.00,0,0,hold,보유중 (-0.03%),0,0,0,0,0,0,0,-0.03,0,6018000.00,6288810.00,5867550.00
2025-10-20 01:32:13,SELL_SIGNAL,KRW-MIRA,473.50,0,0,hold,보유중 (-0.73%),0,0,0,0,0,0,0,-0.73,0,477.00,498.46,465.07
2025-10-20 01:32:13,SELL_SIGNAL,KRW-ENA,753.50,0,0,hold,보유중 (+0.20%),0,0,0,0,0,0,0,+0.20,0,752.00,785.84,733.20
2025-10-20 01:32:19,SELL_SIGNAL,KRW-ETH,6016000.00,0,0,hold,보유중 (-0.03%),0,0,0,0,0,0,0,-0.03,0,6018000.00,6288810.00,5867550.00
2025-10-20 01:32:19,SELL_SIGNAL,KRW-MIRA,473.50,0,0,hold,보유중 (-0.73%),0,0,0,0,0,0,0,-0.73,0,477.00,498.46,465.07
2025-10-20 01:32:19,SELL_SIGNAL,KRW-ENA,753.50,0,0,hold,보유중 (+0.20%),0,0,0,0,0,0,0,+0.20,0,752.00,785.84,733.20
2025-10-20 01:32:23,SELL_SIGNAL,KRW-ETH,6013500.00,0,0,hold,보유중 (-0.07%),0,0,0,0,0,0,0,-0.07,0,6018000.00,6288810.00,5867550.00
2025-10-20 01:32:24,SELL_SIGNAL,KRW-MIRA,473.50,0,0,hold,보유중 (-0.73%),0,0,0,0,0,0,0,-0.73,0,477.00,498.46,465.07
2025-10-20 01:32:24,SELL_SIGNAL,KRW-ENA,753.50,0,0,hold,보유중 (+0.20%),0,0,0,0,0,0,0,+0.20,0,752.00,785.84,733.20
2025-10-20 01:32:29,SELL_SIGNAL,KRW-ETH,6013500.00,0,0,hold,보유중 (-0.07%),0,0,0,0,0,0,0,-0.07,0,6018000.00,6288810.00,5867550.00
2025-10-20 01:32:29,SELL_SIGNAL,KRW-MIRA,473.50,0,0,hold,보유중 (-0.73%),0,0,0,0,0,0,0,-0.73,0,477.00,498.46,465.07
2025-10-20 01:32:29,SELL_SIGNAL,KRW-ENA,753.50,0,0,hold,보유중 (+0.20%),0,0,0,0,0,0,0,+0.20,0,752.00,785.84,733.20
2025-10-20 01:32:34,SELL_SIGNAL,KRW-ETH,6013500.00,0,0,hold,보유중 (-0.07%),0,0,0,0,0,0,0,-0.07,0,6018000.00,6288810.00,5867550.00
2025-10-20 01:32:34,SELL_SIGNAL,KRW-MIRA,473.50,0,0,hold,보유중 (-0.73%),0,0,0,0,0,0,0,-0.73,0,477.00,498.46,465.07
2025-10-20 01:32:34,SELL_SIGNAL,KRW-ENA,753.50,0,0,hold,보유중 (+0.20%),0,0,0,0,0,0,0,+0.20,0,752.00,785.84,733.20
2025-10-20 01:32:37,SELL_SIGNAL,KRW-ETH,6010500.00,0,0,hold,보유중 (-0.12%),0,0,0,0,0,0,0,-0.12,0,6018000.00,6288810.00,5867550.00
2025-10-20 01:32:39,SELL_SIGNAL,KRW-MIRA,473.50,0,0,hold,보유중 (-0.73%),0,0,0,0,0,0,0,-0.73,0,477.00,498.46,465.07
2025-10-20 01:32:39,SELL_SIGNAL,KRW-ENA,753.50,0,0,hold,보유중 (+0.20%),0,0,0,0,0,0,0,+0.20,0,752.00,785.84,733.20
2025-10-20 01:32:42,SELL_SIGNAL,KRW-ETH,6010500.00,0,0,hold,보유중 (-0.12%),0,0,0,0,0,0,0,-0.12,0,6018000.00,6288810.00,5867550.00
2025-10-20 01:32:44,SELL_SIGNAL,KRW-MIRA,473.50,0,0,hold,보유중 (-0.73%),0,0,0,0,0,0,0,-0.73,0,477.00,498.46,465.07
2025-10-20 01:32:44,SELL_SIGNAL,KRW-ENA,753.50,0,0,hold,보유중 (+0.20%),0,0,0,0,0,0,0,+0.20,0,752.00,785.84,733.20
2025-10-20 01:32:47,SELL_SIGNAL,KRW-ETH,6010500.00,0,0,hold,보유중 (-0.12%),0,0,0,0,0,0,0,-0.12,0,6018000.00,6288810.00,5867550.00
2025-10-20 01:32:49,SELL_SIGNAL,KRW-MIRA,473.50,0,0,hold,보유중 (-0.73%),0,0,0,0,0,0,0,-0.73,0,477.00,498.46,465.07
2025-10-20 01:32:49,SELL_SIGNAL,KRW-ENA,753.50,0,0,hold,보유중 (+0.20%),0,0,0,0,0,0,0,+0.20,0,752.00,785.84,733.20
2025-10-20 01:32:54,SELL_SIGNAL,KRW-ETH,6010500.00,0,0,hold,보유중 (-0.12%),0,0,0,0,0,0,0,-0.12,0,6018000.00,6288810.00,5867550.00
2025-10-20 01:32:54,SELL_SIGNAL,KRW-MIRA,473.50,0,0,hold,보유중 (-0.73%),0,0,0,0,0,0,0,-0.73,0,477.00,498.46,465.07
2025-10-20 01:32:54,SELL_SIGNAL,KRW-ENA,753.50,0,0,hold,보유중 (+0.20%),0,0,0,0,0,0,0,+0.20,0,752.00,785.84,733.20
2025-10-20 01:32:59,SELL_SIGNAL,KRW-ETH,6010500.00,0,0,hold,보유중 (-0.12%),0,0,0,0,0,0,0,-0.12,0,6018000.00,6288810.00,5867550.00
2025-10-20 01:32:59,SELL_SIGNAL,KRW-MIRA,473.50,0,0,hold,보유중 (-0.73%),0,0,0,0,0,0,0,-0.73,0,477.00,498.46,465.07
2025-10-20 01:32:59,SELL_SIGNAL,KRW-ENA,753.50,0,0,hold,보유중 (+0.20%),0,0,0,0,0,0,0,+0.20,0,752.00,785.84,733.20
2025-10-20 01:33:04,SELL_SIGNAL,KRW-ETH,6010500.00,0,0,hold,보유중 (-0.12%),0,0,0,0,0,0,0,-0.12,0,6018000.00,6288810.00,5867550.00
2025-10-20 01:33:04,SELL_SIGNAL,KRW-MIRA,473.50,0,0,hold,보유중 (-0.73%),0,0,0,0,0,0,0,-0.73,0,477.00,498.46,465.07
2025-10-20 01:33:04,SELL_SIGNAL,KRW-ENA,753.50,0,0,hold,보유중 (+0.20%),0,0,0,0,0,0,0,+0.20,0,752.00,785.84,733.20
2025-10-20 01:33:09,SELL_SIGNAL,KRW-ETH,6010500.00,0,0,hold,보유중 (-0.12%),0,0,0,0,0,0,0,-0.12,0,6018000.00,6288810.00,5867550.00
2025-10-20 01:33:09,SELL_SIGNAL,KRW-MIRA,473.50,0,0,hold,보유중 (-0.73%),0,0,0,0,0,0,0,-0.73,0,477.00,498.46,465.07
2025-10-20 01:33:09,SELL_SIGNAL,KRW-ENA,753.50,0,0,hold,보유중 (+0.20%),0,0,0,0,0,0,0,+0.20,0,752.00,785.84,733.20
2025-10-20 01:33:12,SELL_SIGNAL,KRW-MIRA,472.50,0,0,hold,보유중 (-0.94%),0,0,0,0,0,0,0,-0.94,0,477.00,498.46,465.07
2025-10-20 01:33:15,SELL_SIGNAL,KRW-ETH,6010500.00,0,0,hold,보유중 (-0.12%),0,0,0,0,0,0,0,-0.12,0,6018000.00,6288810.00,5867550.00
2025-10-20 01:33:15,SELL_SIGNAL,KRW-ENA,753.50,0,0,hold,보유중 (+0.20%),0,0,0,0,0,0,0,+0.20,0,752.00,785.84,733.20
2025-10-20 01:33:20,SELL_SIGNAL,KRW-ETH,6010500.00,0,0,hold,보유중 (-0.12%),0,0,0,0,0,0,0,-0.12,0,6018000.00,6288810.00,5867550.00
2025-10-20 01:33:20,SELL_SIGNAL,KRW-MIRA,473.00,0,0,hold,보유중 (-0.84%),0,0,0,0,0,0,0,-0.84,0,477.00,498.46,465.07
2025-10-20 01:33:20,SELL_SIGNAL,KRW-ENA,753.50,0,0,hold,보유중 (+0.20%),0,0,0,0,0,0,0,+0.20,0,752.00,785.84,733.20
2025-10-20 01:33:25,SELL_SIGNAL,KRW-ETH,6010500.00,0,0,hold,보유중 (-0.12%),0,0,0,0,0,0,0,-0.12,0,6018000.00,6288810.00,5867550.00
2025-10-20 01:33:25,SELL_SIGNAL,KRW-MIRA,473.00,0,0,hold,보유중 (-0.84%),0,0,0,0,0,0,0,-0.84,0,477.00,498.46,465.07
2025-10-20 01:33:25,SELL_SIGNAL,KRW-ENA,753.50,0,0,hold,보유중 (+0.20%),0,0,0,0,0,0,0,+0.20,0,752.00,785.84,733.20
2025-10-20 01:33:30,SELL_SIGNAL,KRW-ETH,6010500.00,0,0,hold,보유중 (-0.12%),0,0,0,0,0,0,0,-0.12,0,6018000.00,6288810.00,5867550.00
2025-10-20 01:33:30,SELL_SIGNAL,KRW-MIRA,472.50,0,0,hold,보유중 (-0.94%),0,0,0,0,0,0,0,-0.94,0,477.00,498.46,465.07
2025-10-20 01:33:30,SELL_SIGNAL,KRW-ENA,753.50,0,0,hold,보유중 (+0.20%),0,0,0,0,0,0,0,+0.20,0,752.00,785.84,733.20
2025-10-20 01:33:35,SELL_SIGNAL,KRW-ETH,6010500.00,0,0,hold,보유중 (-0.12%),0,0,0,0,0,0,0,-0.12,0,6018000.00,6288810.00,5867550.00
2025-10-20 01:33:35,SELL_SIGNAL,KRW-MIRA,472.50,0,0,hold,보유중 (-0.94%),0,0,0,0,0,0,0,-0.94,0,477.00,498.46,465.07
2025-10-20 01:33:35,SELL_SIGNAL,KRW-ENA,753.50,0,0,hold,보유중 (+0.20%),0,0,0,0,0,0,0,+0.20,0,752.00,785.84,733.20
2025-10-20 01:33:40,SELL_SIGNAL,KRW-ETH,6010500.00,0,0,hold,보유중 (-0.12%),0,0,0,0,0,0,0,-0.12,0,6018000.00,6288810.00,5867550.00
2025-10-20 01:33:40,SELL_SIGNAL,KRW-MIRA,472.50,0,0,hold,보유중 (-0.94%),0,0,0,0,0,0,0,-0.94,0,477.00,498.46,465.07
2025-10-20 01:33:40,SELL_SIGNAL,KRW-ENA,754.50,0,0,hold,보유중 (+0.33%),0,0,0,0,0,0,0,+0.33,0,752.00,785.84,733.20
2025-10-20 01:33:45,SELL_SIGNAL,KRW-ETH,6010500.00,0,0,hold,보유중 (-0.12%),0,0,0,0,0,0,0,-0.12,0,6018000.00,6288810.00,5867550.00
2025-10-20 01:33:45,SELL_SIGNAL,KRW-MIRA,473.00,0,0,hold,보유중 (-0.84%),0,0,0,0,0,0,0,-0.84,0,477.00,498.46,465.07
2025-10-20 01:33:45,SELL_SIGNAL,KRW-ENA,754.50,0,0,hold,보유중 (+0.33%),0,0,0,0,0,0,0,+0.33,0,752.00,785.84,733.20
2025-10-20 01:33:50,SELL_SIGNAL,KRW-ETH,6010500.00,0,0,hold,보유중 (-0.12%),0,0,0,0,0,0,0,-0.12,0,6018000.00,6288810.00,5867550.00
2025-10-20 01:33:50,SELL_SIGNAL,KRW-MIRA,473.00,0,0,hold,보유중 (-0.84%),0,0,0,0,0,0,0,-0.84,0,477.00,498.46,465.07
2025-10-20 01:33:50,SELL_SIGNAL,KRW-ENA,754.50,0,0,hold,보유중 (+0.33%),0,0,0,0,0,0,0,+0.33,0,752.00,785.84,733.20
2025-10-20 01:33:55,SELL_SIGNAL,KRW-ETH,6010500.00,0,0,hold,보유중 (-0.12%),0,0,0,0,0,0,0,-0.12,0,6018000.00,6288810.00,5867550.00
2025-10-20 01:33:55,SELL_SIGNAL,KRW-MIRA,473.00,0,0,hold,보유중 (-0.84%),0,0,0,0,0,0,0,-0.84,0,477.00,498.46,465.07
2025-10-20 01:33:55,SELL_SIGNAL,KRW-ENA,754.50,0,0,hold,보유중 (+0.33%),0,0,0,0,0,0,0,+0.33,0,752.00,785.84,733.20
2025-10-20 01:34:00,SELL_SIGNAL,KRW-ETH,6010500.00,0,0,hold,보유중 (-0.12%),0,0,0,0,0,0,0,-0.12,0,6018000.00,6288810.00,5867550.00
2025-10-20 01:34:01,SELL_SIGNAL,KRW-MIRA,473.00,0,0,hold,보유중 (-0.84%),0,0,0,0,0,0,0,-0.84,0,477.00,498.46,465.07
2025-10-20 01:34:01,SELL_SIGNAL,KRW-ENA,754.50,0,0,hold,보유중 (+0.33%),0,0,0,0,0,0,0,+0.33,0,752.00,785.84,733.20
2025-10-20 01:34:05,SELL_SIGNAL,KRW-ENA,755.00,0,0,hold,보유중 (+0.40%),0,0,0,0,0,0,0,+0.40,0,752.00,785.84,733.20
2025-10-20 01:34:06,SELL_SIGNAL,KRW-ETH,6010500.00,0,0,hold,보유중 (-0.12%),0,0,0,0,0,0,0,-0.12,0,6018000.00,6288810.00,5867550.00
2025-10-20 01:34:06,SELL_SIGNAL,KRW-MIRA,473.00,0,0,hold,보유중 (-0.84%),0,0,0,0,0,0,0,-0.84,0,477.00,498.46,465.07
2025-10-20 01:34:06,SELL_SIGNAL,KRW-ENA,755.50,0,0,hold,보유중 (+0.47%),0,0,0,0,0,0,0,+0.47,0,752.00,785.84,733.20
2025-10-20 01:34:11,SELL_SIGNAL,KRW-ETH,6010500.00,0,0,hold,보유중 (-0.12%),0,0,0,0,0,0,0,-0.12,0,6018000.00,6288810.00,5867550.00
2025-10-20 01:34:11,SELL_SIGNAL,KRW-MIRA,473.00,0,0,hold,보유중 (-0.84%),0,0,0,0,0,0,0,-0.84,0,477.00,498.46,465.07
2025-10-20 01:34:11,SELL_SIGNAL,KRW-ENA,755.50,0,0,hold,보유중 (+0.47%),0,0,0,0,0,0,0,+0.47,0,752.00,785.84,733.20
2025-10-20 01:34:16,SELL_SIGNAL,KRW-ETH,6010000.00,0,0,hold,보유중 (-0.13%),0,0,0,0,0,0,0,-0.13,0,6018000.00,6288810.00,5867550.00
2025-10-20 01:34:16,SELL_SIGNAL,KRW-MIRA,473.00,0,0,hold,보유중 (-0.84%),0,0,0,0,0,0,0,-0.84,0,477.00,498.46,465.07
2025-10-20 01:34:16,SELL_SIGNAL,KRW-ENA,755.50,0,0,hold,보유중 (+0.47%),0,0,0,0,0,0,0,+0.47,0,752.00,785.84,733.20
2025-10-20 01:34:21,SELL_SIGNAL,KRW-ETH,6008500.00,0,0,hold,보유중 (-0.16%),0,0,0,0,0,0,0,-0.16,0,6018000.00,6288810.00,5867550.00
2025-10-20 01:34:21,SELL_SIGNAL,KRW-MIRA,473.00,0,0,hold,보유중 (-0.84%),0,0,0,0,0,0,0,-0.84,0,477.00,498.46,465.07
2025-10-20 01:34:21,SELL_SIGNAL,KRW-ENA,755.50,0,0,hold,보유중 (+0.47%),0,0,0,0,0,0,0,+0.47,0,752.00,785.84,733.20
2025-10-20 01:34:26,SELL_SIGNAL,KRW-ETH,6008500.00,0,0,hold,보유중 (-0.16%),0,0,0,0,0,0,0,-0.16,0,6018000.00,6288810.00,5867550.00
2025-10-20 01:34:26,SELL_SIGNAL,KRW-MIRA,473.00,0,0,hold,보유중 (-0.84%),0,0,0,0,0,0,0,-0.84,0,477.00,498.46,465.07
2025-10-20 01:34:26,SELL_SIGNAL,KRW-ENA,755.50,0,0,hold,보유중 (+0.47%),0,0,0,0,0,0,0,+0.47,0,752.00,785.84,733.20
2025-10-20 01:34:31,SELL_SIGNAL,KRW-ETH,6008500.00,0,0,hold,보유중 (-0.16%),0,0,0,0,0,0,0,-0.16,0,6018000.00,6288810.00,5867550.00
2025-10-20 01:34:31,SELL_SIGNAL,KRW-MIRA,473.00,0,0,hold,보유중 (-0.84%),0,0,0,0,0,0,0,-0.84,0,477.00,498.46,465.07
2025-10-20 01:34:31,SELL_SIGNAL,KRW-ENA,755.50,0,0,hold,보유중 (+0.47%),0,0,0,0,0,0,0,+0.47,0,752.00,785.84,733.20
2025-10-20 01:34:36,SELL_SIGNAL,KRW-ETH,6008500.00,0,0,hold,보유중 (-0.16%),0,0,0,0,0,0,0,-0.16,0,6018000.00,6288810.00,5867550.00
2025-10-20 01:34:36,SELL_SIGNAL,KRW-MIRA,473.00,0,0,hold,보유중 (-0.84%),0,0,0,0,0,0,0,-0.84,0,477.00,498.46,465.07
2025-10-20 01:34:36,SELL_SIGNAL,KRW-ENA,755.50,0,0,hold,보유중 (+0.47%),0,0,0,0,0,0,0,+0.47,0,752.00,785.84,733.20
2025-10-20 01:34:41,SELL_SIGNAL,KRW-ETH,6010500.00,0,0,hold,보유중 (-0.12%),0,0,0,0,0,0,0,-0.12,0,6018000.00,6288810.00,5867550.00
2025-10-20 01:34:41,SELL_SIGNAL,KRW-MIRA,473.00,0,0,hold,보유중 (-0.84%),0,0,0,0,0,0,0,-0.84,0,477.00,498.46,465.07
2025-10-20 01:34:41,SELL_SIGNAL,KRW-ENA,756.00,0,0,hold,보유중 (+0.53%),0,0,0,0,0,0,0,+0.53,0,752.00,785.84,751.46
2025-10-20 01:34:46,SELL_SIGNAL,KRW-ETH,6010500.00,0,0,hold,보유중 (-0.12%),0,0,0,0,0,0,0,-0.12,0,6018000.00,6288810.00,5867550.00
2025-10-20 01:34:47,SELL_SIGNAL,KRW-MIRA,473.00,0,0,hold,보유중 (-0.84%),0,0,0,0,0,0,0,-0.84,0,477.00,498.46,465.07
2025-10-20 01:34:47,SELL_SIGNAL,KRW-ENA,756.50,0,0,hold,보유중 (+0.60%),0,0,0,0,0,0,0,+0.60,0,752.00,785.84,751.96
2025-10-20 01:34:52,SELL_SIGNAL,KRW-ETH,6010500.00,0,0,hold,보유중 (-0.12%),0,0,0,0,0,0,0,-0.12,0,6018000.00,6288810.00,5867550.00
2025-10-20 01:34:52,SELL_SIGNAL,KRW-MIRA,473.00,0,0,hold,보유중 (-0.84%),0,0,0,0,0,0,0,-0.84,0,477.00,498.46,465.07
2025-10-20 01:34:52,SELL_SIGNAL,KRW-ENA,756.50,0,0,hold,보유중 (+0.60%),0,0,0,0,0,0,0,+0.60,0,752.00,785.84,751.96
2025-10-20 01:34:57,SELL_SIGNAL,KRW-ETH,6010500.00,0,0,hold,보유중 (-0.12%),0,0,0,0,0,0,0,-0.12,0,6018000.00,6288810.00,5867550.00
2025-10-20 01:34:57,SELL_SIGNAL,KRW-MIRA,473.00,0,0,hold,보유중 (-0.84%),0,0,0,0,0,0,0,-0.84,0,477.00,498.46,465.07
2025-10-20 01:34:57,SELL_SIGNAL,KRW-ENA,756.50,0,0,hold,보유중 (+0.60%),0,0,0,0,0,0,0,+0.60,0,752.00,785.84,751.96
2025-10-20 01:35:02,SELL_SIGNAL,KRW-ETH,6010500.00,0,0,hold,보유중 (-0.12%),0,0,0,0,0,0,0,-0.12,0,6018000.00,6288810.00,5867550.00
2025-10-20 01:35:02,SELL_SIGNAL,KRW-MIRA,474.00,0,0,hold,보유중 (-0.63%),0,0,0,0,0,0,0,-0.63,0,477.00,498.46,465.07
2025-10-20 01:35:02,SELL_SIGNAL,KRW-ENA,756.50,0,0,hold,보유중 (+0.60%),0,0,0,0,0,0,0,+0.60,0,752.00,785.84,751.96
2025-10-20 01:35:07,SELL_SIGNAL,KRW-ETH,6010500.00,0,0,hold,보유중 (-0.12%),0,0,0,0,0,0,0,-0.12,0,6018000.00,6288810.00,5867550.00
2025-10-20 01:35:07,SELL_SIGNAL,KRW-MIRA,474.00,0,0,hold,보유중 (-0.63%),0,0,0,0,0,0,0,-0.63,0,477.00,498.46,465.07
2025-10-20 01:35:07,SELL_SIGNAL,KRW-ENA,755.50,0,0,hold,보유중 (+0.47%),0,0,0,0,0,0,0,+0.47,0,752.00,785.84,751.96
2025-10-20 01:35:08,SELL_SIGNAL,KRW-ETH,6009500.00,0,0,hold,보유중 (-0.14%),0,0,0,0,0,0,0,-0.14,0,6018000.00,6288810.00,5867550.00
2025-10-20 01:35:12,SELL_SIGNAL,KRW-MIRA,475.00,0,0,hold,보유중 (-0.42%),0,0,0,0,0,0,0,-0.42,0,477.00,498.46,465.07
2025-10-20 01:35:12,SELL_SIGNAL,KRW-ENA,755.50,0,0,hold,보유중 (+0.47%),0,0,0,0,0,0,0,+0.47,0,752.00,785.84,751.96
2025-10-20 01:35:13,SELL_SIGNAL,KRW-ETH,6009000.00,0,0,hold,보유중 (-0.15%),0,0,0,0,0,0,0,-0.15,0,6018000.00,6288810.00,5867550.00
2025-10-20 01:35:17,SELL_SIGNAL,KRW-MIRA,475.00,0,0,hold,보유중 (-0.42%),0,0,0,0,0,0,0,-0.42,0,477.00,498.46,465.07
2025-10-20 01:35:17,SELL_SIGNAL,KRW-ENA,755.50,0,0,hold,보유중 (+0.47%),0,0,0,0,0,0,0,+0.47,0,752.00,785.84,751.96
2025-10-20 01:35:20,SELL_SIGNAL,KRW-ETH,6009000.00,0,0,hold,보유중 (-0.15%),0,0,0,0,0,0,0,-0.15,0,6018000.00,6288810.00,5867550.00
2025-10-20 01:35:22,SELL_SIGNAL,KRW-MIRA,475.00,0,0,hold,보유중 (-0.42%),0,0,0,0,0,0,0,-0.42,0,477.00,498.46,465.07
2025-10-20 01:35:22,SELL_SIGNAL,KRW-ENA,755.50,0,0,hold,보유중 (+0.47%),0,0,0,0,0,0,0,+0.47,0,752.00,785.84,751.96
2025-10-20 01:35:25,SELL_SIGNAL,KRW-MIRA,474.00,0,0,hold,보유중 (-0.63%),0,0,0,0,0,0,0,-0.63,0,477.00,498.46,465.07
2025-10-20 01:35:27,SELL_SIGNAL,KRW-ETH,6008500.00,0,0,hold,보유중 (-0.16%),0,0,0,0,0,0,0,-0.16,0,6018000.00,6288810.00,5867550.00
2025-10-20 01:35:27,SELL_SIGNAL,KRW-ENA,755.50,0,0,hold,보유중 (+0.47%),0,0,0,0,0,0,0,+0.47,0,752.00,785.84,751.96
2025-10-20 01:35:32,SELL_SIGNAL,KRW-ETH,6008500.00,0,0,hold,보유중 (-0.16%),0,0,0,0,0,0,0,-0.16,0,6018000.00,6288810.00,5867550.00
2025-10-20 01:35:33,SELL_SIGNAL,KRW-MIRA,474.00,0,0,hold,보유중 (-0.63%),0,0,0,0,0,0,0,-0.63,0,477.00,498.46,465.07
2025-10-20 01:35:33,SELL_SIGNAL,KRW-ENA,755.50,0,0,hold,보유중 (+0.47%),0,0,0,0,0,0,0,+0.47,0,752.00,785.84,751.96
2025-10-20 01:35:38,SELL_SIGNAL,KRW-ETH,6008500.00,0,0,hold,보유중 (-0.16%),0,0,0,0,0,0,0,-0.16,0,6018000.00,6288810.00,5867550.00
2025-10-20 01:35:38,SELL_SIGNAL,KRW-MIRA,474.00,0,0,hold,보유중 (-0.63%),0,0,0,0,0,0,0,-0.63,0,477.00,498.46,465.07
2025-10-20 01:35:38,SELL_SIGNAL,KRW-ENA,754.50,0,0,hold,보유중 (+0.33%),0,0,0,0,0,0,0,+0.33,0,752.00,785.84,751.96
2025-10-20 01:35:38,SELL_SIGNAL,KRW-ENA,754.00,0,0,hold,보유중 (+0.27%),0,0,0,0,0,0,0,+0.27,0,752.00,785.84,751.96
2025-10-20 01:35:41,SELL_SIGNAL,KRW-ETH,6009000.00,0,0,hold,보유중 (-0.15%),0,0,0,0,0,0,0,-0.15,0,6018000.00,6288810.00,5867550.00
2025-10-20 01:35:43,SELL_SIGNAL,KRW-MIRA,474.00,0,0,hold,보유중 (-0.63%),0,0,0,0,0,0,0,-0.63,0,477.00,498.46,465.07
2025-10-20 01:35:44,SELL_SIGNAL,KRW-ENA,754.00,0,0,hold,보유중 (+0.27%),0,0,0,0,0,0,0,+0.27,0,752.00,785.84,751.96
2025-10-20 01:35:48,SELL_SIGNAL,KRW-ETH,6009500.00,0,0,hold,보유중 (-0.14%),0,0,0,0,0,0,0,-0.14,0,6018000.00,6288810.00,5867550.00
2025-10-20 01:35:48,SELL_SIGNAL,KRW-MIRA,474.00,0,0,hold,보유중 (-0.63%),0,0,0,0,0,0,0,-0.63,0,477.00,498.46,465.07
2025-10-20 01:35:51,SELL_SIGNAL,KRW-ENA,754.00,0,0,hold,보유중 (+0.27%),0,0,0,0,0,0,0,+0.27,0,752.00,785.84,751.96
2025-10-20 01:35:53,SELL_SIGNAL,KRW-ETH,6009500.00,0,0,hold,보유중 (-0.14%),0,0,0,0,0,0,0,-0.14,0,6018000.00,6288810.00,5867550.00
2025-10-20 01:35:53,SELL_SIGNAL,KRW-MIRA,474.00,0,0,hold,보유중 (-0.63%),0,0,0,0,0,0,0,-0.63,0,477.00,498.46,465.07
2025-10-20 01:35:58,SELL_SIGNAL,KRW-ETH,6009500.00,0,0,hold,보유중 (-0.14%),0,0,0,0,0,0,0,-0.14,0,6018000.00,6288810.00,5867550.00
2025-10-20 01:35:58,SELL_SIGNAL,KRW-MIRA,474.00,0,0,hold,보유중 (-0.63%),0,0,0,0,0,0,0,-0.63,0,477.00,498.46,465.07
2025-10-20 01:35:58,SELL_SIGNAL,KRW-ENA,754.50,0,0,hold,보유중 (+0.33%),0,0,0,0,0,0,0,+0.33,0,752.00,785.84,751.96
2025-10-20 01:36:03,SELL_SIGNAL,KRW-ETH,6009500.00,0,0,hold,보유중 (-0.14%),0,0,0,0,0,0,0,-0.14,0,6018000.00,6288810.00,5867550.00
2025-10-20 01:36:03,SELL_SIGNAL,KRW-MIRA,474.50,0,0,hold,보유중 (-0.52%),0,0,0,0,0,0,0,-0.52,0,477.00,498.46,465.07
2025-10-20 01:36:03,SELL_SIGNAL,KRW-ENA,754.50,0,0,hold,보유중 (+0.33%),0,0,0,0,0,0,0,+0.33,0,752.00,785.84,751.96
2025-10-20 01:36:06,SELL_SIGNAL,KRW-ETH,6009000.00,0,0,hold,보유중 (-0.15%),0,0,0,0,0,0,0,-0.15,0,6018000.00,6288810.00,5867550.00
2025-10-20 01:36:08,SELL_SIGNAL,KRW-MIRA,474.50,0,0,hold,보유중 (-0.52%),0,0,0,0,0,0,0,-0.52,0,477.00,498.46,465.07
2025-10-20 01:36:08,SELL_SIGNAL,KRW-ENA,754.50,0,0,hold,보유중 (+0.33%),0,0,0,0,0,0,0,+0.33,0,752.00,785.84,751.96
2025-10-20 01:36:13,SELL_SIGNAL,KRW-ETH,6009000.00,0,0,hold,보유중 (-0.15%),0,0,0,0,0,0,0,-0.15,0,6018000.00,6288810.00,5867550.00
2025-10-20 01:36:13,SELL_SIGNAL,KRW-MIRA,474.50,0,0,hold,보유중 (-0.52%),0,0,0,0,0,0,0,-0.52,0,477.00,498.46,465.07
2025-10-20 01:36:13,SELL_SIGNAL,KRW-ENA,754.50,0,0,hold,보유중 (+0.33%),0,0,0,0,0,0,0,+0.33,0,752.00,785.84,751.96
2025-10-20 01:36:18,SELL_SIGNAL,KRW-ETH,6009000.00,0,0,hold,보유중 (-0.15%),0,0,0,0,0,0,0,-0.15,0,6018000.00,6288810.00,5867550.00
2025-10-20 01:36:18,SELL_SIGNAL,KRW-MIRA,474.50,0,0,hold,보유중 (-0.52%),0,0,0,0,0,0,0,-0.52,0,477.00,498.46,465.07
2025-10-20 01:36:19,SELL_SIGNAL,KRW-ENA,755.00,0,0,hold,보유중 (+0.40%),0,0,0,0,0,0,0,+0.40,0,752.00,785.84,751.96
2025-10-20 01:36:23,SELL_SIGNAL,KRW-ENA,754.50,0,0,hold,보유중 (+0.33%),0,0,0,0,0,0,0,+0.33,0,752.00,785.84,751.96
2025-10-20 01:36:23,SELL_SIGNAL,KRW-ETH,6009000.00,0,0,hold,보유중 (-0.15%),0,0,0,0,0,0,0,-0.15,0,6018000.00,6288810.00,5867550.00
2025-10-20 01:36:24,SELL_SIGNAL,KRW-ETH,6006000.00,0,0,hold,보유중 (-0.20%),0,0,0,0,0,0,0,-0.20,0,6018000.00,6288810.00,5867550.00
2025-10-20 01:36:24,SELL_SIGNAL,KRW-MIRA,474.50,0,0,hold,보유중 (-0.52%),0,0,0,0,0,0,0,-0.52,0,477.00,498.46,465.07
2025-10-20 01:36:25,SELL_SIGNAL,KRW-ETH,6005500.00,0,0,hold,보유중 (-0.21%),0,0,0,0,0,0,0,-0.21,0,6018000.00,6288810.00,5867550.00
2025-10-20 01:36:26,SELL_SIGNAL,KRW-ETH,6004000.00,0,0,hold,보유중 (-0.23%),0,0,0,0,0,0,0,-0.23,0,6018000.00,6288810.00,5867550.00
2025-10-20 01:36:27,SELL_SIGNAL,KRW-ETH,6005000.00,0,0,hold,보유중 (-0.22%),0,0,0,0,0,0,0,-0.22,0,6018000.00,6288810.00,5867550.00
2025-10-20 01:36:28,SELL_SIGNAL,KRW-ENA,755.50,0,0,hold,보유중 (+0.47%),0,0,0,0,0,0,0,+0.47,0,752.00,785.84,751.96
2025-10-20 01:36:29,SELL_SIGNAL,KRW-ETH,6005500.00,0,0,hold,보유중 (-0.21%),0,0,0,0,0,0,0,-0.21,0,6018000.00,6288810.00,5867550.00
2025-10-20 01:36:29,SELL_SIGNAL,KRW-MIRA,474.50,0,0,hold,보유중 (-0.52%),0,0,0,0,0,0,0,-0.52,0,477.00,498.46,465.07
2025-10-20 01:36:31,SELL_SIGNAL,KRW-ETH,6006000.00,0,0,hold,보유중 (-0.20%),0,0,0,0,0,0,0,-0.20,0,6018000.00,6288810.00,5867550.00
2025-10-20 01:36:32,SELL_SIGNAL,KRW-ETH,6005000.00,0,0,hold,보유중 (-0.22%),0,0,0,0,0,0,0,-0.22,0,6018000.00,6288810.00,5867550.00
2025-10-20 01:36:34,SELL_SIGNAL,KRW-ETH,6006000.00,0,0,hold,보유중 (-0.20%),0,0,0,0,0,0,0,-0.20,0,6018000.00,6288810.00,5867550.00
2025-10-20 01:36:34,SELL_SIGNAL,KRW-MIRA,474.50,0,0,hold,보유중 (-0.52%),0,0,0,0,0,0,0,-0.52,0,477.00,498.46,465.07
2025-10-20 01:36:34,SELL_SIGNAL,KRW-ENA,755.50,0,0,hold,보유중 (+0.47%),0,0,0,0,0,0,0,+0.47,0,752.00,785.84,751.96
2025-10-20 01:36:39,SELL_SIGNAL,KRW-ETH,6005000.00,0,0,hold,보유중 (-0.22%),0,0,0,0,0,0,0,-0.22,0,6018000.00,6288810.00,5867550.00
2025-10-20 01:36:39,SELL_SIGNAL,KRW-MIRA,474.50,0,0,hold,보유중 (-0.52%),0,0,0,0,0,0,0,-0.52,0,477.00,498.46,465.07
2025-10-20 01:36:39,SELL_SIGNAL,KRW-ENA,755.50,0,0,hold,보유중 (+0.47%),0,0,0,0,0,0,0,+0.47,0,752.00,785.84,751.96
2025-10-20 01:36:44,SELL_SIGNAL,KRW-ETH,6005000.00,0,0,hold,보유중 (-0.22%),0,0,0,0,0,0,0,-0.22,0,6018000.00,6288810.00,5867550.00
2025-10-20 01:36:44,SELL_SIGNAL,KRW-MIRA,474.50,0,0,hold,보유중 (-0.52%),0,0,0,0,0,0,0,-0.52,0,477.00,498.46,465.07
2025-10-20 01:36:44,SELL_SIGNAL,KRW-ENA,755.50,0,0,hold,보유중 (+0.47%),0,0,0,0,0,0,0,+0.47,0,752.00,785.84,751.96
2025-10-20 01:36:46,SELL_SIGNAL,KRW-ETH,6004000.00,0,0,hold,보유중 (-0.23%),0,0,0,0,0,0,0,-0.23,0,6018000.00,6288810.00,5867550.00
2025-10-20 01:36:49,SELL_SIGNAL,KRW-MIRA,474.50,0,0,hold,보유중 (-0.52%),0,0,0,0,0,0,0,-0.52,0,477.00,498.46,465.07
2025-10-20 01:36:49,SELL_SIGNAL,KRW-ENA,755.50,0,0,hold,보유중 (+0.47%),0,0,0,0,0,0,0,+0.47,0,752.00,785.84,751.96
2025-10-20 01:36:52,SELL_SIGNAL,KRW-ETH,6004000.00,0,0,hold,보유중 (-0.23%),0,0,0,0,0,0,0,-0.23,0,6018000.00,6288810.00,5867550.00
2025-10-20 01:36:54,SELL_SIGNAL,KRW-MIRA,474.50,0,0,hold,보유중 (-0.52%),0,0,0,0,0,0,0,-0.52,0,477.00,498.46,465.07
2025-10-20 01:36:54,SELL_SIGNAL,KRW-ENA,755.50,0,0,hold,보유중 (+0.47%),0,0,0,0,0,0,0,+0.47,0,752.00,785.84,751.96
2025-10-20 01:36:57,SELL_SIGNAL,KRW-ENA,755.00,0,0,hold,보유중 (+0.40%),0,0,0,0,0,0,0,+0.40,0,752.00,785.84,751.96
2025-10-20 01:36:59,SELL_SIGNAL,KRW-ETH,6004000.00,0,0,hold,보유중 (-0.23%),0,0,0,0,0,0,0,-0.23,0,6018000.00,6288810.00,5867550.00
2025-10-20 01:36:59,SELL_SIGNAL,KRW-MIRA,474.50,0,0,hold,보유중 (-0.52%),0,0,0,0,0,0,0,-0.52,0,477.00,498.46,465.07
2025-10-20 01:37:00,SELL_SIGNAL,KRW-ENA,754.50,0,0,hold,보유중 (+0.33%),0,0,0,0,0,0,0,+0.33,0,752.00,785.84,751.96
2025-10-20 01:37:04,SELL_SIGNAL,KRW-ETH,6004000.00,0,0,hold,보유중 (-0.23%),0,0,0,0,0,0,0,-0.23,0,6018000.00,6288810.00,5867550.00
2025-10-20 01:37:05,SELL_SIGNAL,KRW-MIRA,474.50,0,0,hold,보유중 (-0.52%),0,0,0,0,0,0,0,-0.52,0,477.00,498.46,465.07
2025-10-20 01:37:05,SELL_SIGNAL,KRW-ENA,754.50,0,0,hold,보유중 (+0.33%),0,0,0,0,0,0,0,+0.33,0,752.00,785.84,751.96
2025-10-20 01:37:10,SELL_SIGNAL,KRW-ETH,6004000.00,0,0,hold,보유중 (-0.23%),0,0,0,0,0,0,0,-0.23,0,6018000.00,6288810.00,5867550.00
2025-10-20 01:37:10,SELL_SIGNAL,KRW-MIRA,474.50,0,0,hold,보유중 (-0.52%),0,0,0,0,0,0,0,-0.52,0,477.00,498.46,465.07
2025-10-20 01:37:10,SELL_SIGNAL,KRW-ENA,755.00,0,0,hold,보유중 (+0.40%),0,0,0,0,0,0,0,+0.40,0,752.00,785.84,751.96
2025-10-20 01:37:11,SELL_SIGNAL,KRW-MIRA,475.00,0,0,hold,보유중 (-0.42%),0,0,0,0,0,0,0,-0.42,0,477.00,498.46,465.07
2025-10-20 01:37:15,SELL_SIGNAL,KRW-ETH,6004000.00,0,0,hold,보유중 (-0.23%),0,0,0,0,0,0,0,-0.23,0,6018000.00,6288810.00,5867550.00
2025-10-20 01:37:15,SELL_SIGNAL,KRW-ENA,755.00,0,0,hold,보유중 (+0.40%),0,0,0,0,0,0,0,+0.40,0,752.00,785.84,751.96
2025-10-20 01:37:18,SELL_SIGNAL,KRW-ENA,754.00,0,0,hold,보유중 (+0.27%),0,0,0,0,0,0,0,+0.27,0,752.00,785.84,751.96
2025-10-20 01:37:19,SELL_SIGNAL,KRW-ETH,6003500.00,0,0,hold,보유중 (-0.24%),0,0,0,0,0,0,0,-0.24,0,6018000.00,6288810.00,5867550.00
2025-10-20 01:37:20,SELL_SIGNAL,KRW-MIRA,475.00,0,0,hold,보유중 (-0.42%),0,0,0,0,0,0,0,-0.42,0,477.00,498.46,465.07
2025-10-20 01:37:25,SELL_SIGNAL,KRW-ETH,6003500.00,0,0,hold,보유중 (-0.24%),0,0,0,0,0,0,0,-0.24,0,6018000.00,6288810.00,5867550.00
2025-10-20 01:37:25,SELL_SIGNAL,KRW-MIRA,475.00,0,0,hold,보유중 (-0.42%),0,0,0,0,0,0,0,-0.42,0,477.00,498.46,465.07
2025-10-20 01:37:25,SELL_SIGNAL,KRW-ENA,753.50,0,0,hold,보유중 (+0.20%),0,0,0,0,0,0,0,+0.20,0,752.00,785.84,751.96
2025-10-20 01:37:30,SELL_SIGNAL,KRW-ETH,6003500.00,0,0,hold,보유중 (-0.24%),0,0,0,0,0,0,0,-0.24,0,6018000.00,6288810.00,5867550.00
2025-10-20 01:37:30,SELL_SIGNAL,KRW-MIRA,475.00,0,0,hold,보유중 (-0.42%),0,0,0,0,0,0,0,-0.42,0,477.00,498.46,465.07
2025-10-20 01:37:30,SELL_SIGNAL,KRW-ENA,753.50,0,0,hold,보유중 (+0.20%),0,0,0,0,0,0,0,+0.20,0,752.00,785.84,751.96
2025-10-20 01:37:35,SELL_SIGNAL,KRW-ETH,6003500.00,0,0,hold,보유중 (-0.24%),0,0,0,0,0,0,0,-0.24,0,6018000.00,6288810.00,5867550.00
2025-10-20 01:37:35,SELL_SIGNAL,KRW-MIRA,475.00,0,0,hold,보유중 (-0.42%),0,0,0,0,0,0,0,-0.42,0,477.00,498.46,465.07
2025-10-20 01:37:36,SELL_SIGNAL,KRW-ENA,753.50,0,0,hold,보유중 (+0.20%),0,0,0,0,0,0,0,+0.20,0,752.00,785.84,751.96
2025-10-20 01:37:41,SELL_SIGNAL,KRW-ETH,6003500.00,0,0,hold,보유중 (-0.24%),0,0,0,0,0,0,0,-0.24,0,6018000.00,6288810.00,5867550.00
2025-10-20 01:37:41,SELL_SIGNAL,KRW-ENA,753.50,0,0,hold,보유중 (+0.20%),0,0,0,0,0,0,0,+0.20,0,752.00,785.84,751.96
2025-10-20 01:37:41,SELL_SIGNAL,KRW-MIRA,475.00,0,0,hold,보유중 (-0.42%),0,0,0,0,0,0,0,-0.42,0,477.00,498.46,465.07
2025-10-20 01:37:46,SELL_SIGNAL,KRW-ETH,6003500.00,0,0,hold,보유중 (-0.24%),0,0,0,0,0,0,0,-0.24,0,6018000.00,6288810.00,5867550.00
2025-10-20 01:37:46,SELL_SIGNAL,KRW-MIRA,475.00,0,0,hold,보유중 (-0.42%),0,0,0,0,0,0,0,-0.42,0,477.00,498.46,465.07
2025-10-20 01:37:46,SELL_SIGNAL,KRW-ENA,754.00,0,0,hold,보유중 (+0.27%),0,0,0,0,0,0,0,+0.27,0,752.00,785.84,751.96
2025-10-20 01:37:47,SELL_SIGNAL,KRW-ENA,753.50,0,0,hold,보유중 (+0.20%),0,0,0,0,0,0,0,+0.20,0,752.00,785.84,751.96
2025-10-20 01:37:48,SELL_SIGNAL,KRW-ENA,754.00,0,0,hold,보유중 (+0.27%),0,0,0,0,0,0,0,+0.27,0,752.00,785.84,751.96
2025-10-20 01:37:51,SELL_SIGNAL,KRW-ETH,6003500.00,0,0,hold,보유중 (-0.24%),0,0,0,0,0,0,0,-0.24,0,6018000.00,6288810.00,5867550.00
2025-10-20 01:37:51,SELL_SIGNAL,KRW-MIRA,475.00,0,0,hold,보유중 (-0.42%),0,0,0,0,0,0,0,-0.42,0,477.00,498.46,465.07
2025-10-20 01:37:56,SELL_SIGNAL,KRW-ETH,6003500.00,0,0,hold,보유중 (-0.24%),0,0,0,0,0,0,0,-0.24,0,6018000.00,6288810.00,5867550.00
2025-10-20 01:37:56,SELL_SIGNAL,KRW-MIRA,475.00,0,0,hold,보유중 (-0.42%),0,0,0,0,0,0,0,-0.42,0,477.00,498.46,465.07
2025-10-20 01:37:56,SELL_SIGNAL,KRW-ENA,754.00,0,0,hold,보유중 (+0.27%),0,0,0,0,0,0,0,+0.27,0,752.00,785.84,751.96
2025-10-20 01:38:01,SELL_SIGNAL,KRW-ETH,6003500.00,0,0,hold,보유중 (-0.24%),0,0,0,0,0,0,0,-0.24,0,6018000.00,6288810.00,5867550.00
2025-10-20 01:38:01,SELL_SIGNAL,KRW-MIRA,475.00,0,0,hold,보유중 (-0.42%),0,0,0,0,0,0,0,-0.42,0,477.00,498.46,465.07
2025-10-20 01:38:01,SELL_SIGNAL,KRW-ENA,754.50,0,0,hold,보유중 (+0.33%),0,0,0,0,0,0,0,+0.33,0,752.00,785.84,751.96
2025-10-20 01:38:05,SELL_SIGNAL,KRW-ENA,754.00,0,0,hold,보유중 (+0.27%),0,0,0,0,0,0,0,+0.27,0,752.00,785.84,751.96
2025-10-20 01:38:06,SELL_SIGNAL,KRW-ENA,753.50,0,0,hold,보유중 (+0.20%),0,0,0,0,0,0,0,+0.20,0,752.00,785.84,751.96
2025-10-20 01:38:06,SELL_SIGNAL,KRW-ETH,6003500.00,0,0,hold,보유중 (-0.24%),0,0,0,0,0,0,0,-0.24,0,6018000.00,6288810.00,5867550.00
2025-10-20 01:38:06,SELL_SIGNAL,KRW-MIRA,475.00,0,0,hold,보유중 (-0.42%),0,0,0,0,0,0,0,-0.42,0,477.00,498.46,465.07
2025-10-20 01:38:11,SELL_SIGNAL,KRW-ETH,6003500.00,0,0,hold,보유중 (-0.24%),0,0,0,0,0,0,0,-0.24,0,6018000.00,6288810.00,5867550.00
2025-10-20 01:38:11,SELL_SIGNAL,KRW-MIRA,475.00,0,0,hold,보유중 (-0.42%),0,0,0,0,0,0,0,-0.42,0,477.00,498.46,465.07
2025-10-20 01:38:11,SELL_SIGNAL,KRW-ENA,754.50,0,0,hold,보유중 (+0.33%),0,0,0,0,0,0,0,+0.33,0,752.00,785.84,751.96
2025-10-20 01:38:16,SELL_SIGNAL,KRW-ETH,6003500.00,0,0,hold,보유중 (-0.24%),0,0,0,0,0,0,0,-0.24,0,6018000.00,6288810.00,5867550.00
2025-10-20 01:38:16,SELL_SIGNAL,KRW-MIRA,474.50,0,0,hold,보유중 (-0.52%),0,0,0,0,0,0,0,-0.52,0,477.00,498.46,465.07
2025-10-20 01:38:16,SELL_SIGNAL,KRW-ENA,754.50,0,0,hold,보유중 (+0.33%),0,0,0,0,0,0,0,+0.33,0,752.00,785.84,751.96
2025-10-20 01:38:21,SELL_SIGNAL,KRW-ETH,6003500.00,0,0,hold,보유중 (-0.24%),0,0,0,0,0,0,0,-0.24,0,6018000.00,6288810.00,5867550.00
2025-10-20 01:38:21,SELL_SIGNAL,KRW-MIRA,474.50,0,0,hold,보유중 (-0.52%),0,0,0,0,0,0,0,-0.52,0,477.00,498.46,465.07
2025-10-20 01:38:21,SELL_SIGNAL,KRW-ENA,755.50,0,0,hold,보유중 (+0.47%),0,0,0,0,0,0,0,+0.47,0,752.00,785.84,751.96
2025-10-20 01:38:27,SELL_SIGNAL,KRW-ETH,6003500.00,0,0,hold,보유중 (-0.24%),0,0,0,0,0,0,0,-0.24,0,6018000.00,6288810.00,5867550.00
2025-10-20 01:38:27,SELL_SIGNAL,KRW-MIRA,474.50,0,0,hold,보유중 (-0.52%),0,0,0,0,0,0,0,-0.52,0,477.00,498.46,465.07
2025-10-20 01:38:27,SELL_SIGNAL,KRW-ENA,755.50,0,0,hold,보유중 (+0.47%),0,0,0,0,0,0,0,+0.47,0,752.00,785.84,751.96
2025-10-20 01:38:32,SELL_SIGNAL,KRW-ETH,6003500.00,0,0,hold,보유중 (-0.24%),0,0,0,0,0,0,0,-0.24,0,6018000.00,6288810.00,5867550.00
2025-10-20 01:38:32,SELL_SIGNAL,KRW-MIRA,474.50,0,0,hold,보유중 (-0.52%),0,0,0,0,0,0,0,-0.52,0,477.00,498.46,465.07
2025-10-20 01:38:32,SELL_SIGNAL,KRW-ENA,755.50,0,0,hold,보유중 (+0.47%),0,0,0,0,0,0,0,+0.47,0,752.00,785.84,751.96
2025-10-20 01:38:37,SELL_SIGNAL,KRW-ETH,6003500.00,0,0,hold,보유중 (-0.24%),0,0,0,0,0,0,0,-0.24,0,6018000.00,6288810.00,5867550.00
2025-10-20 01:38:37,SELL_SIGNAL,KRW-MIRA,474.50,0,0,hold,보유중 (-0.52%),0,0,0,0,0,0,0,-0.52,0,477.00,498.46,465.07
2025-10-20 01:38:37,SELL_SIGNAL,KRW-ENA,755.50,0,0,hold,보유중 (+0.47%),0,0,0,0,0,0,0,+0.47,0,752.00,785.84,751.96
2025-10-20 01:38:42,SELL_SIGNAL,KRW-ETH,6003500.00,0,0,hold,보유중 (-0.24%),0,0,0,0,0,0,0,-0.24,0,6018000.00,6288810.00,5867550.00
2025-10-20 01:38:42,SELL_SIGNAL,KRW-MIRA,474.50,0,0,hold,보유중 (-0.52%),0,0,0,0,0,0,0,-0.52,0,477.00,498.46,465.07
2025-10-20 01:38:42,SELL_SIGNAL,KRW-ENA,755.00,0,0,hold,보유중 (+0.40%),0,0,0,0,0,0,0,+0.40,0,752.00,785.84,751.96
2025-10-20 01:38:43,SELL_SIGNAL,KRW-ENA,756.50,0,0,hold,보유중 (+0.60%),0,0,0,0,0,0,0,+0.60,0,752.00,785.84,751.96
2025-10-20 01:38:47,SELL_SIGNAL,KRW-ETH,6003500.00,0,0,hold,보유중 (-0.24%),0,0,0,0,0,0,0,-0.24,0,6018000.00,6288810.00,5867550.00
2025-10-20 01:38:47,SELL_SIGNAL,KRW-MIRA,474.50,0,0,hold,보유중 (-0.52%),0,0,0,0,0,0,0,-0.52,0,477.00,498.46,465.07
2025-10-20 01:38:52,SELL_SIGNAL,KRW-ETH,6003500.00,0,0,hold,보유중 (-0.24%),0,0,0,0,0,0,0,-0.24,0,6018000.00,6288810.00,5867550.00
2025-10-20 01:38:52,SELL_SIGNAL,KRW-MIRA,474.50,0,0,hold,보유중 (-0.52%),0,0,0,0,0,0,0,-0.52,0,477.00,498.46,465.07
2025-10-20 01:38:52,SELL_SIGNAL,KRW-ENA,756.50,0,0,hold,보유중 (+0.60%),0,0,0,0,0,0,0,+0.60,0,752.00,785.84,751.96
2025-10-20 01:38:57,SELL_SIGNAL,KRW-ETH,6003500.00,0,0,hold,보유중 (-0.24%),0,0,0,0,0,0,0,-0.24,0,6018000.00,6288810.00,5867550.00
2025-10-20 01:38:57,SELL_SIGNAL,KRW-MIRA,474.50,0,0,hold,보유중 (-0.52%),0,0,0,0,0,0,0,-0.52,0,477.00,498.46,465.07
2025-10-20 01:38:57,SELL_SIGNAL,KRW-ENA,756.50,0,0,hold,보유중 (+0.60%),0,0,0,0,0,0,0,+0.60,0,752.00,785.84,751.96
2025-10-20 01:39:02,SELL_SIGNAL,KRW-ETH,6003500.00,0,0,hold,보유중 (-0.24%),0,0,0,0,0,0,0,-0.24,0,6018000.00,6288810.00,5867550.00
2025-10-20 01:39:02,SELL_SIGNAL,KRW-MIRA,474.50,0,0,hold,보유중 (-0.52%),0,0,0,0,0,0,0,-0.52,0,477.00,498.46,465.07
2025-10-20 01:39:02,SELL_SIGNAL,KRW-ENA,756.50,0,0,hold,보유중 (+0.60%),0,0,0,0,0,0,0,+0.60,0,752.00,785.84,751.96
2025-10-20 01:39:07,SELL_SIGNAL,KRW-ETH,6003500.00,0,0,hold,보유중 (-0.24%),0,0,0,0,0,0,0,-0.24,0,6018000.00,6288810.00,5867550.00
2025-10-20 01:39:07,SELL_SIGNAL,KRW-MIRA,474.50,0,0,hold,보유중 (-0.52%),0,0,0,0,0,0,0,-0.52,0,477.00,498.46,465.07
2025-10-20 01:39:07,SELL_SIGNAL,KRW-ENA,756.50,0,0,hold,보유중 (+0.60%),0,0,0,0,0,0,0,+0.60,0,752.00,785.84,751.96
2025-10-20 01:39:12,SELL_SIGNAL,KRW-ETH,6003500.00,0,0,hold,보유중 (-0.24%),0,0,0,0,0,0,0,-0.24,0,6018000.00,6288810.00,5867550.00
2025-10-20 01:39:12,SELL_SIGNAL,KRW-MIRA,474.50,0,0,hold,보유중 (-0.52%),0,0,0,0,0,0,0,-0.52,0,477.00,498.46,465.07
2025-10-20 01:39:12,SELL_SIGNAL,KRW-ENA,756.50,0,0,hold,보유중 (+0.60%),0,0,0,0,0,0,0,+0.60,0,752.00,785.84,751.96
2025-10-20 01:39:13,SELL_SIGNAL,KRW-ETH,6004500.00,0,0,hold,보유중 (-0.22%),0,0,0,0,0,0,0,-0.22,0,6018000.00,6288810.00,5867550.00
2025-10-20 01:39:18,SELL_SIGNAL,KRW-MIRA,474.50,0,0,hold,보유중 (-0.52%),0,0,0,0,0,0,0,-0.52,0,477.00,498.46,465.07
2025-10-20 01:39:18,SELL_SIGNAL,KRW-ENA,756.50,0,0,hold,보유중 (+0.60%),0,0,0,0,0,0,0,+0.60,0,752.00,785.84,751.96
2025-10-20 01:39:19,SELL_SIGNAL,KRW-ETH,6004500.00,0,0,hold,보유중 (-0.22%),0,0,0,0,0,0,0,-0.22,0,6018000.00,6288810.00,5867550.00
2025-10-20 01:39:23,SELL_SIGNAL,KRW-MIRA,474.50,0,0,hold,보유중 (-0.52%),0,0,0,0,0,0,0,-0.52,0,477.00,498.46,465.07
2025-10-20 01:39:23,SELL_SIGNAL,KRW-ENA,756.50,0,0,hold,보유중 (+0.60%),0,0,0,0,0,0,0,+0.60,0,752.00,785.84,751.96
2025-10-20 01:39:24,SELL_SIGNAL,KRW-ETH,6004500.00,0,0,hold,보유중 (-0.22%),0,0,0,0,0,0,0,-0.22,0,6018000.00,6288810.00,5867550.00
2025-10-20 01:39:27,SELL_SIGNAL,KRW-MIRA,475.00,0,0,hold,보유중 (-0.42%),0,0,0,0,0,0,0,-0.42,0,477.00,498.46,465.07
2025-10-20 01:39:28,SELL_SIGNAL,KRW-ENA,756.50,0,0,hold,보유중 (+0.60%),0,0,0,0,0,0,0,+0.60,0,752.00,785.84,751.96
2025-10-20 01:39:31,SELL_SIGNAL,KRW-ETH,6006000.00,0,0,hold,보유중 (-0.20%),0,0,0,0,0,0,0,-0.20,0,6018000.00,6288810.00,5867550.00
2025-10-20 01:39:33,SELL_SIGNAL,KRW-MIRA,474.50,0,0,hold,보유중 (-0.52%),0,0,0,0,0,0,0,-0.52,0,477.00,498.46,465.07
2025-10-20 01:39:33,SELL_SIGNAL,KRW-ENA,756.50,0,0,hold,보유중 (+0.60%),0,0,0,0,0,0,0,+0.60,0,752.00,785.84,751.96
2025-10-20 01:39:36,SELL_SIGNAL,KRW-ETH,6006000.00,0,0,hold,보유중 (-0.20%),0,0,0,0,0,0,0,-0.20,0,6018000.00,6288810.00,5867550.00
2025-10-20 01:39:37,SELL_SIGNAL,KRW-MIRA,475.50,0,0,hold,보유중 (-0.31%),0,0,0,0,0,0,0,-0.31,0,477.00,498.46,465.07
2025-10-20 01:39:38,SELL_SIGNAL,KRW-ETH,6006500.00,0,0,hold,보유중 (-0.19%),0,0,0,0,0,0,0,-0.19,0,6018000.00,6288810.00,5867550.00
2025-10-20 01:39:38,SELL_SIGNAL,KRW-ENA,756.50,0,0,hold,보유중 (+0.60%),0,0,0,0,0,0,0,+0.60,0,752.00,785.84,751.96
2025-10-20 01:39:43,SELL_SIGNAL,KRW-ETH,6007500.00,0,0,hold,보유중 (-0.17%),0,0,0,0,0,0,0,-0.17,0,6018000.00,6288810.00,5867550.00
2025-10-20 01:39:43,SELL_SIGNAL,KRW-MIRA,475.50,0,0,hold,보유중 (-0.31%),0,0,0,0,0,0,0,-0.31,0,477.00,498.46,465.07
2025-10-20 01:39:43,SELL_SIGNAL,KRW-ENA,756.50,0,0,hold,보유중 (+0.60%),0,0,0,0,0,0,0,+0.60,0,752.00,785.84,751.96
2025-10-20 01:39:45,SELL_SIGNAL,KRW-ETH,6006500.00,0,0,hold,보유중 (-0.19%),0,0,0,0,0,0,0,-0.19,0,6018000.00,6288810.00,5867550.00
2025-10-20 01:39:47,SELL_SIGNAL,KRW-ETH,6007000.00,0,0,hold,보유중 (-0.18%),0,0,0,0,0,0,0,-0.18,0,6018000.00,6288810.00,5867550.00
2025-10-20 01:39:48,SELL_SIGNAL,KRW-ETH,6008500.00,0,0,hold,보유중 (-0.16%),0,0,0,0,0,0,0,-0.16,0,6018000.00,6288810.00,5867550.00
2025-10-20 01:39:48,SELL_SIGNAL,KRW-MIRA,475.50,0,0,hold,보유중 (-0.31%),0,0,0,0,0,0,0,-0.31,0,477.00,498.46,465.07
2025-10-20 01:39:48,SELL_SIGNAL,KRW-ENA,756.50,0,0,hold,보유중 (+0.60%),0,0,0,0,0,0,0,+0.60,0,752.00,785.84,751.96
2025-10-20 01:39:51,SELL_SIGNAL,KRW-ETH,6009500.00,0,0,hold,보유중 (-0.14%),0,0,0,0,0,0,0,-0.14,0,6018000.00,6288810.00,5867550.00
2025-10-20 01:39:53,SELL_SIGNAL,KRW-MIRA,475.50,0,0,hold,보유중 (-0.31%),0,0,0,0,0,0,0,-0.31,0,477.00,498.46,465.07
2025-10-20 01:39:53,SELL_SIGNAL,KRW-ENA,756.50,0,0,hold,보유중 (+0.60%),0,0,0,0,0,0,0,+0.60,0,752.00,785.84,751.96
2025-10-20 01:39:56,SELL_SIGNAL,KRW-ETH,6010000.00,0,0,hold,보유중 (-0.13%),0,0,0,0,0,0,0,-0.13,0,6018000.00,6288810.00,5867550.00
2025-10-20 01:39:59,SELL_SIGNAL,KRW-MIRA,475.50,0,0,hold,보유중 (-0.31%),0,0,0,0,0,0,0,-0.31,0,477.00,498.46,465.07
2025-10-20 01:39:59,SELL_SIGNAL,KRW-ENA,756.50,0,0,hold,보유중 (+0.60%),0,0,0,0,0,0,0,+0.60,0,752.00,785.84,751.96
2025-10-20 01:40:02,SELL_SIGNAL,KRW-ETH,6010000.00,0,0,hold,보유중 (-0.13%),0,0,0,0,0,0,0,-0.13,0,6018000.00,6288810.00,5867550.00
2025-10-20 01:40:04,SELL_SIGNAL,KRW-MIRA,475.50,0,0,hold,보유중 (-0.31%),0,0,0,0,0,0,0,-0.31,0,477.00,498.46,465.07
2025-10-20 01:40:04,SELL_SIGNAL,KRW-ENA,756.50,0,0,hold,보유중 (+0.60%),0,0,0,0,0,0,0,+0.60,0,752.00,785.84,751.96
2025-10-20 01:40:06,SELL_SIGNAL,KRW-ETH,6010500.00,0,0,hold,보유중 (-0.12%),0,0,0,0,0,0,0,-0.12,0,6018000.00,6288810.00,5867550.00
2025-10-20 01:40:09,SELL_SIGNAL,KRW-MIRA,475.50,0,0,hold,보유중 (-0.31%),0,0,0,0,0,0,0,-0.31,0,477.00,498.46,465.07
2025-10-20 01:40:09,SELL_SIGNAL,KRW-ENA,756.50,0,0,hold,보유중 (+0.60%),0,0,0,0,0,0,0,+0.60,0,752.00,785.84,751.96
2025-10-20 01:40:11,SELL_SIGNAL,KRW-ETH,6012000.00,0,0,hold,보유중 (-0.10%),0,0,0,0,0,0,0,-0.10,0,6018000.00,6288810.00,5867550.00
2025-10-20 01:40:13,SELL_SIGNAL,KRW-ETH,6012500.00,0,0,hold,보유중 (-0.09%),0,0,0,0,0,0,0,-0.09,0,6018000.00,6288810.00,5867550.00
2025-10-20 01:40:14,SELL_SIGNAL,KRW-MIRA,475.50,0,0,hold,보유중 (-0.31%),0,0,0,0,0,0,0,-0.31,0,477.00,498.46,465.07
2025-10-20 01:40:14,SELL_SIGNAL,KRW-ENA,756.50,0,0,hold,보유중 (+0.60%),0,0,0,0,0,0,0,+0.60,0,752.00,785.84,751.96
2025-10-20 01:40:15,SELL_SIGNAL,KRW-ETH,6013000.00,0,0,hold,보유중 (-0.08%),0,0,0,0,0,0,0,-0.08,0,6018000.00,6288810.00,5867550.00
2025-10-20 01:40:16,SELL_SIGNAL,KRW-ENA,757.50,0,0,hold,보유중 (+0.73%),0,0,0,0,0,0,0,+0.73,0,752.00,785.84,752.96
2025-10-20 01:40:17,SELL_SIGNAL,KRW-ETH,6013500.00,0,0,hold,보유중 (-0.07%),0,0,0,0,0,0,0,-0.07,0,6018000.00,6288810.00,5867550.00
2025-10-20 01:40:19,SELL_SIGNAL,KRW-MIRA,475.50,0,0,hold,보유중 (-0.31%),0,0,0,0,0,0,0,-0.31,0,477.00,498.46,465.07
2025-10-20 01:40:19,SELL_SIGNAL,KRW-ENA,756.50,0,0,hold,보유중 (+0.60%),0,0,0,0,0,0,0,+0.60,0,752.00,785.84,752.96
2025-10-20 01:40:23,SELL_SIGNAL,KRW-ETH,6013500.00,0,0,hold,보유중 (-0.07%),0,0,0,0,0,0,0,-0.07,0,6018000.00,6288810.00,5867550.00
2025-10-20 01:40:24,SELL_SIGNAL,KRW-MIRA,475.50,0,0,hold,보유중 (-0.31%),0,0,0,0,0,0,0,-0.31,0,477.00,498.46,465.07
2025-10-20 01:40:24,SELL_SIGNAL,KRW-ENA,756.50,0,0,hold,보유중 (+0.60%),0,0,0,0,0,0,0,+0.60,0,752.00,785.84,752.96
2025-10-20 01:40:28,SELL_SIGNAL,KRW-ETH,6012500.00,0,0,hold,보유중 (-0.09%),0,0,0,0,0,0,0,-0.09,0,6018000.00,6288810.00,5867550.00
2025-10-20 01:40:29,SELL_SIGNAL,KRW-MIRA,475.50,0,0,hold,보유중 (-0.31%),0,0,0,0,0,0,0,-0.31,0,477.00,498.46,465.07
2025-10-20 01:40:29,SELL_SIGNAL,KRW-ENA,756.50,0,0,hold,보유중 (+0.60%),0,0,0,0,0,0,0,+0.60,0,752.00,785.84,752.96
2025-10-20 01:40:34,SELL_SIGNAL,KRW-ENA,756.50,0,0,hold,보유중 (+0.60%),0,0,0,0,0,0,0,+0.60,0,752.00,785.84,752.96
2025-10-20 01:40:34,SELL_SIGNAL,KRW-ETH,6012500.00,0,0,hold,보유중 (-0.09%),0,0,0,0,0,0,0,-0.09,0,6018000.00,6288810.00,5867550.00
2025-10-20 01:40:34,SELL_SIGNAL,KRW-MIRA,475.50,0,0,hold,보유중 (-0.31%),0,0,0,0,0,0,0,-0.31,0,477.00,498.46,465.07
2025-10-20 01:40:39,SELL_SIGNAL,KRW-ETH,6012500.00,0,0,hold,보유중 (-0.09%),0,0,0,0,0,0,0,-0.09,0,6018000.00,6288810.00,5867550.00
2025-10-20 01:40:39,SELL_SIGNAL,KRW-MIRA,475.50,0,0,hold,보유중 (-0.31%),0,0,0,0,0,0,0,-0.31,0,477.00,498.46,465.07
2025-10-20 01:40:39,SELL_SIGNAL,KRW-ENA,756.50,0,0,hold,보유중 (+0.60%),0,0,0,0,0,0,0,+0.60,0,752.00,785.84,752.96
2025-10-20 01:40:40,SELL_SIGNAL,KRW-ETH,6013000.00,0,0,hold,보유중 (-0.08%),0,0,0,0,0,0,0,-0.08,0,6018000.00,6288810.00,5867550.00
2025-10-20 01:40:44,SELL_SIGNAL,KRW-MIRA,475.50,0,0,hold,보유중 (-0.31%),0,0,0,0,0,0,0,-0.31,0,477.00,498.46,465.07
2025-10-20 01:40:44,SELL_SIGNAL,KRW-ENA,756.50,0,0,hold,보유중 (+0.60%),0,0,0,0,0,0,0,+0.60,0,752.00,785.84,752.96
2025-10-20 01:40:46,SELL_SIGNAL,KRW-ETH,6013500.00,0,0,hold,보유중 (-0.07%),0,0,0,0,0,0,0,-0.07,0,6018000.00,6288810.00,5867550.00
2025-10-20 01:40:49,SELL_SIGNAL,KRW-MIRA,475.50,0,0,hold,보유중 (-0.31%),0,0,0,0,0,0,0,-0.31,0,477.00,498.46,465.07
2025-10-20 01:40:49,SELL_SIGNAL,KRW-ENA,756.50,0,0,hold,보유중 (+0.60%),0,0,0,0,0,0,0,+0.60,0,752.00,785.84,752.96
2025-10-20 01:40:53,SELL_SIGNAL,KRW-ETH,6013500.00,0,0,hold,보유중 (-0.07%),0,0,0,0,0,0,0,-0.07,0,6018000.00,6288810.00,5867550.00
2025-10-20 01:40:55,SELL_SIGNAL,KRW-MIRA,475.50,0,0,hold,보유중 (-0.31%),0,0,0,0,0,0,0,-0.31,0,477.00,498.46,465.07
2025-10-20 01:40:55,SELL_SIGNAL,KRW-ENA,756.50,0,0,hold,보유중 (+0.60%),0,0,0,0,0,0,0,+0.60,0,752.00,785.84,752.96
2025-10-20 01:41:00,SELL_SIGNAL,KRW-ETH,6013500.00,0,0,hold,보유중 (-0.07%),0,0,0,0,0,0,0,-0.07,0,6018000.00,6288810.00,5867550.00
2025-10-20 01:41:00,SELL_SIGNAL,KRW-MIRA,475.50,0,0,hold,보유중 (-0.31%),0,0,0,0,0,0,0,-0.31,0,477.00,498.46,465.07
2025-10-20 01:41:00,SELL_SIGNAL,KRW-ENA,756.50,0,0,hold,보유중 (+0.60%),0,0,0,0,0,0,0,+0.60,0,752.00,785.84,752.96
2025-10-20 01:41:05,SELL_SIGNAL,KRW-ETH,6013500.00,0,0,hold,보유중 (-0.07%),0,0,0,0,0,0,0,-0.07,0,6018000.00,6288810.00,5867550.00
2025-10-20 01:41:05,SELL_SIGNAL,KRW-MIRA,475.50,0,0,hold,보유중 (-0.31%),0,0,0,0,0,0,0,-0.31,0,477.00,498.46,465.07
2025-10-20 01:41:05,SELL_SIGNAL,KRW-ENA,756.50,0,0,hold,보유중 (+0.60%),0,0,0,0,0,0,0,+0.60,0,752.00,785.84,752.96
2025-10-20 01:41:10,SELL_SIGNAL,KRW-ETH,6013500.00,0,0,hold,보유중 (-0.07%),0,0,0,0,0,0,0,-0.07,0,6018000.00,6288810.00,5867550.00
2025-10-20 01:41:10,SELL_SIGNAL,KRW-MIRA,475.50,0,0,hold,보유중 (-0.31%),0,0,0,0,0,0,0,-0.31,0,477.00,498.46,465.07
2025-10-20 01:41:10,SELL_SIGNAL,KRW-ENA,757.00,0,0,hold,보유중 (+0.66%),0,0,0,0,0,0,0,+0.66,0,752.00,785.84,752.96
2025-10-20 01:41:15,SELL_SIGNAL,KRW-ENA,756.50,0,0,hold,보유중 (+0.60%),0,0,0,0,0,0,0,+0.60,0,752.00,785.84,752.96
2025-10-20 01:41:15,SELL_SIGNAL,KRW-ETH,6013500.00,0,0,hold,보유중 (-0.07%),0,0,0,0,0,0,0,-0.07,0,6018000.00,6288810.00,5867550.00
2025-10-20 01:41:15,SELL_SIGNAL,KRW-MIRA,475.50,0,0,hold,보유중 (-0.31%),0,0,0,0,0,0,0,-0.31,0,477.00,498.46,465.07
2025-10-20 01:41:20,SELL_SIGNAL,KRW-ETH,6013500.00,0,0,hold,보유중 (-0.07%),0,0,0,0,0,0,0,-0.07,0,6018000.00,6288810.00,5867550.00
2025-10-20 01:41:20,SELL_SIGNAL,KRW-MIRA,475.50,0,0,hold,보유중 (-0.31%),0,0,0,0,0,0,0,-0.31,0,477.00,498.46,465.07
2025-10-20 01:41:20,SELL_SIGNAL,KRW-ENA,756.50,0,0,hold,보유중 (+0.60%),0,0,0,0,0,0,0,+0.60,0,752.00,785.84,752.96
2025-10-20 01:41:25,SELL_SIGNAL,KRW-ETH,6013500.00,0,0,hold,보유중 (-0.07%),0,0,0,0,0,0,0,-0.07,0,6018000.00,6288810.00,5867550.00
2025-10-20 01:41:25,SELL_SIGNAL,KRW-MIRA,475.50,0,0,hold,보유중 (-0.31%),0,0,0,0,0,0,0,-0.31,0,477.00,498.46,465.07
2025-10-20 01:41:25,SELL_SIGNAL,KRW-ENA,757.00,0,0,hold,보유중 (+0.66%),0,0,0,0,0,0,0,+0.66,0,752.00,785.84,752.96
2025-10-20 01:41:30,SELL_SIGNAL,KRW-ETH,6013500.00,0,0,hold,보유중 (-0.07%),0,0,0,0,0,0,0,-0.07,0,6018000.00,6288810.00,5867550.00
2025-10-20 01:41:30,SELL_SIGNAL,KRW-MIRA,475.50,0,0,hold,보유중 (-0.31%),0,0,0,0,0,0,0,-0.31,0,477.00,498.46,465.07
2025-10-20 01:41:30,SELL_SIGNAL,KRW-ENA,757.00,0,0,hold,보유중 (+0.66%),0,0,0,0,0,0,0,+0.66,0,752.00,785.84,752.96
2025-10-20 01:41:35,SELL_SIGNAL,KRW-ENA,757.50,0,0,hold,보유중 (+0.73%),0,0,0,0,0,0,0,+0.73,0,752.00,785.84,752.96
2025-10-20 01:41:36,SELL_SIGNAL,KRW-ETH,6013500.00,0,0,hold,보유중 (-0.07%),0,0,0,0,0,0,0,-0.07,0,6018000.00,6288810.00,5867550.00
2025-10-20 01:41:36,SELL_SIGNAL,KRW-MIRA,475.50,0,0,hold,보유중 (-0.31%),0,0,0,0,0,0,0,-0.31,0,477.00,498.46,465.07
2025-10-20 01:41:41,SELL_SIGNAL,KRW-ETH,6013500.00,0,0,hold,보유중 (-0.07%),0,0,0,0,0,0,0,-0.07,0,6018000.00,6288810.00,5867550.00
2025-10-20 01:41:41,SELL_SIGNAL,KRW-MIRA,475.50,0,0,hold,보유중 (-0.31%),0,0,0,0,0,0,0,-0.31,0,477.00,498.46,465.07
2025-10-20 01:41:41,SELL_SIGNAL,KRW-ENA,757.50,0,0,hold,보유중 (+0.73%),0,0,0,0,0,0,0,+0.73,0,752.00,785.84,752.96
2025-10-20 01:41:45,SELL_SIGNAL,KRW-ENA,758.50,0,0,hold,보유중 (+0.86%),0,0,0,0,0,0,0,+0.86,0,752.00,785.84,753.95
2025-10-20 01:41:46,SELL_SIGNAL,KRW-ETH,6014500.00,0,0,hold,보유중 (-0.06%),0,0,0,0,0,0,0,-0.06,0,6018000.00,6288810.00,5867550.00
2025-10-20 01:41:46,SELL_SIGNAL,KRW-MIRA,475.50,0,0,hold,보유중 (-0.31%),0,0,0,0,0,0,0,-0.31,0,477.00,498.46,465.07
2025-10-20 01:41:48,SELL_SIGNAL,KRW-ETH,6014000.00,0,0,hold,보유중 (-0.07%),0,0,0,0,0,0,0,-0.07,0,6018000.00,6288810.00,5867550.00
2025-10-20 01:41:51,SELL_SIGNAL,KRW-MIRA,475.50,0,0,hold,보유중 (-0.31%),0,0,0,0,0,0,0,-0.31,0,477.00,498.46,465.07
2025-10-20 01:41:51,SELL_SIGNAL,KRW-ETH,6014500.00,0,0,hold,보유중 (-0.06%),0,0,0,0,0,0,0,-0.06,0,6018000.00,6288810.00,5867550.00
2025-10-20 01:41:51,SELL_SIGNAL,KRW-ENA,758.50,0,0,hold,보유중 (+0.86%),0,0,0,0,0,0,0,+0.86,0,752.00,785.84,753.95
2025-10-20 01:41:52,SELL_SIGNAL,KRW-ETH,6015000.00,0,0,hold,보유중 (-0.05%),0,0,0,0,0,0,0,-0.05,0,6018000.00,6288810.00,5867550.00
2025-10-20 01:41:54,SELL_SIGNAL,KRW-ETH,6016500.00,0,0,hold,보유중 (-0.02%),0,0,0,0,0,0,0,-0.02,0,6018000.00,6288810.00,5867550.00
2025-10-20 01:41:55,SELL_SIGNAL,KRW-MIRA,476.00,0,0,hold,보유중 (-0.21%),0,0,0,0,0,0,0,-0.21,0,477.00,498.46,465.07
2025-10-20 01:41:56,SELL_SIGNAL,KRW-ENA,758.50,0,0,hold,보유중 (+0.86%),0,0,0,0,0,0,0,+0.86,0,752.00,785.84,753.95
2025-10-20 01:42:00,SELL_SIGNAL,KRW-ENA,759.50,0,0,hold,보유중 (+1.00%),0,0,0,0,0,0,0,+1.00,0,752.00,785.84,754.94
2025-10-20 01:42:01,SELL_SIGNAL,KRW-ETH,6016500.00,0,0,hold,보유중 (-0.02%),0,0,0,0,0,0,0,-0.02,0,6018000.00,6288810.00,5867550.00
2025-10-20 01:42:01,SELL_SIGNAL,KRW-MIRA,476.00,0,0,hold,보유중 (-0.21%),0,0,0,0,0,0,0,-0.21,0,477.00,498.46,465.07
2025-10-20 01:42:03,SELL_SIGNAL,KRW-ENA,759.00,0,0,hold,보유중 (+0.93%),0,0,0,0,0,0,0,+0.93,0,752.00,785.84,754.94
2025-10-20 01:42:04,SELL_SIGNAL,KRW-ETH,6018000.00,0,0,hold,보유중 (+0.00%),0,0,0,0,0,0,0,+0.00,0,6018000.00,6288810.00,5867550.00
2025-10-20 01:42:06,SELL_SIGNAL,KRW-MIRA,476.50,0,0,hold,보유중 (-0.10%),0,0,0,0,0,0,0,-0.10,0,477.00,498.46,465.07
2025-10-20 01:42:06,SELL_SIGNAL,KRW-ENA,758.50,0,0,hold,보유중 (+0.86%),0,0,0,0,0,0,0,+0.86,0,752.00,785.84,754.94
2025-10-20 01:42:11,SELL_SIGNAL,KRW-ETH,6018000.00,0,0,hold,보유중 (+0.00%),0,0,0,0,0,0,0,+0.00,0,6018000.00,6288810.00,5867550.00
2025-10-20 01:42:11,SELL_SIGNAL,KRW-MIRA,476.50,0,0,hold,보유중 (-0.10%),0,0,0,0,0,0,0,-0.10,0,477.00,498.46,465.07
2025-10-20 01:42:11,SELL_SIGNAL,KRW-ENA,759.50,0,0,hold,보유중 (+1.00%),0,0,0,0,0,0,0,+1.00,0,752.00,785.84,754.94
2025-10-20 01:42:14,SELL_SIGNAL,KRW-ETH,6017500.00,0,0,hold,보유중 (-0.01%),0,0,0,0,0,0,0,-0.01,0,6018000.00,6288810.00,5867550.00
2025-10-20 01:42:16,SELL_SIGNAL,KRW-ETH,6018000.00,0,0,hold,보유중 (+0.00%),0,0,0,0,0,0,0,+0.00,0,6018000.00,6288810.00,5867550.00
2025-10-20 01:42:16,SELL_SIGNAL,KRW-MIRA,476.50,0,0,hold,보유중 (-0.10%),0,0,0,0,0,0,0,-0.10,0,477.00,498.46,465.07
2025-10-20 01:42:16,SELL_SIGNAL,KRW-ENA,759.50,0,0,hold,보유중 (+1.00%),0,0,0,0,0,0,0,+1.00,0,752.00,785.84,754.94
2025-10-20 01:42:21,SELL_SIGNAL,KRW-ETH,6018000.00,0,0,hold,보유중 (+0.00%),0,0,0,0,0,0,0,+0.00,0,6018000.00,6288810.00,5867550.00
2025-10-20 01:42:22,SELL_SIGNAL,KRW-MIRA,476.50,0,0,hold,보유중 (-0.10%),0,0,0,0,0,0,0,-0.10,0,477.00,498.46,465.07
2025-10-20 01:42:22,SELL_SIGNAL,KRW-ENA,759.50,0,0,hold,보유중 (+1.00%),0,0,0,0,0,0,0,+1.00,0,752.00,785.84,754.94
2025-10-20 01:42:24,SELL_SIGNAL,KRW-ETH,6019000.00,0,0,hold,보유중 (+0.02%),0,0,0,0,0,0,0,+0.02,0,6018000.00,6288810.00,5867550.00
2025-10-20 01:42:27,SELL_SIGNAL,KRW-MIRA,476.50,0,0,hold,보유중 (-0.10%),0,0,0,0,0,0,0,-0.10,0,477.00,498.46,465.07
2025-10-20 01:42:27,SELL_SIGNAL,KRW-ENA,759.50,0,0,hold,보유중 (+1.00%),0,0,0,0,0,0,0,+1.00,0,752.00,785.84,754.94
2025-10-20 01:42:30,SELL_SIGNAL,KRW-ETH,6020000.00,0,0,hold,보유중 (+0.03%),0,0,0,0,0,0,0,+0.03,0,6018000.00,6288810.00,5867550.00
2025-10-20 01:42:31,SELL_SIGNAL,KRW-MIRA,476.00,0,0,hold,보유중 (-0.21%),0,0,0,0,0,0,0,-0.21,0,477.00,498.46,465.07
2025-10-20 01:42:32,SELL_SIGNAL,KRW-ETH,6021500.00,0,0,hold,보유중 (+0.06%),0,0,0,0,0,0,0,+0.06,0,6018000.00,6288810.00,5867550.00
2025-10-20 01:42:32,SELL_SIGNAL,KRW-ENA,759.50,0,0,hold,보유중 (+1.00%),0,0,0,0,0,0,0,+1.00,0,752.00,785.84,754.94
2025-10-20 01:42:35,SELL_SIGNAL,KRW-ETH,6022000.00,0,0,hold,보유중 (+0.07%),0,0,0,0,0,0,0,+0.07,0,6018000.00,6288810.00,5867550.00
2025-10-20 01:42:36,SELL_SIGNAL,KRW-ETH,6023500.00,0,0,hold,보유중 (+0.09%),0,0,0,0,0,0,0,+0.09,0,6018000.00,6288810.00,5867550.00
2025-10-20 01:42:37,SELL_SIGNAL,KRW-MIRA,476.00,0,0,hold,보유중 (-0.21%),0,0,0,0,0,0,0,-0.21,0,477.00,498.46,465.07
2025-10-20 01:42:37,SELL_SIGNAL,KRW-ENA,759.50,0,0,hold,보유중 (+1.00%),0,0,0,0,0,0,0,+1.00,0,752.00,785.84,754.94
2025-10-20 01:42:42,SELL_SIGNAL,KRW-ETH,6024000.00,0,0,hold,보유중 (+0.10%),0,0,0,0,0,0,0,+0.10,0,6018000.00,6288810.00,5867550.00
2025-10-20 01:42:42,SELL_SIGNAL,KRW-MIRA,476.50,0,0,hold,보유중 (-0.10%),0,0,0,0,0,0,0,-0.10,0,477.00,498.46,465.07
2025-10-20 01:42:42,SELL_SIGNAL,KRW-ENA,759.50,0,0,hold,보유중 (+1.00%),0,0,0,0,0,0,0,+1.00,0,752.00,785.84,754.94
2025-10-20 01:42:44,SELL_SIGNAL,KRW-ETH,6023500.00,0,0,hold,보유중 (+0.09%),0,0,0,0,0,0,0,+0.09,0,6018000.00,6288810.00,5867550.00
2025-10-20 01:42:47,SELL_SIGNAL,KRW-ETH,6022500.00,0,0,hold,보유중 (+0.07%),0,0,0,0,0,0,0,+0.07,0,6018000.00,6288810.00,5867550.00
2025-10-20 01:42:47,SELL_SIGNAL,KRW-MIRA,476.50,0,0,hold,보유중 (-0.10%),0,0,0,0,0,0,0,-0.10,0,477.00,498.46,465.07
2025-10-20 01:42:47,SELL_SIGNAL,KRW-ENA,759.50,0,0,hold,보유중 (+1.00%),0,0,0,0,0,0,0,+1.00,0,752.00,785.84,754.94
2025-10-20 01:42:49,SELL_SIGNAL,KRW-ETH,6023500.00,0,0,hold,보유중 (+0.09%),0,0,0,0,0,0,0,+0.09,0,6018000.00,6288810.00,5867550.00
2025-10-20 01:42:52,SELL_SIGNAL,KRW-MIRA,476.50,0,0,hold,보유중 (-0.10%),0,0,0,0,0,0,0,-0.10,0,477.00,498.46,465.07
2025-10-20 01:42:52,SELL_SIGNAL,KRW-ENA,759.50,0,0,hold,보유중 (+1.00%),0,0,0,0,0,0,0,+1.00,0,752.00,785.84,754.94
2025-10-20 01:42:53,SELL_SIGNAL,KRW-ETH,6025500.00,0,0,hold,보유중 (+0.12%),0,0,0,0,0,0,0,+0.12,0,6018000.00,6288810.00,5867550.00
2025-10-20 01:42:57,SELL_SIGNAL,KRW-MIRA,476.50,0,0,hold,보유중 (-0.10%),0,0,0,0,0,0,0,-0.10,0,477.00,498.46,465.07
2025-10-20 01:42:57,SELL_SIGNAL,KRW-ENA,759.50,0,0,hold,보유중 (+1.00%),0,0,0,0,0,0,0,+1.00,0,752.00,785.84,754.94
2025-10-20 01:42:58,SELL_SIGNAL,KRW-ETH,6025500.00,0,0,hold,보유중 (+0.12%),0,0,0,0,0,0,0,+0.12,0,6018000.00,6288810.00,5867550.00
2025-10-20 01:43:01,SELL_SIGNAL,KRW-ETH,6023500.00,0,0,hold,보유중 (+0.09%),0,0,0,0,0,0,0,+0.09,0,6018000.00,6288810.00,5867550.00
2025-10-20 01:43:02,SELL_SIGNAL,KRW-ETH,6024500.00,0,0,hold,보유중 (+0.11%),0,0,0,0,0,0,0,+0.11,0,6018000.00,6288810.00,5867550.00
2025-10-20 01:43:03,SELL_SIGNAL,KRW-MIRA,476.50,0,0,hold,보유중 (-0.10%),0,0,0,0,0,0,0,-0.10,0,477.00,498.46,465.07
2025-10-20 01:43:03,SELL_SIGNAL,KRW-ENA,759.50,0,0,hold,보유중 (+1.00%),0,0,0,0,0,0,0,+1.00,0,752.00,785.84,754.94
2025-10-20 01:43:04,SELL_SIGNAL,KRW-ETH,6025500.00,0,0,hold,보유중 (+0.12%),0,0,0,0,0,0,0,+0.12,0,6018000.00,6288810.00,5867550.00
2025-10-20 01:43:06,SELL_SIGNAL,KRW-ENA,760.50,0,0,hold,보유중 (+1.13%),0,0,0,0,0,0,0,+1.13,0,752.00,785.84,754.94
2025-10-20 01:43:08,SELL_SIGNAL,KRW-ETH,6026000.00,0,0,hold,보유중 (+0.13%),0,0,0,0,0,0,0,+0.13,0,6018000.00,6288810.00,5867550.00
2025-10-20 01:43:08,SELL_SIGNAL,KRW-MIRA,476.50,0,0,hold,보유중 (-0.10%),0,0,0,0,0,0,0,-0.10,0,477.00,498.46,465.07
2025-10-20 01:43:09,SELL_SIGNAL,KRW-ETH,6027500.00,0,0,hold,보유중 (+0.16%),0,0,0,0,0,0,0,+0.16,0,6018000.00,6288810.00,5867550.00
2025-10-20 01:43:13,SELL_SIGNAL,KRW-MIRA,476.50,0,0,hold,보유중 (-0.10%),0,0,0,0,0,0,0,-0.10,0,477.00,498.46,465.07
2025-10-20 01:43:13,SELL_SIGNAL,KRW-ENA,760.50,0,0,hold,보유중 (+1.13%),0,0,0,0,0,0,0,+1.13,0,752.00,785.84,754.94
2025-10-20 01:43:14,SELL_SIGNAL,KRW-ETH,6028500.00,0,0,hold,보유중 (+0.17%),0,0,0,0,0,0,0,+0.17,0,6018000.00,6288810.00,5867550.00
2025-10-20 01:43:18,SELL_SIGNAL,KRW-MIRA,476.50,0,0,hold,보유중 (-0.10%),0,0,0,0,0,0,0,-0.10,0,477.00,498.46,465.07
2025-10-20 01:43:18,SELL_SIGNAL,KRW-ENA,760.50,0,0,hold,보유중 (+1.13%),0,0,0,0,0,0,0,+1.13,0,752.00,785.84,754.94
2025-10-20 01:43:21,SELL_SIGNAL,KRW-ETH,6029000.00,0,0,hold,보유중 (+0.18%),0,0,0,0,0,0,0,+0.18,0,6018000.00,6288810.00,5867550.00
2025-10-20 01:43:23,SELL_SIGNAL,KRW-MIRA,476.50,0,0,hold,보유중 (-0.10%),0,0,0,0,0,0,0,-0.10,0,477.00,498.46,465.07
2025-10-20 01:43:23,SELL_SIGNAL,KRW-ENA,760.50,0,0,hold,보유중 (+1.13%),0,0,0,0,0,0,0,+1.13,0,752.00,785.84,754.94
2025-10-20 01:43:26,SELL_SIGNAL,KRW-ENA,761.00,0,0,hold,보유중 (+1.20%),0,0,0,0,0,0,0,+1.20,0,752.00,785.84,754.94
2025-10-20 01:43:28,SELL_SIGNAL,KRW-ETH,6029000.00,0,0,hold,보유중 (+0.18%),0,0,0,0,0,0,0,+0.18,0,6018000.00,6288810.00,5867550.00
2025-10-20 01:43:28,SELL_SIGNAL,KRW-MIRA,476.50,0,0,hold,보유중 (-0.10%),0,0,0,0,0,0,0,-0.10,0,477.00,498.46,465.07
2025-10-20 01:43:29,SELL_SIGNAL,KRW-ENA,760.50,0,0,hold,보유중 (+1.13%),0,0,0,0,0,0,0,+1.13,0,752.00,785.84,754.94
2025-10-20 01:43:30,SELL_SIGNAL,KRW-ETH,6028500.00,0,0,hold,보유중 (+0.17%),0,0,0,0,0,0,0,+0.17,0,6018000.00,6288810.00,5867550.00
2025-10-20 01:43:33,SELL_SIGNAL,KRW-MIRA,476.50,0,0,hold,보유중 (-0.10%),0,0,0,0,0,0,0,-0.10,0,477.00,498.46,465.07
2025-10-20 01:43:35,SELL_SIGNAL,KRW-ENA,760.50,0,0,hold,보유중 (+1.13%),0,0,0,0,0,0,0,+1.13,0,752.00,785.84,754.94
2025-10-20 01:43:36,SELL_SIGNAL,KRW-ETH,6028500.00,0,0,hold,보유중 (+0.17%),0,0,0,0,0,0,0,+0.17,0,6018000.00,6288810.00,5867550.00
2025-10-20 01:43:38,SELL_SIGNAL,KRW-MIRA,476.50,0,0,hold,보유중 (-0.10%),0,0,0,0,0,0,0,-0.10,0,477.00,498.46,465.07
2025-10-20 01:43:38,SELL_SIGNAL,KRW-ENA,761.00,0,0,hold,보유중 (+1.20%),0,0,0,0,0,0,0,+1.20,0,752.00,785.84,754.94
2025-10-20 01:43:41,SELL_SIGNAL,KRW-ETH,6028500.00,0,0,hold,보유중 (+0.17%),0,0,0,0,0,0,0,+0.17,0,6018000.00,6288810.00,5867550.00
2025-10-20 01:43:42,SELL_SIGNAL,KRW-ENA,760.50,0,0,hold,보유중 (+1.13%),0,0,0,0,0,0,0,+1.13,0,752.00,785.84,754.94
2025-10-20 01:43:43,SELL_SIGNAL,KRW-ETH,6027500.00,0,0,hold,보유중 (+0.16%),0,0,0,0,0,0,0,+0.16,0,6018000.00,6288810.00,5867550.00
2025-10-20 01:43:43,SELL_SIGNAL,KRW-MIRA,476.50,0,0,hold,보유중 (-0.10%),0,0,0,0,0,0,0,-0.10,0,477.00,498.46,465.07
2025-10-20 01:43:48,SELL_SIGNAL,KRW-ENA,760.00,0,0,hold,보유중 (+1.06%),0,0,0,0,0,0,0,+1.06,0,752.00,785.84,754.94
2025-10-20 01:43:48,SELL_SIGNAL,KRW-ETH,6027500.00,0,0,hold,보유중 (+0.16%),0,0,0,0,0,0,0,+0.16,0,6018000.00,6288810.00,5867550.00
2025-10-20 01:43:48,SELL_SIGNAL,KRW-MIRA,476.50,0,0,hold,보유중 (-0.10%),0,0,0,0,0,0,0,-0.10,0,477.00,498.46,465.07
2025-10-20 01:43:53,SELL_SIGNAL,KRW-ETH,6027500.00,0,0,hold,보유중 (+0.16%),0,0,0,0,0,0,0,+0.16,0,6018000.00,6288810.00,5867550.00
2025-10-20 01:43:53,SELL_SIGNAL,KRW-MIRA,476.50,0,0,hold,보유중 (-0.10%),0,0,0,0,0,0,0,-0.10,0,477.00,498.46,465.07
2025-10-20 01:43:54,SELL_SIGNAL,KRW-ENA,759.00,0,0,hold,보유중 (+0.93%),0,0,0,0,0,0,0,+0.93,0,752.00,785.84,754.94
2025-10-20 01:43:57,SELL_SIGNAL,KRW-ENA,759.50,0,0,hold,보유중 (+1.00%),0,0,0,0,0,0,0,+1.00,0,752.00,785.84,754.94
2025-10-20 01:43:59,SELL_SIGNAL,KRW-ETH,6028500.00,0,0,hold,보유중 (+0.17%),0,0,0,0,0,0,0,+0.17,0,6018000.00,6288810.00,5867550.00
2025-10-20 01:43:59,SELL_SIGNAL,KRW-MIRA,476.50,0,0,hold,보유중 (-0.10%),0,0,0,0,0,0,0,-0.10,0,477.00,498.46,465.07
2025-10-20 01:44:03,SELL_SIGNAL,KRW-ENA,760.00,0,0,hold,보유중 (+1.06%),0,0,0,0,0,0,0,+1.06,0,752.00,785.84,754.94
2025-10-20 01:44:04,SELL_SIGNAL,KRW-ETH,6028500.00,0,0,hold,보유중 (+0.17%),0,0,0,0,0,0,0,+0.17,0,6018000.00,6288810.00,5867550.00
2025-10-20 01:44:04,SELL_SIGNAL,KRW-MIRA,476.50,0,0,hold,보유중 (-0.10%),0,0,0,0,0,0,0,-0.10,0,477.00,498.46,465.07
2025-10-20 01:44:09,SELL_SIGNAL,KRW-ETH,6028500.00,0,0,hold,보유중 (+0.17%),0,0,0,0,0,0,0,+0.17,0,6018000.00,6288810.00,5867550.00
2025-10-20 01:44:09,SELL_SIGNAL,KRW-MIRA,476.50,0,0,hold,보유중 (-0.10%),0,0,0,0,0,0,0,-0.10,0,477.00,498.46,465.07
2025-10-20 01:44:09,SELL_SIGNAL,KRW-ENA,760.00,0,0,hold,보유중 (+1.06%),0,0,0,0,0,0,0,+1.06,0,752.00,785.84,754.94
2025-10-20 01:44:13,SELL_SIGNAL,KRW-ETH,6029000.00,0,0,hold,보유중 (+0.18%),0,0,0,0,0,0,0,+0.18,0,6018000.00,6288810.00,5867550.00
2025-10-20 01:44:14,SELL_SIGNAL,KRW-ENA,760.50,0,0,hold,보유중 (+1.13%),0,0,0,0,0,0,0,+1.13,0,752.00,785.84,754.94
2025-10-20 01:44:14,SELL_SIGNAL,KRW-MIRA,476.50,0,0,hold,보유중 (-0.10%),0,0,0,0,0,0,0,-0.10,0,477.00,498.46,465.07
2025-10-20 01:44:17,SELL_SIGNAL,KRW-ENA,761.00,0,0,hold,보유중 (+1.20%),0,0,0,0,0,0,0,+1.20,0,752.00,785.84,754.94
2025-10-20 01:44:18,SELL_SIGNAL,KRW-ETH,6029000.00,0,0,hold,보유중 (+0.18%),0,0,0,0,0,0,0,+0.18,0,6018000.00,6288810.00,5867550.00
2025-10-20 01:44:19,SELL_SIGNAL,KRW-MIRA,476.50,0,0,hold,보유중 (-0.10%),0,0,0,0,0,0,0,-0.10,0,477.00,498.46,465.07
2025-10-20 01:44:19,SELL_SIGNAL,KRW-ENA,761.50,0,0,hold,보유중 (+1.26%),0,0,0,0,0,0,0,+1.26,0,752.00,785.84,755.41
2025-10-20 01:44:23,SELL_SIGNAL,KRW-ETH,6029000.00,0,0,hold,보유중 (+0.18%),0,0,0,0,0,0,0,+0.18,0,6018000.00,6288810.00,5867550.00
2025-10-20 01:44:24,SELL_SIGNAL,KRW-MIRA,476.50,0,0,hold,보유중 (-0.10%),0,0,0,0,0,0,0,-0.10,0,477.00,498.46,465.07
2025-10-20 01:44:24,SELL_SIGNAL,KRW-ENA,761.50,0,0,hold,보유중 (+1.26%),0,0,0,0,0,0,0,+1.26,0,752.00,785.84,755.41
2025-10-20 01:44:29,SELL_SIGNAL,KRW-ETH,6029000.00,0,0,hold,보유중 (+0.18%),0,0,0,0,0,0,0,+0.18,0,6018000.00,6288810.00,5867550.00
2025-10-20 01:44:29,SELL_SIGNAL,KRW-MIRA,475.50,0,0,hold,보유중 (-0.31%),0,0,0,0,0,0,0,-0.31,0,477.00,498.46,465.07
2025-10-20 01:44:29,SELL_SIGNAL,KRW-ENA,761.50,0,0,hold,보유중 (+1.26%),0,0,0,0,0,0,0,+1.26,0,752.00,785.84,755.41
2025-10-20 01:44:34,SELL_SIGNAL,KRW-ETH,6029000.00,0,0,hold,보유중 (+0.18%),0,0,0,0,0,0,0,+0.18,0,6018000.00,6288810.00,5867550.00
2025-10-20 01:44:34,SELL_SIGNAL,KRW-MIRA,475.50,0,0,hold,보유중 (-0.31%),0,0,0,0,0,0,0,-0.31,0,477.00,498.46,465.07
2025-10-20 01:44:34,SELL_SIGNAL,KRW-ENA,761.50,0,0,hold,보유중 (+1.26%),0,0,0,0,0,0,0,+1.26,0,752.00,785.84,755.41
2025-10-20 01:44:35,SELL_SIGNAL,KRW-ETH,6031000.00,0,0,hold,보유중 (+0.22%),0,0,0,0,0,0,0,+0.22,0,6018000.00,6288810.00,5867550.00
2025-10-20 01:44:37,SELL_SIGNAL,KRW-ETH,6032000.00,0,0,hold,보유중 (+0.23%),0,0,0,0,0,0,0,+0.23,0,6018000.00,6288810.00,5867550.00
2025-10-20 01:44:37,SELL_SIGNAL,KRW-MIRA,476.50,0,0,hold,보유중 (-0.10%),0,0,0,0,0,0,0,-0.10,0,477.00,498.46,465.07
2025-10-20 01:44:38,SELL_SIGNAL,KRW-ETH,6033500.00,0,0,hold,보유중 (+0.26%),0,0,0,0,0,0,0,+0.26,0,6018000.00,6288810.00,5867550.00
2025-10-20 01:44:39,SELL_SIGNAL,KRW-ETH,6033500.00,0,0,sell,시간청산 (60분, +0.3%),0,0,0,0,0,0,0,+0.26,0,6018000.00,6288810.00,5867550.00
2025-10-20 01:44:39,SELL_SIGNAL,KRW-MIRA,476.00,0,0,sell,시간손절 (60분, -0.2%),0,0,0,0,0,0,0,-0.21,0,477.00,498.46,465.07
2025-10-20 01:44:41,SELL_SIGNAL,KRW-ENA,761.50,0,0,hold,보유중 (+1.26%),0,0,0,0,0,0,0,+1.26,0,752.00,785.84,755.41
2025-10-20 01:44:43,BUY_ATTEMPT,KRW-MIRA,475.00,0,56198,fast_spike,FAST_SPIKE,0,0,0,0,0
2025-10-20 01:44:45,SELL_SIGNAL,KRW-MIRA,476.00,0,0,hold,보유중 (-0.21%),0,0,0,0,0,0,0,-0.21,0,477.00,498.46,465.07
2025-10-20 01:44:49,SELL_SIGNAL,KRW-ENA,761.50,0,0,hold,보유중 (+1.26%),0,0,0,0,0,0,0,+1.26,0,752.00,785.84,755.41
2025-10-20 01:44:50,SELL_SIGNAL,KRW-MIRA,476.00,0,0,hold,보유중 (-0.21%),0,0,0,0,0,0,0,-0.21,0,477.00,498.46,465.07
2025-10-20 01:44:55,SELL_SIGNAL,KRW-ENA,761.50,0,0,hold,보유중 (+1.26%),0,0,0,0,0,0,0,+1.26,0,752.00,785.84,755.41
2025-10-20 01:44:56,SELL_SIGNAL,KRW-MIRA,476.00,0,0,hold,보유중 (-0.21%),0,0,0,0,0,0,0,-0.21,0,477.00,498.46,465.07
2025-10-20 01:45:01,SELL_SIGNAL,KRW-ENA,761.50,0,0,hold,보유중 (+1.26%),0,0,0,0,0,0,0,+1.26,0,752.00,785.84,755.41
2025-10-20 01:45:01,SELL_SIGNAL,KRW-MIRA,476.00,0,0,hold,보유중 (-0.21%),0,0,0,0,0,0,0,-0.21,0,477.00,498.46,465.07
2025-10-20 01:45:06,SELL_SIGNAL,KRW-ENA,761.50,0,0,hold,보유중 (+1.26%),0,0,0,0,0,0,0,+1.26,0,752.00,785.84,755.41
2025-10-20 01:45:06,SELL_SIGNAL,KRW-MIRA,476.50,0,0,hold,보유중 (-0.10%),0,0,0,0,0,0,0,-0.10,0,477.00,498.46,465.07
2025-10-20 01:45:07,SELL_SIGNAL,KRW-MIRA,476.00,0,0,hold,보유중 (-0.21%),0,0,0,0,0,0,0,-0.21,0,477.00,498.46,465.07
2025-10-20 01:45:11,SELL_SIGNAL,KRW-ENA,761.50,0,0,hold,보유중 (+1.26%),0,0,0,0,0,0,0,+1.26,0,752.00,785.84,755.41
2025-10-20 01:45:16,SELL_SIGNAL,KRW-ENA,761.50,0,0,hold,보유중 (+1.26%),0,0,0,0,0,0,0,+1.26,0,752.00,785.84,755.41
2025-10-20 01:45:16,SELL_SIGNAL,KRW-MIRA,476.50,0,0,hold,보유중 (-0.10%),0,0,0,0,0,0,0,-0.10,0,477.00,498.46,465.07
2025-10-20 01:45:21,SELL_SIGNAL,KRW-ENA,761.50,0,0,hold,보유중 (+1.26%),0,0,0,0,0,0,0,+1.26,0,752.00,785.84,755.41
2025-10-20 01:45:21,SELL_SIGNAL,KRW-MIRA,477.00,0,0,hold,보유중 (+0.00%),0,0,0,0,0,0,0,+0.00,0,477.00,498.46,465.07
2025-10-20 01:45:26,SELL_SIGNAL,KRW-ENA,760.50,0,0,hold,보유중 (+1.13%),0,0,0,0,0,0,0,+1.13,0,752.00,785.84,755.41
2025-10-20 01:45:26,SELL_SIGNAL,KRW-MIRA,477.00,0,0,hold,보유중 (+0.00%),0,0,0,0,0,0,0,+0.00,0,477.00,498.46,465.07
2025-10-20 01:45:31,SELL_SIGNAL,KRW-ENA,760.50,0,0,hold,보유중 (+1.13%),0,0,0,0,0,0,0,+1.13,0,752.00,785.84,755.41
2025-10-20 01:45:31,SELL_SIGNAL,KRW-MIRA,477.00,0,0,hold,보유중 (+0.00%),0,0,0,0,0,0,0,+0.00,0,477.00,498.46,465.07
2025-10-20 01:45:36,SELL_SIGNAL,KRW-ENA,760.50,0,0,hold,보유중 (+1.13%),0,0,0,0,0,0,0,+1.13,0,752.00,785.84,755.41
2025-10-20 01:45:36,SELL_SIGNAL,KRW-MIRA,477.00,0,0,hold,보유중 (+0.00%),0,0,0,0,0,0,0,+0.00,0,477.00,498.46,465.07
2025-10-20 01:45:41,SELL_SIGNAL,KRW-ENA,760.00,0,0,hold,보유중 (+1.06%),0,0,0,0,0,0,0,+1.06,0,752.00,785.84,755.41
2025-10-20 01:45:41,SELL_SIGNAL,KRW-MIRA,477.00,0,0,hold,보유중 (+0.00%),0,0,0,0,0,0,0,+0.00,0,477.00,498.46,465.07
2025-10-20 01:45:46,SELL_SIGNAL,KRW-ENA,760.00,0,0,hold,보유중 (+1.06%),0,0,0,0,0,0,0,+1.06,0,752.00,785.84,755.41
2025-10-20 01:45:46,SELL_SIGNAL,KRW-MIRA,477.00,0,0,hold,보유중 (+0.00%),0,0,0,0,0,0,0,+0.00,0,477.00,498.46,465.07
2025-10-20 01:45:48,SELL_SIGNAL,KRW-ENA,759.50,0,0,hold,보유중 (+1.00%),0,0,0,0,0,0,0,+1.00,0,752.00,785.84,755.41
2025-10-20 01:45:51,SELL_SIGNAL,KRW-MIRA,477.00,0,0,hold,보유중 (+0.00%),0,0,0,0,0,0,0,+0.00,0,477.00,498.46,465.07
2025-10-20 01:45:55,SELL_SIGNAL,KRW-ENA,759.50,0,0,hold,보유중 (+1.00%),0,0,0,0,0,0,0,+1.00,0,752.00,785.84,755.41
2025-10-20 01:45:57,SELL_SIGNAL,KRW-MIRA,477.50,0,0,hold,보유중 (+0.10%),0,0,0,0,0,0,0,+0.10,0,477.00,498.46,465.07
2025-10-20 01:46:02,SELL_SIGNAL,KRW-ENA,760.00,0,0,hold,보유중 (+1.06%),0,0,0,0,0,0,0,+1.06,0,752.00,785.84,755.41
2025-10-20 01:46:02,SELL_SIGNAL,KRW-MIRA,476.50,0,0,hold,보유중 (-0.10%),0,0,0,0,0,0,0,-0.10,0,477.00,498.46,465.07
2025-10-20 01:46:07,SELL_SIGNAL,KRW-ENA,759.50,0,0,hold,보유중 (+1.00%),0,0,0,0,0,0,0,+1.00,0,752.00,785.84,755.41
2025-10-20 01:46:07,SELL_SIGNAL,KRW-MIRA,476.50,0,0,hold,보유중 (-0.10%),0,0,0,0,0,0,0,-0.10,0,477.00,498.46,465.07
2025-10-20 01:46:12,SELL_SIGNAL,KRW-ENA,759.50,0,0,hold,보유중 (+1.00%),0,0,0,0,0,0,0,+1.00,0,752.00,785.84,755.41
2025-10-20 01:46:12,SELL_SIGNAL,KRW-MIRA,477.00,0,0,hold,보유중 (+0.00%),0,0,0,0,0,0,0,+0.00,0,477.00,498.46,465.07
2025-10-20 01:46:17,SELL_SIGNAL,KRW-ENA,759.50,0,0,hold,보유중 (+1.00%),0,0,0,0,0,0,0,+1.00,0,752.00,785.84,755.41
2025-10-20 01:46:17,SELL_SIGNAL,KRW-MIRA,476.50,0,0,hold,보유중 (-0.10%),0,0,0,0,0,0,0,-0.10,0,477.00,498.46,465.07
2025-10-20 01:46:18,SELL_SIGNAL,KRW-ENA,759.00,0,0,hold,보유중 (+0.93%),0,0,0,0,0,0,0,+0.93,0,752.00,785.84,755.41
2025-10-20 01:46:22,SELL_SIGNAL,KRW-MIRA,476.50,0,0,hold,보유중 (-0.10%),0,0,0,0,0,0,0,-0.10,0,477.00,498.46,465.07
2025-10-20 01:46:23,SELL_SIGNAL,KRW-ENA,759.00,0,0,hold,보유중 (+0.93%),0,0,0,0,0,0,0,+0.93,0,752.00,785.84,755.41
2025-10-20 01:46:27,SELL_SIGNAL,KRW-ENA,759.50,0,0,hold,보유중 (+1.00%),0,0,0,0,0,0,0,+1.00,0,752.00,785.84,755.41
2025-10-20 01:46:27,SELL_SIGNAL,KRW-MIRA,476.50,0,0,hold,보유중 (-0.10%),0,0,0,0,0,0,0,-0.10,0,477.00,498.46,465.07
2025-10-20 01:46:31,SELL_SIGNAL,KRW-ENA,760.50,0,0,hold,보유중 (+1.13%),0,0,0,0,0,0,0,+1.13,0,752.00,785.84,755.41
2025-10-20 01:46:32,SELL_SIGNAL,KRW-ENA,759.50,0,0,hold,보유중 (+1.00%),0,0,0,0,0,0,0,+1.00,0,752.00,785.84,755.41
2025-10-20 01:46:32,SELL_SIGNAL,KRW-MIRA,476.50,0,0,hold,보유중 (-0.10%),0,0,0,0,0,0,0,-0.10,0,477.00,498.46,465.07
2025-10-20 01:46:37,SELL_SIGNAL,KRW-ENA,759.50,0,0,hold,보유중 (+1.00%),0,0,0,0,0,0,0,+1.00,0,752.00,785.84,755.41
2025-10-20 01:46:37,SELL_SIGNAL,KRW-MIRA,476.50,0,0,hold,보유중 (-0.10%),0,0,0,0,0,0,0,-0.10,0,477.00,498.46,465.07
2025-10-20 01:46:42,SELL_SIGNAL,KRW-ENA,760.00,0,0,hold,보유중 (+1.06%),0,0,0,0,0,0,0,+1.06,0,752.00,785.84,755.41
2025-10-20 01:46:42,SELL_SIGNAL,KRW-MIRA,476.50,0,0,hold,보유중 (-0.10%),0,0,0,0,0,0,0,-0.10,0,477.00,498.46,465.07
2025-10-20 01:46:47,SELL_SIGNAL,KRW-ENA,759.50,0,0,hold,보유중 (+1.00%),0,0,0,0,0,0,0,+1.00,0,752.00,785.84,755.41
2025-10-20 01:46:48,SELL_SIGNAL,KRW-MIRA,476.50,0,0,hold,보유중 (-0.10%),0,0,0,0,0,0,0,-0.10,0,477.00,498.46,465.07
2025-10-20 01:46:53,SELL_SIGNAL,KRW-ENA,760.50,0,0,hold,보유중 (+1.13%),0,0,0,0,0,0,0,+1.13,0,752.00,785.84,755.41
2025-10-20 01:46:53,SELL_SIGNAL,KRW-MIRA,476.50,0,0,hold,보유중 (-0.10%),0,0,0,0,0,0,0,-0.10,0,477.00,498.46,465.07
2025-10-20 01:46:58,SELL_SIGNAL,KRW-ENA,760.50,0,0,hold,보유중 (+1.13%),0,0,0,0,0,0,0,+1.13,0,752.00,785.84,755.41
2025-10-20 01:46:58,SELL_SIGNAL,KRW-MIRA,476.50,0,0,hold,보유중 (-0.10%),0,0,0,0,0,0,0,-0.10,0,477.00,498.46,465.07
2025-10-20 01:47:02,SELL_SIGNAL,KRW-MIRA,477.00,0,0,hold,보유중 (+0.00%),0,0,0,0,0,0,0,+0.00,0,477.00,498.46,465.07
2025-10-20 01:47:02,SELL_SIGNAL,KRW-ENA,761.50,0,0,hold,보유중 (+1.26%),0,0,0,0,0,0,0,+1.26,0,752.00,785.84,755.41
2025-10-20 01:47:08,SELL_SIGNAL,KRW-ENA,761.50,0,0,hold,보유중 (+1.26%),0,0,0,0,0,0,0,+1.26,0,752.00,785.84,755.41
2025-10-20 01:47:08,SELL_SIGNAL,KRW-MIRA,477.00,0,0,hold,보유중 (+0.00%),0,0,0,0,0,0,0,+0.00,0,477.00,498.46,465.07
2025-10-20 01:47:13,SELL_SIGNAL,KRW-ENA,761.50,0,0,hold,보유중 (+1.26%),0,0,0,0,0,0,0,+1.26,0,752.00,785.84,755.41
2025-10-20 01:47:13,SELL_SIGNAL,KRW-MIRA,477.00,0,0,hold,보유중 (+0.00%),0,0,0,0,0,0,0,+0.00,0,477.00,498.46,465.07
2025-10-20 01:47:18,SELL_SIGNAL,KRW-ENA,761.50,0,0,hold,보유중 (+1.26%),0,0,0,0,0,0,0,+1.26,0,752.00,785.84,755.41
2025-10-20 01:47:18,SELL_SIGNAL,KRW-MIRA,477.00,0,0,hold,보유중 (+0.00%),0,0,0,0,0,0,0,+0.00,0,477.00,498.46,465.07
2025-10-20 01:47:22,SELL_SIGNAL,KRW-ENA,761.00,0,0,hold,보유중 (+1.20%),0,0,0,0,0,0,0,+1.20,0,752.00,785.84,755.41
2025-10-20 01:47:23,SELL_SIGNAL,KRW-ENA,760.50,0,0,hold,보유중 (+1.13%),0,0,0,0,0,0,0,+1.13,0,752.00,785.84,755.41
2025-10-20 01:47:23,SELL_SIGNAL,KRW-MIRA,477.00,0,0,hold,보유중 (+0.00%),0,0,0,0,0,0,0,+0.00,0,477.00,498.46,465.07
2025-10-20 01:47:28,SELL_SIGNAL,KRW-ENA,760.00,0,0,hold,보유중 (+1.06%),0,0,0,0,0,0,0,+1.06,0,752.00,785.84,755.41
2025-10-20 01:47:28,SELL_SIGNAL,KRW-MIRA,477.00,0,0,hold,보유중 (+0.00%),0,0,0,0,0,0,0,+0.00,0,477.00,498.46,465.07
2025-10-20 01:47:31,SELL_SIGNAL,KRW-ENA,760.50,0,0,hold,보유중 (+1.13%),0,0,0,0,0,0,0,+1.13,0,752.00,785.84,755.41
2025-10-20 01:47:33,SELL_SIGNAL,KRW-MIRA,477.00,0,0,hold,보유중 (+0.00%),0,0,0,0,0,0,0,+0.00,0,477.00,498.46,465.07
2025-10-20 01:47:38,SELL_SIGNAL,KRW-ENA,760.50,0,0,hold,보유중 (+1.13%),0,0,0,0,0,0,0,+1.13,0,752.00,785.84,755.41
2025-10-20 01:47:38,SELL_SIGNAL,KRW-MIRA,477.00,0,0,hold,보유중 (+0.00%),0,0,0,0,0,0,0,+0.00,0,477.00,498.46,465.07
2025-10-20 01:47:43,SELL_SIGNAL,KRW-ENA,760.50,0,0,hold,보유중 (+1.13%),0,0,0,0,0,0,0,+1.13,0,752.00,785.84,755.41
2025-10-20 01:47:43,SELL_SIGNAL,KRW-MIRA,477.00,0,0,hold,보유중 (+0.00%),0,0,0,0,0,0,0,+0.00,0,477.00,498.46,465.07
2025-10-20 01:47:47,SELL_SIGNAL,KRW-ENA,759.50,0,0,hold,보유중 (+1.00%),0,0,0,0,0,0,0,+1.00,0,752.00,785.84,755.41
2025-10-20 01:47:48,SELL_SIGNAL,KRW-MIRA,477.00,0,0,hold,보유중 (+0.00%),0,0,0,0,0,0,0,+0.00,0,477.00,498.46,465.07
2025-10-20 01:47:52,SELL_SIGNAL,KRW-ENA,759.50,0,0,hold,보유중 (+1.00%),0,0,0,0,0,0,0,+1.00,0,752.00,785.84,755.41
2025-10-20 01:47:54,SELL_SIGNAL,KRW-MIRA,477.00,0,0,hold,보유중 (+0.00%),0,0,0,0,0,0,0,+0.00,0,477.00,498.46,465.07
2025-10-20 01:47:59,SELL_SIGNAL,KRW-ENA,760.50,0,0,hold,보유중 (+1.13%),0,0,0,0,0,0,0,+1.13,0,752.00,785.84,755.41
2025-10-20 01:47:59,SELL_SIGNAL,KRW-MIRA,477.00,0,0,hold,보유중 (+0.00%),0,0,0,0,0,0,0,+0.00,0,477.00,498.46,465.07
2025-10-20 01:48:02,SELL_SIGNAL,KRW-MIRA,476.50,0,0,hold,보유중 (-0.10%),0,0,0,0,0,0,0,-0.10,0,477.00,498.46,465.07
2025-10-20 01:48:04,SELL_SIGNAL,KRW-ENA,760.50,0,0,hold,보유중 (+1.13%),0,0,0,0,0,0,0,+1.13,0,752.00,785.84,755.41
2025-10-20 01:48:08,SELL_SIGNAL,KRW-MIRA,476.50,0,0,hold,보유중 (-0.10%),0,0,0,0,0,0,0,-0.10,0,477.00,498.46,465.07
2025-10-20 01:48:09,SELL_SIGNAL,KRW-ENA,760.50,0,0,hold,보유중 (+1.13%),0,0,0,0,0,0,0,+1.13,0,752.00,785.84,755.41
2025-10-20 01:48:14,SELL_SIGNAL,KRW-ENA,760.50,0,0,hold,보유중 (+1.13%),0,0,0,0,0,0,0,+1.13,0,752.00,785.84,755.41
2025-10-20 01:48:14,SELL_SIGNAL,KRW-MIRA,476.50,0,0,hold,보유중 (-0.10%),0,0,0,0,0,0,0,-0.10,0,477.00,498.46,465.07
2025-10-20 01:48:19,SELL_SIGNAL,KRW-ENA,760.50,0,0,hold,보유중 (+1.13%),0,0,0,0,0,0,0,+1.13,0,752.00,785.84,755.41
2025-10-20 01:48:19,SELL_SIGNAL,KRW-MIRA,476.50,0,0,hold,보유중 (-0.10%),0,0,0,0,0,0,0,-0.10,0,477.00,498.46,465.07
2025-10-20 01:48:24,SELL_SIGNAL,KRW-ENA,760.50,0,0,hold,보유중 (+1.13%),0,0,0,0,0,0,0,+1.13,0,752.00,785.84,755.41
2025-10-20 01:48:24,SELL_SIGNAL,KRW-MIRA,476.50,0,0,hold,보유중 (-0.10%),0,0,0,0,0,0,0,-0.10,0,477.00,498.46,465.07
2025-10-20 01:48:27,SELL_SIGNAL,KRW-ENA,761.00,0,0,hold,보유중 (+1.20%),0,0,0,0,0,0,0,+1.20,0,752.00,785.84,755.41
2025-10-20 01:48:29,SELL_SIGNAL,KRW-MIRA,476.50,0,0,hold,보유중 (-0.10%),0,0,0,0,0,0,0,-0.10,0,477.00,498.46,465.07
2025-10-20 01:48:34,SELL_SIGNAL,KRW-ENA,761.00,0,0,hold,보유중 (+1.20%),0,0,0,0,0,0,0,+1.20,0,752.00,785.84,755.41
2025-10-20 01:48:34,SELL_SIGNAL,KRW-MIRA,476.50,0,0,hold,보유중 (-0.10%),0,0,0,0,0,0,0,-0.10,0,477.00,498.46,465.07
2025-10-20 01:48:40,SELL_SIGNAL,KRW-ENA,760.50,0,0,hold,보유중 (+1.13%),0,0,0,0,0,0,0,+1.13,0,752.00,785.84,755.41
2025-10-20 01:48:40,SELL_SIGNAL,KRW-MIRA,476.50,0,0,hold,보유중 (-0.10%),0,0,0,0,0,0,0,-0.10,0,477.00,498.46,465.07
2025-10-20 01:48:45,SELL_SIGNAL,KRW-ENA,760.50,0,0,hold,보유중 (+1.13%),0,0,0,0,0,0,0,+1.13,0,752.00,785.84,755.41
2025-10-20 01:48:45,SELL_SIGNAL,KRW-MIRA,476.50,0,0,hold,보유중 (-0.10%),0,0,0,0,0,0,0,-0.10,0,477.00,498.46,465.07
2025-10-20 01:48:49,SELL_SIGNAL,KRW-ENA,761.50,0,0,hold,보유중 (+1.26%),0,0,0,0,0,0,0,+1.26,0,752.00,785.84,755.41
2025-10-20 01:48:50,SELL_SIGNAL,KRW-MIRA,476.50,0,0,hold,보유중 (-0.10%),0,0,0,0,0,0,0,-0.10,0,477.00,498.46,465.07
2025-10-20 01:48:54,SELL_SIGNAL,KRW-MIRA,479.00,0,0,hold,보유중 (+0.42%),0,0,0,0,0,0,0,+0.42,0,477.00,498.46,465.07
2025-10-20 01:48:55,SELL_SIGNAL,KRW-ENA,763.50,0,0,hold,보유중 (+1.53%),0,0,0,0,0,0,0,+1.53,0,752.00,785.84,757.39
2025-10-20 01:48:55,SELL_SIGNAL,KRW-MIRA,478.50,0,0,hold,보유중 (+0.31%),0,0,0,0,0,0,0,+0.31,0,477.00,498.46,465.07
2025-10-20 01:48:58,SELL_SIGNAL,KRW-MIRA,478.00,0,0,hold,보유중 (+0.21%),0,0,0,0,0,0,0,+0.21,0,477.00,498.46,465.07
2025-10-20 01:49:00,SELL_SIGNAL,KRW-ENA,763.50,0,0,hold,보유중 (+1.53%),0,0,0,0,0,0,0,+1.53,0,752.00,785.84,757.39
2025-10-20 01:49:05,SELL_SIGNAL,KRW-ENA,763.50,0,0,hold,보유중 (+1.53%),0,0,0,0,0,0,0,+1.53,0,752.00,785.84,757.39
2025-10-20 01:49:05,SELL_SIGNAL,KRW-MIRA,478.00,0,0,hold,보유중 (+0.21%),0,0,0,0,0,0,0,+0.21,0,477.00,498.46,465.07
2025-10-20 01:49:10,SELL_SIGNAL,KRW-ENA,763.50,0,0,hold,보유중 (+1.53%),0,0,0,0,0,0,0,+1.53,0,752.00,785.84,757.39
2025-10-20 01:49:10,SELL_SIGNAL,KRW-MIRA,478.00,0,0,hold,보유중 (+0.21%),0,0,0,0,0,0,0,+0.21,0,477.00,498.46,465.07
2025-10-20 01:49:15,SELL_SIGNAL,KRW-ENA,763.50,0,0,hold,보유중 (+1.53%),0,0,0,0,0,0,0,+1.53,0,752.00,785.84,757.39
2025-10-20 01:49:15,SELL_SIGNAL,KRW-MIRA,478.00,0,0,hold,보유중 (+0.21%),0,0,0,0,0,0,0,+0.21,0,477.00,498.46,465.07
2025-10-20 01:49:20,SELL_SIGNAL,KRW-ENA,763.50,0,0,hold,보유중 (+1.53%),0,0,0,0,0,0,0,+1.53,0,752.00,785.84,757.39
2025-10-20 01:49:20,SELL_SIGNAL,KRW-MIRA,478.00,0,0,hold,보유중 (+0.21%),0,0,0,0,0,0,0,+0.21,0,477.00,498.46,465.07
2025-10-20 01:49:25,SELL_SIGNAL,KRW-MIRA,478.50,0,0,hold,보유중 (+0.31%),0,0,0,0,0,0,0,+0.31,0,477.00,498.46,465.07
2025-10-20 01:49:25,SELL_SIGNAL,KRW-ENA,763.50,0,0,hold,보유중 (+1.53%),0,0,0,0,0,0,0,+1.53,0,752.00,785.84,757.39
2025-10-20 01:49:29,SELL_SIGNAL,KRW-MIRA,478.00,0,0,hold,보유중 (+0.21%),0,0,0,0,0,0,0,+0.21,0,477.00,498.46,465.07
2025-10-20 01:49:30,SELL_SIGNAL,KRW-ENA,763.50,0,0,hold,보유중 (+1.53%),0,0,0,0,0,0,0,+1.53,0,752.00,785.84,757.39
2025-10-20 01:49:35,SELL_SIGNAL,KRW-MIRA,478.50,0,0,hold,보유중 (+0.31%),0,0,0,0,0,0,0,+0.31,0,477.00,498.46,465.07
2025-10-20 01:49:35,SELL_SIGNAL,KRW-ENA,763.50,0,0,hold,보유중 (+1.53%),0,0,0,0,0,0,0,+1.53,0,752.00,785.84,757.39
2025-10-20 01:49:41,SELL_SIGNAL,KRW-ENA,763.50,0,0,hold,보유중 (+1.53%),0,0,0,0,0,0,0,+1.53,0,752.00,785.84,757.39
2025-10-20 01:49:41,SELL_SIGNAL,KRW-MIRA,478.50,0,0,hold,보유중 (+0.31%),0,0,0,0,0,0,0,+0.31,0,477.00,498.46,465.07
2025-10-20 01:49:46,SELL_SIGNAL,KRW-ENA,763.50,0,0,hold,보유중 (+1.53%),0,0,0,0,0,0,0,+1.53,0,752.00,785.84,757.39
2025-10-20 01:49:46,SELL_SIGNAL,KRW-MIRA,478.50,0,0,hold,보유중 (+0.31%),0,0,0,0,0,0,0,+0.31,0,477.00,498.46,465.07
2025-10-20 01:49:51,SELL_SIGNAL,KRW-ENA,763.50,0,0,hold,보유중 (+1.53%),0,0,0,0,0,0,0,+1.53,0,752.00,785.84,757.39
2025-10-20 01:49:51,SELL_SIGNAL,KRW-MIRA,478.50,0,0,hold,보유중 (+0.31%),0,0,0,0,0,0,0,+0.31,0,477.00,498.46,465.07
2025-10-20 01:49:55,SELL_SIGNAL,KRW-ENA,763.00,0,0,hold,보유중 (+1.46%),0,0,0,0,0,0,0,+1.46,0,752.00,785.84,757.39
2025-10-20 01:49:56,SELL_SIGNAL,KRW-MIRA,478.50,0,0,hold,보유중 (+0.31%),0,0,0,0,0,0,0,+0.31,0,477.00,498.46,465.07
2025-10-20 01:50:01,SELL_SIGNAL,KRW-ENA,763.00,0,0,hold,보유중 (+1.46%),0,0,0,0,0,0,0,+1.46,0,752.00,785.84,757.39
2025-10-20 01:50:01,SELL_SIGNAL,KRW-MIRA,477.00,0,0,hold,보유중 (+0.00%),0,0,0,0,0,0,0,+0.00,0,477.00,498.46,465.07
2025-10-20 01:50:04,SELL_SIGNAL,KRW-ENA,762.50,0,0,hold,보유중 (+1.40%),0,0,0,0,0,0,0,+1.40,0,752.00,785.84,757.39
2025-10-20 01:50:06,SELL_SIGNAL,KRW-MIRA,477.00,0,0,hold,보유중 (+0.00%),0,0,0,0,0,0,0,+0.00,0,477.00,498.46,465.07
2025-10-20 01:50:11,SELL_SIGNAL,KRW-ENA,763.00,0,0,hold,보유중 (+1.46%),0,0,0,0,0,0,0,+1.46,0,752.00,785.84,757.39
2025-10-20 01:50:11,SELL_SIGNAL,KRW-MIRA,477.00,0,0,hold,보유중 (+0.00%),0,0,0,0,0,0,0,+0.00,0,477.00,498.46,465.07
2025-10-20 01:50:16,SELL_SIGNAL,KRW-ENA,763.50,0,0,hold,보유중 (+1.53%),0,0,0,0,0,0,0,+1.53,0,752.00,785.84,757.39
2025-10-20 01:50:16,SELL_SIGNAL,KRW-MIRA,476.50,0,0,hold,보유중 (-0.10%),0,0,0,0,0,0,0,-0.10,0,477.00,498.46,465.07
2025-10-20 01:50:21,SELL_SIGNAL,KRW-ENA,763.50,0,0,hold,보유중 (+1.53%),0,0,0,0,0,0,0,+1.53,0,752.00,785.84,757.39
2025-10-20 01:50:21,SELL_SIGNAL,KRW-MIRA,476.50,0,0,hold,보유중 (-0.10%),0,0,0,0,0,0,0,-0.10,0,477.00,498.46,465.07
2025-10-20 01:50:26,SELL_SIGNAL,KRW-ENA,763.50,0,0,hold,보유중 (+1.53%),0,0,0,0,0,0,0,+1.53,0,752.00,785.84,757.39
2025-10-20 01:50:26,SELL_SIGNAL,KRW-MIRA,476.50,0,0,hold,보유중 (-0.10%),0,0,0,0,0,0,0,-0.10,0,477.00,498.46,465.07
2025-10-20 01:50:32,SELL_SIGNAL,KRW-ENA,763.50,0,0,hold,보유중 (+1.53%),0,0,0,0,0,0,0,+1.53,0,752.00,785.84,757.39
2025-10-20 01:50:32,SELL_SIGNAL,KRW-MIRA,476.50,0,0,hold,보유중 (-0.10%),0,0,0,0,0,0,0,-0.10,0,477.00,498.46,465.07
2025-10-20 01:50:37,SELL_SIGNAL,KRW-ENA,763.50,0,0,hold,보유중 (+1.53%),0,0,0,0,0,0,0,+1.53,0,752.00,785.84,757.39
2025-10-20 01:50:37,SELL_SIGNAL,KRW-MIRA,476.50,0,0,hold,보유중 (-0.10%),0,0,0,0,0,0,0,-0.10,0,477.00,498.46,465.07
2025-10-20 01:50:42,SELL_SIGNAL,KRW-ENA,762.50,0,0,hold,보유중 (+1.40%),0,0,0,0,0,0,0,+1.40,0,752.00,785.84,757.39
2025-10-20 01:50:42,SELL_SIGNAL,KRW-MIRA,476.50,0,0,hold,보유중 (-0.10%),0,0,0,0,0,0,0,-0.10,0,477.00,498.46,465.07
2025-10-20 01:50:47,SELL_SIGNAL,KRW-ENA,762.50,0,0,hold,보유중 (+1.40%),0,0,0,0,0,0,0,+1.40,0,752.00,785.84,757.39
2025-10-20 01:50:47,SELL_SIGNAL,KRW-MIRA,476.50,0,0,hold,보유중 (-0.10%),0,0,0,0,0,0,0,-0.10,0,477.00,498.46,465.07
2025-10-20 01:50:52,SELL_SIGNAL,KRW-ENA,763.00,0,0,hold,보유중 (+1.46%),0,0,0,0,0,0,0,+1.46,0,752.00,785.84,757.39
2025-10-20 01:50:52,SELL_SIGNAL,KRW-MIRA,476.50,0,0,hold,보유중 (-0.10%),0,0,0,0,0,0,0,-0.10,0,477.00,498.46,465.07
2025-10-20 01:50:57,SELL_SIGNAL,KRW-ENA,762.50,0,0,hold,보유중 (+1.40%),0,0,0,0,0,0,0,+1.40,0,752.00,785.84,757.39
2025-10-20 01:50:57,SELL_SIGNAL,KRW-MIRA,477.00,0,0,hold,보유중 (+0.00%),0,0,0,0,0,0,0,+0.00,0,477.00,498.46,465.07
2025-10-20 01:51:02,SELL_SIGNAL,KRW-ENA,763.00,0,0,hold,보유중 (+1.46%),0,0,0,0,0,0,0,+1.46,0,752.00,785.84,757.39
2025-10-20 01:51:03,SELL_SIGNAL,KRW-MIRA,477.00,0,0,hold,보유중 (+0.00%),0,0,0,0,0,0,0,+0.00,0,477.00,498.46,465.07
2025-10-20 01:51:04,SELL_SIGNAL,KRW-ENA,763.50,0,0,hold,보유중 (+1.53%),0,0,0,0,0,0,0,+1.53,0,752.00,785.84,757.39
2025-10-20 01:51:08,SELL_SIGNAL,KRW-MIRA,476.50,0,0,hold,보유중 (-0.10%),0,0,0,0,0,0,0,-0.10,0,477.00,498.46,465.07
2025-10-20 01:51:10,SELL_SIGNAL,KRW-MIRA,477.00,0,0,hold,보유중 (+0.00%),0,0,0,0,0,0,0,+0.00,0,477.00,498.46,465.07
2025-10-20 01:51:13,SELL_SIGNAL,KRW-ENA,763.50,0,0,hold,보유중 (+1.53%),0,0,0,0,0,0,0,+1.53,0,752.00,785.84,757.39
2025-10-20 01:51:15,SELL_SIGNAL,KRW-MIRA,477.00,0,0,hold,보유중 (+0.00%),0,0,0,0,0,0,0,+0.00,0,477.00,498.46,465.07
2025-10-20 01:51:18,SELL_SIGNAL,KRW-ENA,763.50,0,0,hold,보유중 (+1.53%),0,0,0,0,0,0,0,+1.53,0,752.00,785.84,757.39
2025-10-20 01:51:23,SELL_SIGNAL,KRW-ENA,763.50,0,0,hold,보유중 (+1.53%),0,0,0,0,0,0,0,+1.53,0,752.00,785.84,757.39
2025-10-20 01:51:23,SELL_SIGNAL,KRW-MIRA,477.00,0,0,hold,보유중 (+0.00%),0,0,0,0,0,0,0,+0.00,0,477.00,498.46,465.07
2025-10-20 01:51:28,SELL_SIGNAL,KRW-ENA,763.50,0,0,hold,보유중 (+1.53%),0,0,0,0,0,0,0,+1.53,0,752.00,785.84,757.39
2025-10-20 01:51:28,SELL_SIGNAL,KRW-MIRA,477.00,0,0,hold,보유중 (+0.00%),0,0,0,0,0,0,0,+0.00,0,477.00,498.46,465.07
2025-10-20 01:51:33,SELL_SIGNAL,KRW-ENA,763.50,0,0,hold,보유중 (+1.53%),0,0,0,0,0,0,0,+1.53,0,752.00,785.84,757.39
2025-10-20 01:51:33,SELL_SIGNAL,KRW-MIRA,477.00,0,0,hold,보유중 (+0.00%),0,0,0,0,0,0,0,+0.00,0,477.00,498.46,465.07
2025-10-20 01:51:38,SELL_SIGNAL,KRW-ENA,763.50,0,0,hold,보유중 (+1.53%),0,0,0,0,0,0,0,+1.53,0,752.00,785.84,757.39
2025-10-20 01:51:38,SELL_SIGNAL,KRW-MIRA,477.00,0,0,hold,보유중 (+0.00%),0,0,0,0,0,0,0,+0.00,0,477.00,498.46,465.07
2025-10-20 01:51:43,SELL_SIGNAL,KRW-ENA,763.50,0,0,hold,보유중 (+1.53%),0,0,0,0,0,0,0,+1.53,0,752.00,785.84,757.39
2025-10-20 01:51:43,SELL_SIGNAL,KRW-MIRA,477.00,0,0,hold,보유중 (+0.00%),0,0,0,0,0,0,0,+0.00,0,477.00,498.46,465.07
2025-10-20 01:51:48,SELL_SIGNAL,KRW-ENA,763.50,0,0,hold,보유중 (+1.53%),0,0,0,0,0,0,0,+1.53,0,752.00,785.84,757.39
2025-10-20 01:51:48,SELL_SIGNAL,KRW-MIRA,477.00,0,0,hold,보유중 (+0.00%),0,0,0,0,0,0,0,+0.00,0,477.00,498.46,465.07
2025-10-20 01:51:53,SELL_SIGNAL,KRW-ENA,762.50,0,0,hold,보유중 (+1.40%),0,0,0,0,0,0,0,+1.40,0,752.00,785.84,757.39
2025-10-20 01:51:53,SELL_SIGNAL,KRW-MIRA,477.00,0,0,hold,보유중 (+0.00%),0,0,0,0,0,0,0,+0.00,0,477.00,498.46,465.07
2025-10-20 01:51:58,SELL_SIGNAL,KRW-ENA,762.50,0,0,hold,보유중 (+1.40%),0,0,0,0,0,0,0,+1.40,0,752.00,785.84,757.39
2025-10-20 01:51:58,SELL_SIGNAL,KRW-MIRA,477.00,0,0,hold,보유중 (+0.00%),0,0,0,0,0,0,0,+0.00,0,477.00,498.46,465.07
2025-10-20 01:52:03,SELL_SIGNAL,KRW-ENA,762.50,0,0,hold,보유중 (+1.40%),0,0,0,0,0,0,0,+1.40,0,752.00,785.84,757.39
2025-10-20 01:52:03,SELL_SIGNAL,KRW-MIRA,477.00,0,0,hold,보유중 (+0.00%),0,0,0,0,0,0,0,+0.00,0,477.00,498.46,465.07
2025-10-20 01:52:09,SELL_SIGNAL,KRW-ENA,763.00,0,0,hold,보유중 (+1.46%),0,0,0,0,0,0,0,+1.46,0,752.00,785.84,757.39
2025-10-20 01:52:09,SELL_SIGNAL,KRW-MIRA,477.00,0,0,hold,보유중 (+0.00%),0,0,0,0,0,0,0,+0.00,0,477.00,498.46,465.07
2025-10-20 01:52:14,SELL_SIGNAL,KRW-MIRA,477.00,0,0,hold,보유중 (+0.00%),0,0,0,0,0,0,0,+0.00,0,477.00,498.46,465.07
2025-10-20 01:52:14,SELL_SIGNAL,KRW-ENA,762.50,0,0,hold,보유중 (+1.40%),0,0,0,0,0,0,0,+1.40,0,752.00,785.84,757.39
2025-10-20 01:52:18,SELL_SIGNAL,KRW-ENA,762.00,0,0,hold,보유중 (+1.33%),0,0,0,0,0,0,0,+1.33,0,752.00,785.84,757.39
2025-10-20 01:52:19,SELL_SIGNAL,KRW-ENA,759.50,0,0,hold,보유중 (+1.00%),0,0,0,0,0,0,0,+1.00,0,752.00,785.84,757.39
2025-10-20 01:52:19,SELL_SIGNAL,KRW-MIRA,477.00,0,0,hold,보유중 (+0.00%),0,0,0,0,0,0,0,+0.00,0,477.00,498.46,465.07
2025-10-20 01:52:20,SELL_SIGNAL,KRW-ENA,760.50,0,0,hold,보유중 (+1.13%),0,0,0,0,0,0,0,+1.13,0,752.00,785.84,757.39
2025-10-20 01:52:24,SELL_SIGNAL,KRW-ENA,760.00,0,0,hold,보유중 (+1.06%),0,0,0,0,0,0,0,+1.06,0,752.00,785.84,757.39
2025-10-20 01:52:24,SELL_SIGNAL,KRW-MIRA,477.00,0,0,hold,보유중 (+0.00%),0,0,0,0,0,0,0,+0.00,0,477.00,498.46,465.07
2025-10-20 01:52:28,SELL_SIGNAL,KRW-ENA,761.00,0,0,hold,보유중 (+1.20%),0,0,0,0,0,0,0,+1.20,0,752.00,785.84,757.39
2025-10-20 01:52:29,SELL_SIGNAL,KRW-MIRA,477.00,0,0,hold,보유중 (+0.00%),0,0,0,0,0,0,0,+0.00,0,477.00,498.46,465.07
2025-10-20 01:52:30,SELL_SIGNAL,KRW-ENA,761.50,0,0,hold,보유중 (+1.26%),0,0,0,0,0,0,0,+1.26,0,752.00,785.84,757.39
2025-10-20 01:52:34,SELL_SIGNAL,KRW-MIRA,477.00,0,0,hold,보유중 (+0.00%),0,0,0,0,0,0,0,+0.00,0,477.00,498.46,465.07
2025-10-20 01:52:39,SELL_SIGNAL,KRW-ENA,760.50,0,0,hold,보유중 (+1.13%),0,0,0,0,0,0,0,+1.13,0,752.00,785.84,757.39
2025-10-20 01:52:39,SELL_SIGNAL,KRW-MIRA,477.00,0,0,hold,보유중 (+0.00%),0,0,0,0,0,0,0,+0.00,0,477.00,498.46,465.07
2025-10-20 01:52:44,SELL_SIGNAL,KRW-ENA,760.50,0,0,hold,보유중 (+1.13%),0,0,0,0,0,0,0,+1.13,0,752.00,785.84,757.39
2025-10-20 01:52:44,SELL_SIGNAL,KRW-MIRA,477.00,0,0,hold,보유중 (+0.00%),0,0,0,0,0,0,0,+0.00,0,477.00,498.46,465.07
2025-10-20 01:52:49,SELL_SIGNAL,KRW-ENA,760.50,0,0,hold,보유중 (+1.13%),0,0,0,0,0,0,0,+1.13,0,752.00,785.84,757.39
2025-10-20 01:52:49,SELL_SIGNAL,KRW-MIRA,477.00,0,0,hold,보유중 (+0.00%),0,0,0,0,0,0,0,+0.00,0,477.00,498.46,465.07
2025-10-20 01:52:54,SELL_SIGNAL,KRW-ENA,760.50,0,0,hold,보유중 (+1.13%),0,0,0,0,0,0,0,+1.13,0,752.00,785.84,757.39
2025-10-20 01:52:54,SELL_SIGNAL,KRW-MIRA,477.00,0,0,hold,보유중 (+0.00%),0,0,0,0,0,0,0,+0.00,0,477.00,498.46,465.07
2025-10-20 01:52:58,SELL_SIGNAL,KRW-ENA,761.50,0,0,hold,보유중 (+1.26%),0,0,0,0,0,0,0,+1.26,0,752.00,785.84,757.39
2025-10-20 01:52:59,SELL_SIGNAL,KRW-ENA,760.50,0,0,hold,보유중 (+1.13%),0,0,0,0,0,0,0,+1.13,0,752.00,785.84,757.39
2025-10-20 01:52:59,SELL_SIGNAL,KRW-MIRA,477.00,0,0,hold,보유중 (+0.00%),0,0,0,0,0,0,0,+0.00,0,477.00,498.46,465.07
2025-10-20 01:53:02,SELL_SIGNAL,KRW-ENA,761.50,0,0,hold,보유중 (+1.26%),0,0,0,0,0,0,0,+1.26,0,752.00,785.84,757.39
2025-10-20 01:53:04,SELL_SIGNAL,KRW-ENA,762.00,0,0,hold,보유중 (+1.33%),0,0,0,0,0,0,0,+1.33,0,752.00,785.84,757.39
2025-10-20 01:53:04,SELL_SIGNAL,KRW-MIRA,477.00,0,0,hold,보유중 (+0.00%),0,0,0,0,0,0,0,+0.00,0,477.00,498.46,465.07
2025-10-20 01:53:09,SELL_SIGNAL,KRW-ENA,762.00,0,0,hold,보유중 (+1.33%),0,0,0,0,0,0,0,+1.33,0,752.00,785.84,757.39
2025-10-20 01:53:10,SELL_SIGNAL,KRW-MIRA,477.00,0,0,hold,보유중 (+0.00%),0,0,0,0,0,0,0,+0.00,0,477.00,498.46,465.07
2025-10-20 01:53:15,SELL_SIGNAL,KRW-ENA,762.00,0,0,hold,보유중 (+1.33%),0,0,0,0,0,0,0,+1.33,0,752.00,785.84,757.39
2025-10-20 01:53:15,SELL_SIGNAL,KRW-MIRA,477.00,0,0,hold,보유중 (+0.00%),0,0,0,0,0,0,0,+0.00,0,477.00,498.46,465.07
2025-10-20 01:53:20,SELL_SIGNAL,KRW-ENA,762.00,0,0,hold,보유중 (+1.33%),0,0,0,0,0,0,0,+1.33,0,752.00,785.84,757.39
2025-10-20 01:53:20,SELL_SIGNAL,KRW-MIRA,477.00,0,0,hold,보유중 (+0.00%),0,0,0,0,0,0,0,+0.00,0,477.00,498.46,465.07
2025-10-20 01:53:25,SELL_SIGNAL,KRW-ENA,762.00,0,0,hold,보유중 (+1.33%),0,0,0,0,0,0,0,+1.33,0,752.00,785.84,757.39
2025-10-20 01:53:25,SELL_SIGNAL,KRW-MIRA,477.00,0,0,hold,보유중 (+0.00%),0,0,0,0,0,0,0,+0.00,0,477.00,498.46,465.07
2025-10-20 01:53:30,SELL_SIGNAL,KRW-ENA,762.00,0,0,hold,보유중 (+1.33%),0,0,0,0,0,0,0,+1.33,0,752.00,785.84,757.39
2025-10-20 01:53:30,SELL_SIGNAL,KRW-MIRA,477.00,0,0,hold,보유중 (+0.00%),0,0,0,0,0,0,0,+0.00,0,477.00,498.46,465.07
2025-10-20 01:53:35,SELL_SIGNAL,KRW-ENA,762.00,0,0,hold,보유중 (+1.33%),0,0,0,0,0,0,0,+1.33,0,752.00,785.84,757.39
2025-10-20 01:53:35,SELL_SIGNAL,KRW-MIRA,477.00,0,0,hold,보유중 (+0.00%),0,0,0,0,0,0,0,+0.00,0,477.00,498.46,465.07
2025-10-20 01:53:40,SELL_SIGNAL,KRW-ENA,762.00,0,0,hold,보유중 (+1.33%),0,0,0,0,0,0,0,+1.33,0,752.00,785.84,757.39
2025-10-20 01:53:40,SELL_SIGNAL,KRW-MIRA,477.00,0,0,hold,보유중 (+0.00%),0,0,0,0,0,0,0,+0.00,0,477.00,498.46,465.07
2025-10-20 01:53:45,SELL_SIGNAL,KRW-ENA,762.00,0,0,hold,보유중 (+1.33%),0,0,0,0,0,0,0,+1.33,0,752.00,785.84,757.39
2025-10-20 01:53:45,SELL_SIGNAL,KRW-MIRA,477.00,0,0,hold,보유중 (+0.00%),0,0,0,0,0,0,0,+0.00,0,477.00,498.46,465.07
2025-10-20 01:53:50,SELL_SIGNAL,KRW-ENA,761.50,0,0,hold,보유중 (+1.26%),0,0,0,0,0,0,0,+1.26,0,752.00,785.84,757.39
2025-10-20 01:53:50,SELL_SIGNAL,KRW-MIRA,477.00,0,0,hold,보유중 (+0.00%),0,0,0,0,0,0,0,+0.00,0,477.00,498.46,465.07
2025-10-20 01:53:55,SELL_SIGNAL,KRW-ENA,761.50,0,0,hold,보유중 (+1.26%),0,0,0,0,0,0,0,+1.26,0,752.00,785.84,757.39
2025-10-20 01:53:55,SELL_SIGNAL,KRW-MIRA,477.00,0,0,hold,보유중 (+0.00%),0,0,0,0,0,0,0,+0.00,0,477.00,498.46,465.07
2025-10-20 01:54:01,SELL_SIGNAL,KRW-ENA,761.50,0,0,hold,보유중 (+1.26%),0,0,0,0,0,0,0,+1.26,0,752.00,785.84,757.39
2025-10-20 01:54:01,SELL_SIGNAL,KRW-MIRA,477.00,0,0,hold,보유중 (+0.00%),0,0,0,0,0,0,0,+0.00,0,477.00,498.46,465.07
2025-10-20 01:54:06,SELL_SIGNAL,KRW-MIRA,477.00,0,0,hold,보유중 (+0.00%),0,0,0,0,0,0,0,+0.00,0,477.00,498.46,465.07
2025-10-20 01:54:06,SELL_SIGNAL,KRW-ENA,761.50,0,0,hold,보유중 (+1.26%),0,0,0,0,0,0,0,+1.26,0,752.00,785.84,757.39
2025-10-20 01:54:11,SELL_SIGNAL,KRW-ENA,760.50,0,0,hold,보유중 (+1.13%),0,0,0,0,0,0,0,+1.13,0,752.00,785.84,757.39
2025-10-20 01:54:11,SELL_SIGNAL,KRW-MIRA,477.00,0,0,hold,보유중 (+0.00%),0,0,0,0,0,0,0,+0.00,0,477.00,498.46,465.07
2025-10-20 01:54:12,SELL_SIGNAL,KRW-ENA,761.00,0,0,hold,보유중 (+1.20%),0,0,0,0,0,0,0,+1.20,0,752.00,785.84,757.39
2025-10-20 01:54:16,SELL_SIGNAL,KRW-MIRA,477.00,0,0,hold,보유중 (+0.00%),0,0,0,0,0,0,0,+0.00,0,477.00,498.46,465.07
2025-10-20 01:54:21,SELL_SIGNAL,KRW-ENA,761.00,0,0,hold,보유중 (+1.20%),0,0,0,0,0,0,0,+1.20,0,752.00,785.84,757.39
2025-10-20 01:54:21,SELL_SIGNAL,KRW-MIRA,477.00,0,0,hold,보유중 (+0.00%),0,0,0,0,0,0,0,+0.00,0,477.00,498.46,465.07
2025-10-20 01:54:23,SELL_SIGNAL,KRW-ENA,760.50,0,0,hold,보유중 (+1.13%),0,0,0,0,0,0,0,+1.13,0,752.00,785.84,757.39
2025-10-20 01:54:26,SELL_SIGNAL,KRW-ENA,759.50,0,0,hold,보유중 (+1.00%),0,0,0,0,0,0,0,+1.00,0,752.00,785.84,757.39
2025-10-20 01:54:26,SELL_SIGNAL,KRW-MIRA,476.50,0,0,hold,보유중 (-0.10%),0,0,0,0,0,0,0,-0.10,0,477.00,498.46,465.07
2025-10-20 01:54:31,SELL_SIGNAL,KRW-ENA,760.00,0,0,hold,보유중 (+1.06%),0,0,0,0,0,0,0,+1.06,0,752.00,785.84,757.39
2025-10-20 01:54:31,SELL_SIGNAL,KRW-MIRA,476.50,0,0,hold,보유중 (-0.10%),0,0,0,0,0,0,0,-0.10,0,477.00,498.46,465.07
2025-10-20 01:54:35,SELL_SIGNAL,KRW-ENA,759.50,0,0,hold,보유중 (+1.00%),0,0,0,0,0,0,0,+1.00,0,752.00,785.84,757.39
2025-10-20 01:54:36,SELL_SIGNAL,KRW-ENA,760.50,0,0,hold,보유중 (+1.13%),0,0,0,0,0,0,0,+1.13,0,752.00,785.84,757.39
2025-10-20 01:54:36,SELL_SIGNAL,KRW-MIRA,476.50,0,0,hold,보유중 (-0.10%),0,0,0,0,0,0,0,-0.10,0,477.00,498.46,465.07
2025-10-20 01:54:41,SELL_SIGNAL,KRW-ENA,760.50,0,0,hold,보유중 (+1.13%),0,0,0,0,0,0,0,+1.13,0,752.00,785.84,757.39
2025-10-20 01:54:41,SELL_SIGNAL,KRW-MIRA,476.50,0,0,hold,보유중 (-0.10%),0,0,0,0,0,0,0,-0.10,0,477.00,498.46,465.07
2025-10-20 01:54:46,SELL_SIGNAL,KRW-ENA,760.50,0,0,hold,보유중 (+1.13%),0,0,0,0,0,0,0,+1.13,0,752.00,785.84,757.39
2025-10-20 01:54:46,SELL_SIGNAL,KRW-MIRA,476.50,0,0,hold,보유중 (-0.10%),0,0,0,0,0,0,0,-0.10,0,477.00,498.46,465.07
2025-10-20 01:54:51,SELL_SIGNAL,KRW-ENA,759.50,0,0,hold,보유중 (+1.00%),0,0,0,0,0,0,0,+1.00,0,752.00,785.84,757.39
2025-10-20 01:54:51,SELL_SIGNAL,KRW-MIRA,476.50,0,0,hold,보유중 (-0.10%),0,0,0,0,0,0,0,-0.10,0,477.00,498.46,465.07
2025-10-20 01:54:56,SELL_SIGNAL,KRW-ENA,759.50,0,0,hold,보유중 (+1.00%),0,0,0,0,0,0,0,+1.00,0,752.00,785.84,757.39
2025-10-20 01:54:57,SELL_SIGNAL,KRW-MIRA,476.50,0,0,hold,보유중 (-0.10%),0,0,0,0,0,0,0,-0.10,0,477.00,498.46,465.07
2025-10-20 01:55:02,SELL_SIGNAL,KRW-ENA,759.50,0,0,hold,보유중 (+1.00%),0,0,0,0,0,0,0,+1.00,0,752.00,785.84,757.39
2025-10-20 01:55:02,SELL_SIGNAL,KRW-MIRA,476.50,0,0,hold,보유중 (-0.10%),0,0,0,0,0,0,0,-0.10,0,477.00,498.46,465.07
2025-10-20 01:55:07,SELL_SIGNAL,KRW-ENA,759.50,0,0,hold,보유중 (+1.00%),0,0,0,0,0,0,0,+1.00,0,752.00,785.84,757.39
2025-10-20 01:55:07,SELL_SIGNAL,KRW-MIRA,476.50,0,0,hold,보유중 (-0.10%),0,0,0,0,0,0,0,-0.10,0,477.00,498.46,465.07
2025-10-20 01:55:12,SELL_SIGNAL,KRW-ENA,759.50,0,0,hold,보유중 (+1.00%),0,0,0,0,0,0,0,+1.00,0,752.00,785.84,757.39
2025-10-20 01:55:12,SELL_SIGNAL,KRW-MIRA,476.50,0,0,hold,보유중 (-0.10%),0,0,0,0,0,0,0,-0.10,0,477.00,498.46,465.07
2025-10-20 01:55:17,SELL_SIGNAL,KRW-ENA,759.50,0,0,hold,보유중 (+1.00%),0,0,0,0,0,0,0,+1.00,0,752.00,785.84,757.39
2025-10-20 01:55:17,SELL_SIGNAL,KRW-MIRA,476.50,0,0,hold,보유중 (-0.10%),0,0,0,0,0,0,0,-0.10,0,477.00,498.46,465.07
2025-10-20 01:55:22,SELL_SIGNAL,KRW-ENA,759.50,0,0,hold,보유중 (+1.00%),0,0,0,0,0,0,0,+1.00,0,752.00,785.84,757.39
2025-10-20 01:55:22,SELL_SIGNAL,KRW-MIRA,476.50,0,0,hold,보유중 (-0.10%),0,0,0,0,0,0,0,-0.10,0,477.00,498.46,465.07
2025-10-20 01:55:27,SELL_SIGNAL,KRW-MIRA,476.50,0,0,hold,보유중 (-0.10%),0,0,0,0,0,0,0,-0.10,0,477.00,498.46,465.07
2025-10-20 01:55:27,SELL_SIGNAL,KRW-ENA,759.50,0,0,hold,보유중 (+1.00%),0,0,0,0,0,0,0,+1.00,0,752.00,785.84,757.39
2025-10-20 01:55:33,SELL_SIGNAL,KRW-ENA,759.50,0,0,hold,보유중 (+1.00%),0,0,0,0,0,0,0,+1.00,0,752.00,785.84,757.39
2025-10-20 01:55:33,SELL_SIGNAL,KRW-MIRA,476.50,0,0,hold,보유중 (-0.10%),0,0,0,0,0,0,0,-0.10,0,477.00,498.46,465.07
2025-10-20 01:55:38,SELL_SIGNAL,KRW-MIRA,476.50,0,0,hold,보유중 (-0.10%),0,0,0,0,0,0,0,-0.10,0,477.00,498.46,465.07
2025-10-20 01:55:38,SELL_SIGNAL,KRW-ENA,759.50,0,0,hold,보유중 (+1.00%),0,0,0,0,0,0,0,+1.00,0,752.00,785.84,757.39
2025-10-20 01:55:44,SELL_SIGNAL,KRW-ENA,759.50,0,0,hold,보유중 (+1.00%),0,0,0,0,0,0,0,+1.00,0,752.00,785.84,757.39
2025-10-20 01:55:44,SELL_SIGNAL,KRW-MIRA,476.50,0,0,hold,보유중 (-0.10%),0,0,0,0,0,0,0,-0.10,0,477.00,498.46,465.07
2025-10-20 01:55:46,SELL_SIGNAL,KRW-MIRA,476.00,0,0,hold,보유중 (-0.21%),0,0,0,0,0,0,0,-0.21,0,477.00,498.46,465.07
2025-10-20 01:55:49,SELL_SIGNAL,KRW-MIRA,475.50,0,0,hold,보유중 (-0.31%),0,0,0,0,0,0,0,-0.31,0,477.00,498.46,465.07
2025-10-20 01:55:49,SELL_SIGNAL,KRW-ENA,759.50,0,0,hold,보유중 (+1.00%),0,0,0,0,0,0,0,+1.00,0,752.00,785.84,757.39
2025-10-20 01:55:54,SELL_SIGNAL,KRW-ENA,759.50,0,0,hold,보유중 (+1.00%),0,0,0,0,0,0,0,+1.00,0,752.00,785.84,757.39
2025-10-20 01:55:54,SELL_SIGNAL,KRW-MIRA,475.50,0,0,hold,보유중 (-0.31%),0,0,0,0,0,0,0,-0.31,0,477.00,498.46,465.07
2025-10-20 01:55:59,SELL_SIGNAL,KRW-ENA,759.50,0,0,hold,보유중 (+1.00%),0,0,0,0,0,0,0,+1.00,0,752.00,785.84,757.39
2025-10-20 01:55:59,SELL_SIGNAL,KRW-MIRA,475.50,0,0,hold,보유중 (-0.31%),0,0,0,0,0,0,0,-0.31,0,477.00,498.46,465.07
2025-10-20 01:56:03,SELL_SIGNAL,KRW-ENA,759.00,0,0,hold,보유중 (+0.93%),0,0,0,0,0,0,0,+0.93,0,752.00,785.84,757.39
2025-10-20 01:56:04,SELL_SIGNAL,KRW-MIRA,475.50,0,0,hold,보유중 (-0.31%),0,0,0,0,0,0,0,-0.31,0,477.00,498.46,465.07
2025-10-20 01:56:09,SELL_SIGNAL,KRW-ENA,759.50,0,0,hold,보유중 (+1.00%),0,0,0,0,0,0,0,+1.00,0,752.00,785.84,757.39
2025-10-20 01:56:10,SELL_SIGNAL,KRW-MIRA,475.50,0,0,hold,보유중 (-0.31%),0,0,0,0,0,0,0,-0.31,0,477.00,498.46,465.07
2025-10-20 01:56:10,SELL_SIGNAL,KRW-ENA,760.00,0,0,hold,보유중 (+1.06%),0,0,0,0,0,0,0,+1.06,0,752.00,785.84,757.39
2025-10-20 01:56:15,SELL_SIGNAL,KRW-MIRA,475.50,0,0,hold,보유중 (-0.31%),0,0,0,0,0,0,0,-0.31,0,477.00,498.46,465.07
2025-10-20 01:56:15,SELL_SIGNAL,KRW-ENA,759.50,0,0,hold,보유중 (+1.00%),0,0,0,0,0,0,0,+1.00,0,752.00,785.84,757.39
2025-10-20 01:56:20,SELL_SIGNAL,KRW-ENA,759.50,0,0,hold,보유중 (+1.00%),0,0,0,0,0,0,0,+1.00,0,752.00,785.84,757.39
2025-10-20 01:56:20,SELL_SIGNAL,KRW-MIRA,475.50,0,0,hold,보유중 (-0.31%),0,0,0,0,0,0,0,-0.31,0,477.00,498.46,465.07
2025-10-20 01:56:23,SELL_SIGNAL,KRW-ENA,760.00,0,0,hold,보유중 (+1.06%),0,0,0,0,0,0,0,+1.06,0,752.00,785.84,757.39
2025-10-20 01:56:25,SELL_SIGNAL,KRW-ENA,759.50,0,0,hold,보유중 (+1.00%),0,0,0,0,0,0,0,+1.00,0,752.00,785.84,757.39
2025-10-20 01:56:25,SELL_SIGNAL,KRW-MIRA,475.50,0,0,hold,보유중 (-0.31%),0,0,0,0,0,0,0,-0.31,0,477.00,498.46,465.07
2025-10-20 01:56:30,SELL_SIGNAL,KRW-ENA,759.50,0,0,hold,보유중 (+1.00%),0,0,0,0,0,0,0,+1.00,0,752.00,785.84,757.39
2025-10-20 01:56:30,SELL_SIGNAL,KRW-MIRA,475.50,0,0,hold,보유중 (-0.31%),0,0,0,0,0,0,0,-0.31,0,477.00,498.46,465.07
2025-10-20 01:56:31,SELL_SIGNAL,KRW-ENA,759.00,0,0,hold,보유중 (+0.93%),0,0,0,0,0,0,0,+0.93,0,752.00,785.84,757.39
2025-10-20 01:56:35,SELL_SIGNAL,KRW-ENA,758.00,0,0,hold,보유중 (+0.80%),0,0,0,0,0,0,0,+0.80,0,752.00,785.84,757.39
2025-10-20 01:56:35,SELL_SIGNAL,KRW-MIRA,475.50,0,0,hold,보유중 (-0.31%),0,0,0,0,0,0,0,-0.31,0,477.00,498.46,465.07
2025-10-20 01:56:40,SELL_SIGNAL,KRW-ENA,759.00,0,0,hold,보유중 (+0.93%),0,0,0,0,0,0,0,+0.93,0,752.00,785.84,757.39
2025-10-20 01:56:40,SELL_SIGNAL,KRW-MIRA,475.50,0,0,hold,보유중 (-0.31%),0,0,0,0,0,0,0,-0.31,0,477.00,498.46,465.07
2025-10-20 01:56:45,SELL_SIGNAL,KRW-ENA,758.50,0,0,hold,보유중 (+0.86%),0,0,0,0,0,0,0,+0.86,0,752.00,785.84,757.39
2025-10-20 01:56:45,SELL_SIGNAL,KRW-MIRA,475.50,0,0,hold,보유중 (-0.31%),0,0,0,0,0,0,0,-0.31,0,477.00,498.46,465.07
2025-10-20 01:56:50,SELL_SIGNAL,KRW-ENA,757.50,0,0,hold,보유중 (+0.73%),0,0,0,0,0,0,0,+0.73,0,752.00,785.84,757.39
2025-10-20 01:56:50,SELL_SIGNAL,KRW-MIRA,475.50,0,0,hold,보유중 (-0.31%),0,0,0,0,0,0,0,-0.31,0,477.00,498.46,465.07
2025-10-20 01:56:55,SELL_SIGNAL,KRW-ENA,757.50,0,0,hold,보유중 (+0.73%),0,0,0,0,0,0,0,+0.73,0,752.00,785.84,757.39
2025-10-20 01:56:55,SELL_SIGNAL,KRW-MIRA,475.50,0,0,hold,보유중 (-0.31%),0,0,0,0,0,0,0,-0.31,0,477.00,498.46,465.07
2025-10-20 01:57:00,SELL_SIGNAL,KRW-ENA,758.00,0,0,hold,보유중 (+0.80%),0,0,0,0,0,0,0,+0.80,0,752.00,785.84,757.39
2025-10-20 01:57:01,SELL_SIGNAL,KRW-MIRA,475.50,0,0,hold,보유중 (-0.31%),0,0,0,0,0,0,0,-0.31,0,477.00,498.46,465.07
2025-10-20 01:57:05,SELL_SIGNAL,KRW-ENA,757.50,0,0,hold,보유중 (+0.73%),0,0,0,0,0,0,0,+0.73,0,752.00,785.84,757.39
2025-10-20 01:57:06,SELL_SIGNAL,KRW-MIRA,475.50,0,0,hold,보유중 (-0.31%),0,0,0,0,0,0,0,-0.31,0,477.00,498.46,465.07
2025-10-20 01:57:11,SELL_SIGNAL,KRW-ENA,758.00,0,0,hold,보유중 (+0.80%),0,0,0,0,0,0,0,+0.80,0,752.00,785.84,757.39
2025-10-20 01:57:11,SELL_SIGNAL,KRW-MIRA,475.50,0,0,hold,보유중 (-0.31%),0,0,0,0,0,0,0,-0.31,0,477.00,498.46,465.07
2025-10-20 01:57:14,SELL_SIGNAL,KRW-MIRA,476.00,0,0,hold,보유중 (-0.21%),0,0,0,0,0,0,0,-0.21,0,477.00,498.46,465.07
2025-10-20 01:57:22,SELL_SIGNAL,KRW-MIRA,476.00,0,0,hold,보유중 (-0.21%),0,0,0,0,0,0,0,-0.21,0,477.00,498.46,465.07
2025-10-20 01:57:28,SELL_SIGNAL,KRW-MIRA,476.00,0,0,hold,보유중 (-0.21%),0,0,0,0,0,0,0,-0.21,0,477.00,498.46,465.07
2025-10-20 01:57:33,SELL_SIGNAL,KRW-MIRA,476.50,0,0,hold,보유중 (-0.10%),0,0,0,0,0,0,0,-0.10,0,477.00,498.46,465.07
2025-10-20 01:57:38,SELL_SIGNAL,KRW-MIRA,476.50,0,0,hold,보유중 (-0.10%),0,0,0,0,0,0,0,-0.10,0,477.00,498.46,465.07
2025-10-20 01:57:43,SELL_SIGNAL,KRW-MIRA,476.50,0,0,hold,보유중 (-0.10%),0,0,0,0,0,0,0,-0.10,0,477.00,498.46,465.07
2025-10-20 01:57:45,SELL_SIGNAL,KRW-MIRA,475.50,0,0,hold,보유중 (-0.31%),0,0,0,0,0,0,0,-0.31,0,477.00,498.46,465.07
2025-10-20 01:57:53,SELL_SIGNAL,KRW-MIRA,475.50,0,0,hold,보유중 (-0.31%),0,0,0,0,0,0,0,-0.31,0,477.00,498.46,465.07
2025-10-20 01:57:58,SELL_SIGNAL,KRW-MIRA,475.50,0,0,hold,보유중 (-0.31%),0,0,0,0,0,0,0,-0.31,0,477.00,498.46,465.07
2025-10-20 01:58:08,SELL_SIGNAL,KRW-MIRA,475.50,0,0,hold,보유중 (-0.31%),0,0,0,0,0,0,0,-0.31,0,477.00,498.46,465.07
2025-10-20 01:58:13,SELL_SIGNAL,KRW-MIRA,475.50,0,0,hold,보유중 (-0.31%),0,0,0,0,0,0,0,-0.31,0,477.00,498.46,465.07
2025-10-20 01:58:23,SELL_SIGNAL,KRW-MIRA,475.50,0,0,hold,보유중 (-0.31%),0,0,0,0,0,0,0,-0.31,0,477.00,498.46,465.07
2025-10-20 01:58:28,SELL_SIGNAL,KRW-MIRA,475.50,0,0,hold,보유중 (-0.31%),0,0,0,0,0,0,0,-0.31,0,477.00,498.46,465.07
2025-10-20 01:58:33,SELL_SIGNAL,KRW-MIRA,475.50,0,0,hold,보유중 (-0.31%),0,0,0,0,0,0,0,-0.31,0,477.00,498.46,465.07
2025-10-20 01:58:38,SELL_SIGNAL,KRW-MIRA,474.50,0,0,hold,보유중 (-0.52%),0,0,0,0,0,0,0,-0.52,0,477.00,498.46,465.07
2025-10-20 01:58:44,SELL_SIGNAL,KRW-MIRA,474.50,0,0,hold,보유중 (-0.52%),0,0,0,0,0,0,0,-0.52,0,477.00,498.46,465.07
2025-10-20 01:58:49,SELL_SIGNAL,KRW-MIRA,474.50,0,0,hold,보유중 (-0.52%),0,0,0,0,0,0,0,-0.52,0,477.00,498.46,465.07
2025-10-20 01:58:54,SELL_SIGNAL,KRW-MIRA,474.50,0,0,hold,보유중 (-0.52%),0,0,0,0,0,0,0,-0.52,0,477.00,498.46,465.07
2025-10-20 01:58:59,SELL_SIGNAL,KRW-MIRA,474.50,0,0,hold,보유중 (-0.52%),0,0,0,0,0,0,0,-0.52,0,477.00,498.46,465.07
2025-10-20 01:59:04,SELL_SIGNAL,KRW-MIRA,475.00,0,0,hold,보유중 (-0.42%),0,0,0,0,0,0,0,-0.42,0,477.00,498.46,465.07
2025-10-20 01:59:09,SELL_SIGNAL,KRW-MIRA,474.50,0,0,hold,보유중 (-0.52%),0,0,0,0,0,0,0,-0.52,0,477.00,498.46,465.07
2025-10-20 01:59:14,SELL_SIGNAL,KRW-MIRA,474.50,0,0,hold,보유중 (-0.52%),0,0,0,0,0,0,0,-0.52,0,477.00,498.46,465.07
2025-10-20 01:59:19,SELL_SIGNAL,KRW-MIRA,474.50,0,0,hold,보유중 (-0.52%),0,0,0,0,0,0,0,-0.52,0,477.00,498.46,465.07
2025-10-20 01:59:24,SELL_SIGNAL,KRW-MIRA,474.50,0,0,hold,보유중 (-0.52%),0,0,0,0,0,0,0,-0.52,0,477.00,498.46,465.07
2025-10-20 01:59:29,SELL_SIGNAL,KRW-MIRA,474.50,0,0,hold,보유중 (-0.52%),0,0,0,0,0,0,0,-0.52,0,477.00,498.46,465.07
2025-10-20 01:59:34,SELL_SIGNAL,KRW-MIRA,474.50,0,0,hold,보유중 (-0.52%),0,0,0,0,0,0,0,-0.52,0,477.00,498.46,465.07
2025-10-20 01:59:39,SELL_SIGNAL,KRW-MIRA,474.50,0,0,hold,보유중 (-0.52%),0,0,0,0,0,0,0,-0.52,0,477.00,498.46,465.07
2025-10-20 01:59:45,SELL_SIGNAL,KRW-MIRA,474.50,0,0,hold,보유중 (-0.52%),0,0,0,0,0,0,0,-0.52,0,477.00,498.46,465.07
2025-10-20 01:59:50,SELL_SIGNAL,KRW-MIRA,474.50,0,0,hold,보유중 (-0.52%),0,0,0,0,0,0,0,-0.52,0,477.00,498.46,465.07
2025-10-20 01:59:55,SELL_SIGNAL,KRW-MIRA,474.50,0,0,hold,보유중 (-0.52%),0,0,0,0,0,0,0,-0.52,0,477.00,498.46,465.07
2025-10-20 02:00:00,SELL_SIGNAL,KRW-MIRA,474.50,0,0,hold,보유중 (-0.52%),0,0,0,0,0,0,0,-0.52,0,477.00,498.46,465.07
2025-10-20 02:00:06,SELL_SIGNAL,KRW-MIRA,474.50,0,0,hold,보유중 (-0.52%),0,0,0,0,0,0,0,-0.52,0,477.00,498.46,465.07
2025-10-20 02:00:11,SELL_SIGNAL,KRW-MIRA,474.50,0,0,hold,보유중 (-0.52%),0,0,0,0,0,0,0,-0.52,0,477.00,498.46,465.07
2025-10-20 02:00:17,SELL_SIGNAL,KRW-MIRA,474.50,0,0,hold,보유중 (-0.52%),0,0,0,0,0,0,0,-0.52,0,477.00,498.46,465.07
2025-10-20 02:00:28,SELL_SIGNAL,KRW-MIRA,474.50,0,0,hold,보유중 (-0.52%),0,0,0,0,0,0,0,-0.52,0,477.00,498.46,465.07
2025-10-20 02:00:38,SELL_SIGNAL,KRW-MIRA,474.50,0,0,hold,보유중 (-0.52%),0,0,0,0,0,0,0,-0.52,0,477.00,498.46,465.07
2025-10-20 02:00:44,SELL_SIGNAL,KRW-MIRA,474.50,0,0,hold,보유중 (-0.52%),0,0,0,0,0,0,0,-0.52,0,477.00,498.46,465.07
2025-10-20 02:00:49,SELL_SIGNAL,KRW-MIRA,474.50,0,0,hold,보유중 (-0.52%),0,0,0,0,0,0,0,-0.52,0,477.00,498.46,465.07
2025-10-20 02:00:55,SELL_SIGNAL,KRW-MIRA,474.50,0,0,hold,보유중 (-0.52%),0,0,0,0,0,0,0,-0.52,0,477.00,498.46,465.07
2025-10-20 02:01:00,SELL_SIGNAL,KRW-MIRA,474.50,0,0,hold,보유중 (-0.52%),0,0,0,0,0,0,0,-0.52,0,477.00,498.46,465.07
2025-10-20 02:01:05,SELL_SIGNAL,KRW-MIRA,474.50,0,0,hold,보유중 (-0.52%),0,0,0,0,0,0,0,-0.52,0,477.00,498.46,465.07
2025-10-20 02:01:10,SELL_SIGNAL,KRW-MIRA,474.50,0,0,hold,보유중 (-0.52%),0,0,0,0,0,0,0,-0.52,0,477.00,498.46,465.07
2025-10-20 02:01:15,SELL_SIGNAL,KRW-MIRA,474.50,0,0,hold,보유중 (-0.52%),0,0,0,0,0,0,0,-0.52,0,477.00,498.46,465.07
2025-10-20 02:01:20,SELL_SIGNAL,KRW-MIRA,474.50,0,0,hold,보유중 (-0.52%),0,0,0,0,0,0,0,-0.52,0,477.00,498.46,465.07
2025-10-20 02:01:25,SELL_SIGNAL,KRW-MIRA,474.50,0,0,hold,보유중 (-0.52%),0,0,0,0,0,0,0,-0.52,0,477.00,498.46,465.07
2025-10-20 02:01:30,SELL_SIGNAL,KRW-MIRA,474.50,0,0,hold,보유중 (-0.52%),0,0,0,0,0,0,0,-0.52,0,477.00,498.46,465.07
2025-10-20 02:01:35,SELL_SIGNAL,KRW-MIRA,474.50,0,0,hold,보유중 (-0.52%),0,0,0,0,0,0,0,-0.52,0,477.00,498.46,465.07
2025-10-20 02:01:40,SELL_SIGNAL,KRW-MIRA,474.50,0,0,hold,보유중 (-0.52%),0,0,0,0,0,0,0,-0.52,0,477.00,498.46,465.07
2025-10-20 02:01:46,SELL_SIGNAL,KRW-MIRA,474.50,0,0,hold,보유중 (-0.52%),0,0,0,0,0,0,0,-0.52,0,477.00,498.46,465.07
2025-10-20 02:01:51,SELL_SIGNAL,KRW-MIRA,474.50,0,0,hold,보유중 (-0.52%),0,0,0,0,0,0,0,-0.52,0,477.00,498.46,465.07
2025-10-20 02:01:57,SELL_SIGNAL,KRW-MIRA,474.50,0,0,hold,보유중 (-0.52%),0,0,0,0,0,0,0,-0.52,0,477.00,498.46,465.07
2025-10-20 02:02:02,SELL_SIGNAL,KRW-MIRA,474.50,0,0,hold,보유중 (-0.52%),0,0,0,0,0,0,0,-0.52,0,477.00,498.46,465.07
2025-10-20 02:02:07,SELL_SIGNAL,KRW-MIRA,474.50,0,0,hold,보유중 (-0.52%),0,0,0,0,0,0,0,-0.52,0,477.00,498.46,465.07
2025-10-20 02:02:12,SELL_SIGNAL,KRW-MIRA,474.50,0,0,hold,보유중 (-0.52%),0,0,0,0,0,0,0,-0.52,0,477.00,498.46,465.07
2025-10-20 02:02:17,SELL_SIGNAL,KRW-MIRA,474.50,0,0,hold,보유중 (-0.52%),0,0,0,0,0,0,0,-0.52,0,477.00,498.46,465.07
2025-10-20 02:02:22,SELL_SIGNAL,KRW-MIRA,474.50,0,0,hold,보유중 (-0.52%),0,0,0,0,0,0,0,-0.52,0,477.00,498.46,465.07
2025-10-20 02:02:27,SELL_SIGNAL,KRW-MIRA,474.50,0,0,hold,보유중 (-0.52%),0,0,0,0,0,0,0,-0.52,0,477.00,498.46,465.07
2025-10-20 02:02:32,SELL_SIGNAL,KRW-MIRA,474.50,0,0,hold,보유중 (-0.52%),0,0,0,0,0,0,0,-0.52,0,477.00,498.46,465.07
2025-10-20 02:02:37,SELL_SIGNAL,KRW-MIRA,474.50,0,0,hold,보유중 (-0.52%),0,0,0,0,0,0,0,-0.52,0,477.00,498.46,465.07
2025-10-20 02:02:45,SELL_SIGNAL,KRW-MIRA,474.50,0,0,hold,보유중 (-0.52%),0,0,0,0,0,0,0,-0.52,0,477.00,498.46,465.07
2025-10-20 02:02:50,SELL_SIGNAL,KRW-MIRA,474.50,0,0,hold,보유중 (-0.52%),0,0,0,0,0,0,0,-0.52,0,477.00,498.46,465.07
2025-10-20 02:02:57,SELL_SIGNAL,KRW-MIRA,474.50,0,0,hold,보유중 (-0.52%),0,0,0,0,0,0,0,-0.52,0,477.00,498.46,465.07
2025-10-20 02:03:02,SELL_SIGNAL,KRW-MIRA,474.50,0,0,hold,보유중 (-0.52%),0,0,0,0,0,0,0,-0.52,0,477.00,498.46,465.07
2025-10-20 02:03:07,SELL_SIGNAL,KRW-MIRA,474.50,0,0,hold,보유중 (-0.52%),0,0,0,0,0,0,0,-0.52,0,477.00,498.46,465.07
2025-10-20 02:03:12,SELL_SIGNAL,KRW-MIRA,474.50,0,0,hold,보유중 (-0.52%),0,0,0,0,0,0,0,-0.52,0,477.00,498.46,465.07
2025-10-20 02:03:18,SELL_SIGNAL,KRW-MIRA,474.50,0,0,hold,보유중 (-0.52%),0,0,0,0,0,0,0,-0.52,0,477.00,498.46,465.07
2025-10-20 02:03:24,SELL_SIGNAL,KRW-MIRA,474.50,0,0,hold,보유중 (-0.52%),0,0,0,0,0,0,0,-0.52,0,477.00,498.46,465.07
2025-10-20 02:03:29,SELL_SIGNAL,KRW-MIRA,474.50,0,0,hold,보유중 (-0.52%),0,0,0,0,0,0,0,-0.52,0,477.00,498.46,465.07
2025-10-20 02:03:34,SELL_SIGNAL,KRW-MIRA,474.50,0,0,hold,보유중 (-0.52%),0,0,0,0,0,0,0,-0.52,0,477.00,498.46,465.07
2025-10-20 02:03:39,SELL_SIGNAL,KRW-MIRA,474.50,0,0,hold,보유중 (-0.52%),0,0,0,0,0,0,0,-0.52,0,477.00,498.46,465.07
2025-10-20 02:03:44,SELL_SIGNAL,KRW-MIRA,474.50,0,0,hold,보유중 (-0.52%),0,0,0,0,0,0,0,-0.52,0,477.00,498.46,465.07
2025-10-20 02:03:49,SELL_SIGNAL,KRW-MIRA,474.50,0,0,hold,보유중 (-0.52%),0,0,0,0,0,0,0,-0.52,0,477.00,498.46,465.07
2025-10-20 02:03:54,SELL_SIGNAL,KRW-MIRA,474.50,0,0,hold,보유중 (-0.52%),0,0,0,0,0,0,0,-0.52,0,477.00,498.46,465.07
2025-10-20 02:03:59,SELL_SIGNAL,KRW-MIRA,474.50,0,0,hold,보유중 (-0.52%),0,0,0,0,0,0,0,-0.52,0,477.00,498.46,465.07
2025-10-20 02:04:04,SELL_SIGNAL,KRW-MIRA,474.50,0,0,hold,보유중 (-0.52%),0,0,0,0,0,0,0,-0.52,0,477.00,498.46,465.07
2025-10-20 02:04:09,SELL_SIGNAL,KRW-MIRA,474.50,0,0,hold,보유중 (-0.52%),0,0,0,0,0,0,0,-0.52,0,477.00,498.46,465.07
2025-10-20 02:04:14,SELL_SIGNAL,KRW-MIRA,474.50,0,0,hold,보유중 (-0.52%),0,0,0,0,0,0,0,-0.52,0,477.00,498.46,465.07
2025-10-20 02:04:19,SELL_SIGNAL,KRW-MIRA,474.50,0,0,hold,보유중 (-0.52%),0,0,0,0,0,0,0,-0.52,0,477.00,498.46,465.07
2025-10-20 02:04:25,SELL_SIGNAL,KRW-MIRA,474.50,0,0,hold,보유중 (-0.52%),0,0,0,0,0,0,0,-0.52,0,477.00,498.46,465.07
2025-10-20 02:04:30,SELL_SIGNAL,KRW-MIRA,474.50,0,0,hold,보유중 (-0.52%),0,0,0,0,0,0,0,-0.52,0,477.00,498.46,465.07
2025-10-20 02:04:35,SELL_SIGNAL,KRW-MIRA,474.50,0,0,hold,보유중 (-0.52%),0,0,0,0,0,0,0,-0.52,0,477.00,498.46,465.07
2025-10-20 02:04:40,SELL_SIGNAL,KRW-MIRA,475.00,0,0,hold,보유중 (-0.42%),0,0,0,0,0,0,0,-0.42,0,477.00,498.46,465.07
2025-10-20 02:04:46,SELL_SIGNAL,KRW-MIRA,475.00,0,0,hold,보유중 (-0.42%),0,0,0,0,0,0,0,-0.42,0,477.00,498.46,465.07
2025-10-20 02:04:51,SELL_SIGNAL,KRW-MIRA,475.00,0,0,hold,보유중 (-0.42%),0,0,0,0,0,0,0,-0.42,0,477.00,498.46,465.07
2025-10-20 02:04:56,SELL_SIGNAL,KRW-MIRA,476.00,0,0,hold,보유중 (-0.21%),0,0,0,0,0,0,0,-0.21,0,477.00,498.46,465.07
2025-10-20 02:05:01,SELL_SIGNAL,KRW-MIRA,476.00,0,0,hold,보유중 (-0.21%),0,0,0,0,0,0,0,-0.21,0,477.00,498.46,465.07
2025-10-20 02:05:02,SELL_SIGNAL,KRW-MIRA,476.50,0,0,hold,보유중 (-0.10%),0,0,0,0,0,0,0,-0.10,0,477.00,498.46,465.07
2025-10-20 02:05:10,SELL_SIGNAL,KRW-MIRA,476.50,0,0,hold,보유중 (-0.10%),0,0,0,0,0,0,0,-0.10,0,477.00,498.46,465.07
2025-10-20 02:05:14,SELL_SIGNAL,KRW-MIRA,477.00,0,0,hold,보유중 (+0.00%),0,0,0,0,0,0,0,+0.00,0,477.00,498.46,465.07
2025-10-20 02:05:21,SELL_SIGNAL,KRW-MIRA,477.00,0,0,hold,보유중 (+0.00%),0,0,0,0,0,0,0,+0.00,0,477.00,498.46,465.07
2025-10-20 02:05:26,SELL_SIGNAL,KRW-MIRA,477.00,0,0,hold,보유중 (+0.00%),0,0,0,0,0,0,0,+0.00,0,477.00,498.46,465.07
2025-10-20 02:05:31,SELL_SIGNAL,KRW-MIRA,477.50,0,0,hold,보유중 (+0.10%),0,0,0,0,0,0,0,+0.10,0,477.00,498.46,465.07
2025-10-20 02:05:36,SELL_SIGNAL,KRW-MIRA,478.50,0,0,hold,보유중 (+0.31%),0,0,0,0,0,0,0,+0.31,0,477.00,498.46,465.07
2025-10-20 02:05:42,SELL_SIGNAL,KRW-MIRA,478.50,0,0,hold,보유중 (+0.31%),0,0,0,0,0,0,0,+0.31,0,477.00,498.46,465.07
2025-10-20 02:05:47,SELL_SIGNAL,KRW-MIRA,478.50,0,0,hold,보유중 (+0.31%),0,0,0,0,0,0,0,+0.31,0,477.00,498.46,465.07
2025-10-20 02:05:52,SELL_SIGNAL,KRW-MIRA,478.50,0,0,hold,보유중 (+0.31%),0,0,0,0,0,0,0,+0.31,0,477.00,498.46,465.07
2025-10-20 02:05:57,SELL_SIGNAL,KRW-MIRA,478.50,0,0,hold,보유중 (+0.31%),0,0,0,0,0,0,0,+0.31,0,477.00,498.46,465.07
2025-10-20 02:06:07,SELL_SIGNAL,KRW-MIRA,478.50,0,0,hold,보유중 (+0.31%),0,0,0,0,0,0,0,+0.31,0,477.00,498.46,465.07
2025-10-20 02:06:12,SELL_SIGNAL,KRW-MIRA,478.50,0,0,hold,보유중 (+0.31%),0,0,0,0,0,0,0,+0.31,0,477.00,498.46,465.07
2025-10-20 02:06:17,SELL_SIGNAL,KRW-MIRA,478.50,0,0,hold,보유중 (+0.31%),0,0,0,0,0,0,0,+0.31,0,477.00,498.46,465.07
2025-10-20 02:06:23,SELL_SIGNAL,KRW-MIRA,478.50,0,0,hold,보유중 (+0.31%),0,0,0,0,0,0,0,+0.31,0,477.00,498.46,465.07
2025-10-20 02:06:28,SELL_SIGNAL,KRW-MIRA,478.50,0,0,hold,보유중 (+0.31%),0,0,0,0,0,0,0,+0.31,0,477.00,498.46,465.07
2025-10-20 02:06:33,SELL_SIGNAL,KRW-MIRA,478.50,0,0,hold,보유중 (+0.31%),0,0,0,0,0,0,0,+0.31,0,477.00,498.46,465.07
2025-10-20 02:06:38,SELL_SIGNAL,KRW-MIRA,478.50,0,0,hold,보유중 (+0.31%),0,0,0,0,0,0,0,+0.31,0,477.00,498.46,465.07
2025-10-20 02:06:43,SELL_SIGNAL,KRW-MIRA,478.50,0,0,hold,보유중 (+0.31%),0,0,0,0,0,0,0,+0.31,0,477.00,498.46,465.07
2025-10-20 02:06:48,SELL_SIGNAL,KRW-MIRA,478.50,0,0,hold,보유중 (+0.31%),0,0,0,0,0,0,0,+0.31,0,477.00,498.46,465.07
2025-10-20 02:06:53,SELL_SIGNAL,KRW-MIRA,478.50,0,0,hold,보유중 (+0.31%),0,0,0,0,0,0,0,+0.31,0,477.00,498.46,465.07
2025-10-20 02:06:58,SELL_SIGNAL,KRW-MIRA,478.50,0,0,hold,보유중 (+0.31%),0,0,0,0,0,0,0,+0.31,0,477.00,498.46,465.07
2025-10-20 02:07:04,SELL_SIGNAL,KRW-MIRA,478.50,0,0,hold,보유중 (+0.31%),0,0,0,0,0,0,0,+0.31,0,477.00,498.46,465.07
2025-10-20 02:07:09,SELL_SIGNAL,KRW-MIRA,478.50,0,0,hold,보유중 (+0.31%),0,0,0,0,0,0,0,+0.31,0,477.00,498.46,465.07
2025-10-20 02:07:14,SELL_SIGNAL,KRW-MIRA,478.50,0,0,hold,보유중 (+0.31%),0,0,0,0,0,0,0,+0.31,0,477.00,498.46,465.07
2025-10-20 02:07:20,SELL_SIGNAL,KRW-MIRA,478.50,0,0,hold,보유중 (+0.31%),0,0,0,0,0,0,0,+0.31,0,477.00,498.46,465.07
2025-10-20 02:07:30,SELL_SIGNAL,KRW-MIRA,478.50,0,0,hold,보유중 (+0.31%),0,0,0,0,0,0,0,+0.31,0,477.00,498.46,465.07
2025-10-20 02:07:35,SELL_SIGNAL,KRW-MIRA,478.50,0,0,hold,보유중 (+0.31%),0,0,0,0,0,0,0,+0.31,0,477.00,498.46,465.07
2025-10-20 02:07:37,SELL_SIGNAL,KRW-MIRA,479.00,0,0,hold,보유중 (+0.42%),0,0,0,0,0,0,0,+0.42,0,477.00,498.46,465.07
2025-10-20 02:07:38,SELL_SIGNAL,KRW-MIRA,479.50,0,0,hold,보유중 (+0.52%),0,0,0,0,0,0,0,+0.52,0,477.00,498.46,476.62
2025-10-20 02:07:39,SELL_SIGNAL,KRW-MIRA,480.00,0,0,hold,보유중 (+0.63%),0,0,0,0,0,0,0,+0.63,0,477.00,498.46,477.12
2025-10-20 02:07:45,SELL_SIGNAL,KRW-MIRA,480.00,0,0,hold,보유중 (+0.63%),0,0,0,0,0,0,0,+0.63,0,477.00,498.46,477.12
2025-10-20 02:07:50,SELL_SIGNAL,KRW-MIRA,480.00,0,0,hold,보유중 (+0.63%),0,0,0,0,0,0,0,+0.63,0,477.00,498.46,477.12
2025-10-20 02:07:55,SELL_SIGNAL,KRW-MIRA,480.00,0,0,hold,보유중 (+0.63%),0,0,0,0,0,0,0,+0.63,0,477.00,498.46,477.12
2025-10-20 02:08:05,SELL_SIGNAL,KRW-MIRA,480.00,0,0,hold,보유중 (+0.63%),0,0,0,0,0,0,0,+0.63,0,477.00,498.46,477.12
2025-10-20 02:08:10,SELL_SIGNAL,KRW-MIRA,480.00,0,0,hold,보유중 (+0.63%),0,0,0,0,0,0,0,+0.63,0,477.00,498.46,477.12
2025-10-20 02:08:14,SELL_SIGNAL,KRW-MIRA,479.00,0,0,hold,보유중 (+0.42%),0,0,0,0,0,0,0,+0.42,0,477.00,498.46,477.12
2025-10-20 02:08:21,SELL_SIGNAL,KRW-MIRA,479.50,0,0,hold,보유중 (+0.52%),0,0,0,0,0,0,0,+0.52,0,477.00,498.46,477.12
2025-10-20 02:08:26,SELL_SIGNAL,KRW-MIRA,480.00,0,0,hold,보유중 (+0.63%),0,0,0,0,0,0,0,+0.63,0,477.00,498.46,477.12
2025-10-20 02:08:31,SELL_SIGNAL,KRW-MIRA,479.50,0,0,hold,보유중 (+0.52%),0,0,0,0,0,0,0,+0.52,0,477.00,498.46,477.12
2025-10-20 02:08:41,SELL_SIGNAL,KRW-MIRA,479.50,0,0,hold,보유중 (+0.52%),0,0,0,0,0,0,0,+0.52,0,477.00,498.46,477.12
2025-10-20 02:08:46,SELL_SIGNAL,KRW-MIRA,479.50,0,0,hold,보유중 (+0.52%),0,0,0,0,0,0,0,+0.52,0,477.00,498.46,477.12
2025-10-20 02:08:51,SELL_SIGNAL,KRW-MIRA,479.50,0,0,hold,보유중 (+0.52%),0,0,0,0,0,0,0,+0.52,0,477.00,498.46,477.12
2025-10-20 02:08:56,SELL_SIGNAL,KRW-MIRA,479.50,0,0,hold,보유중 (+0.52%),0,0,0,0,0,0,0,+0.52,0,477.00,498.46,477.12
2025-10-20 02:09:02,SELL_SIGNAL,KRW-MIRA,479.50,0,0,hold,보유중 (+0.52%),0,0,0,0,0,0,0,+0.52,0,477.00,498.46,477.12
2025-10-20 02:09:07,SELL_SIGNAL,KRW-MIRA,479.50,0,0,hold,보유중 (+0.52%),0,0,0,0,0,0,0,+0.52,0,477.00,498.46,477.12
2025-10-20 02:09:12,SELL_SIGNAL,KRW-MIRA,479.50,0,0,hold,보유중 (+0.52%),0,0,0,0,0,0,0,+0.52,0,477.00,498.46,477.12
2025-10-20 02:09:17,SELL_SIGNAL,KRW-MIRA,479.50,0,0,hold,보유중 (+0.52%),0,0,0,0,0,0,0,+0.52,0,477.00,498.46,477.12
2025-10-20 02:09:22,SELL_SIGNAL,KRW-MIRA,479.50,0,0,hold,보유중 (+0.52%),0,0,0,0,0,0,0,+0.52,0,477.00,498.46,477.12
2025-10-20 02:09:33,SELL_SIGNAL,KRW-MIRA,479.50,0,0,hold,보유중 (+0.52%),0,0,0,0,0,0,0,+0.52,0,477.00,498.46,477.12
2025-10-20 02:09:38,SELL_SIGNAL,KRW-MIRA,479.50,0,0,hold,보유중 (+0.52%),0,0,0,0,0,0,0,+0.52,0,477.00,498.46,477.12
2025-10-20 02:09:43,SELL_SIGNAL,KRW-MIRA,479.50,0,0,hold,보유중 (+0.52%),0,0,0,0,0,0,0,+0.52,0,477.00,498.46,477.12
2025-10-20 02:09:48,SELL_SIGNAL,KRW-MIRA,479.50,0,0,hold,보유중 (+0.52%),0,0,0,0,0,0,0,+0.52,0,477.00,498.46,477.12
2025-10-20 02:09:53,SELL_SIGNAL,KRW-MIRA,479.50,0,0,hold,보유중 (+0.52%),0,0,0,0,0,0,0,+0.52,0,477.00,498.46,477.12
2025-10-20 02:10:00,SELL_SIGNAL,KRW-MIRA,478.50,0,0,hold,보유중 (+0.31%),0,0,0,0,0,0,0,+0.31,0,477.00,498.46,477.12
2025-10-20 02:10:05,SELL_SIGNAL,KRW-MIRA,478.50,0,0,hold,보유중 (+0.31%),0,0,0,0,0,0,0,+0.31,0,477.00,498.46,477.12
2025-10-20 02:10:10,SELL_SIGNAL,KRW-MIRA,479.00,0,0,hold,보유중 (+0.42%),0,0,0,0,0,0,0,+0.42,0,477.00,498.46,477.12
2025-10-20 02:10:19,SELL_SIGNAL,KRW-MIRA,479.00,0,0,hold,보유중 (+0.42%),0,0,0,0,0,0,0,+0.42,0,477.00,498.46,477.12
2025-10-20 02:10:25,SELL_SIGNAL,KRW-MIRA,479.00,0,0,hold,보유중 (+0.42%),0,0,0,0,0,0,0,+0.42,0,477.00,498.46,477.12
2025-10-20 02:10:30,SELL_SIGNAL,KRW-MIRA,479.50,0,0,hold,보유중 (+0.52%),0,0,0,0,0,0,0,+0.52,0,477.00,498.46,477.12
2025-10-20 02:10:35,SELL_SIGNAL,KRW-MIRA,479.50,0,0,hold,보유중 (+0.52%),0,0,0,0,0,0,0,+0.52,0,477.00,498.46,477.12
2025-10-20 02:10:40,SELL_SIGNAL,KRW-MIRA,479.50,0,0,hold,보유중 (+0.52%),0,0,0,0,0,0,0,+0.52,0,477.00,498.46,477.12
2025-10-20 02:10:45,SELL_SIGNAL,KRW-MIRA,479.00,0,0,hold,보유중 (+0.42%),0,0,0,0,0,0,0,+0.42,0,477.00,498.46,477.12
2025-10-20 02:10:50,SELL_SIGNAL,KRW-MIRA,479.00,0,0,hold,보유중 (+0.42%),0,0,0,0,0,0,0,+0.42,0,477.00,498.46,477.12
2025-10-20 02:10:55,SELL_SIGNAL,KRW-MIRA,478.50,0,0,hold,보유중 (+0.31%),0,0,0,0,0,0,0,+0.31,0,477.00,498.46,477.12
2025-10-20 02:11:00,SELL_SIGNAL,KRW-MIRA,478.50,0,0,hold,보유중 (+0.31%),0,0,0,0,0,0,0,+0.31,0,477.00,498.46,477.12
2025-10-20 02:11:05,SELL_SIGNAL,KRW-MIRA,478.50,0,0,hold,보유중 (+0.31%),0,0,0,0,0,0,0,+0.31,0,477.00,498.46,477.12
2025-10-20 02:11:10,SELL_SIGNAL,KRW-MIRA,478.50,0,0,hold,보유중 (+0.31%),0,0,0,0,0,0,0,+0.31,0,477.00,498.46,477.12
2025-10-20 02:11:15,SELL_SIGNAL,KRW-MIRA,478.50,0,0,hold,보유중 (+0.31%),0,0,0,0,0,0,0,+0.31,0,477.00,498.46,477.12
2025-10-20 02:11:21,SELL_SIGNAL,KRW-MIRA,478.50,0,0,hold,보유중 (+0.31%),0,0,0,0,0,0,0,+0.31,0,477.00,498.46,477.12
2025-10-20 02:11:24,SELL_SIGNAL,KRW-MIRA,479.50,0,0,hold,보유중 (+0.52%),0,0,0,0,0,0,0,+0.52,0,477.00,498.46,477.12
2025-10-20 02:11:31,SELL_SIGNAL,KRW-MIRA,479.50,0,0,hold,보유중 (+0.52%),0,0,0,0,0,0,0,+0.52,0,477.00,498.46,477.12
2025-10-20 02:11:36,SELL_SIGNAL,KRW-MIRA,479.50,0,0,hold,보유중 (+0.52%),0,0,0,0,0,0,0,+0.52,0,477.00,498.46,477.12
2025-10-20 02:11:42,SELL_SIGNAL,KRW-MIRA,479.00,0,0,hold,보유중 (+0.42%),0,0,0,0,0,0,0,+0.42,0,477.00,498.46,477.12
2025-10-20 02:11:47,SELL_SIGNAL,KRW-MIRA,479.00,0,0,hold,보유중 (+0.42%),0,0,0,0,0,0,0,+0.42,0,477.00,498.46,477.12
2025-10-20 02:11:53,SELL_SIGNAL,KRW-MIRA,479.00,0,0,hold,보유중 (+0.42%),0,0,0,0,0,0,0,+0.42,0,477.00,498.46,477.12
2025-10-20 02:11:54,SELL_SIGNAL,KRW-MIRA,478.50,0,0,hold,보유중 (+0.31%),0,0,0,0,0,0,0,+0.31,0,477.00,498.46,477.12
2025-10-20 02:12:03,SELL_SIGNAL,KRW-MIRA,478.50,0,0,hold,보유중 (+0.31%),0,0,0,0,0,0,0,+0.31,0,477.00,498.46,477.12
2025-10-20 02:12:08,SELL_SIGNAL,KRW-MIRA,478.50,0,0,hold,보유중 (+0.31%),0,0,0,0,0,0,0,+0.31,0,477.00,498.46,477.12
2025-10-20 02:12:13,SELL_SIGNAL,KRW-MIRA,478.50,0,0,hold,보유중 (+0.31%),0,0,0,0,0,0,0,+0.31,0,477.00,498.46,477.12
2025-10-20 02:12:18,SELL_SIGNAL,KRW-MIRA,478.50,0,0,hold,보유중 (+0.31%),0,0,0,0,0,0,0,+0.31,0,477.00,498.46,477.12
2025-10-20 02:12:23,SELL_SIGNAL,KRW-MIRA,478.00,0,0,hold,보유중 (+0.21%),0,0,0,0,0,0,0,+0.21,0,477.00,498.46,477.12
2025-10-20 02:12:28,SELL_SIGNAL,KRW-MIRA,477.50,0,0,hold,보유중 (+0.10%),0,0,0,0,0,0,0,+0.10,0,477.00,498.46,477.12
2025-10-20 02:12:33,SELL_SIGNAL,KRW-MIRA,477.50,0,0,hold,보유중 (+0.10%),0,0,0,0,0,0,0,+0.10,0,477.00,498.46,477.12
2025-10-20 02:12:39,SELL_SIGNAL,KRW-MIRA,477.50,0,0,hold,보유중 (+0.10%),0,0,0,0,0,0,0,+0.10,0,477.00,498.46,477.12
2025-10-20 02:12:44,SELL_SIGNAL,KRW-MIRA,477.50,0,0,hold,보유중 (+0.10%),0,0,0,0,0,0,0,+0.10,0,477.00,498.46,477.12
2025-10-20 02:12:49,SELL_SIGNAL,KRW-MIRA,477.50,0,0,hold,보유중 (+0.10%),0,0,0,0,0,0,0,+0.10,0,477.00,498.46,477.12
2025-10-20 02:12:54,SELL_SIGNAL,KRW-MIRA,477.50,0,0,hold,보유중 (+0.10%),0,0,0,0,0,0,0,+0.10,0,477.00,498.46,477.12
2025-10-20 02:12:59,SELL_SIGNAL,KRW-MIRA,477.50,0,0,hold,보유중 (+0.10%),0,0,0,0,0,0,0,+0.10,0,477.00,498.46,477.12
2025-10-20 02:13:04,SELL_SIGNAL,KRW-MIRA,477.50,0,0,hold,보유중 (+0.10%),0,0,0,0,0,0,0,+0.10,0,477.00,498.46,477.12
2025-10-20 02:13:10,SELL_SIGNAL,KRW-MIRA,477.50,0,0,hold,보유중 (+0.10%),0,0,0,0,0,0,0,+0.10,0,477.00,498.46,477.12
2025-10-20 02:13:15,SELL_SIGNAL,KRW-MIRA,477.50,0,0,hold,보유중 (+0.10%),0,0,0,0,0,0,0,+0.10,0,477.00,498.46,477.12
2025-10-20 02:13:20,SELL_SIGNAL,KRW-MIRA,477.50,0,0,hold,보유중 (+0.10%),0,0,0,0,0,0,0,+0.10,0,477.00,498.46,477.12
2025-10-20 02:13:26,SELL_SIGNAL,KRW-MIRA,477.50,0,0,hold,보유중 (+0.10%),0,0,0,0,0,0,0,+0.10,0,477.00,498.46,477.12
2025-10-20 02:13:31,SELL_SIGNAL,KRW-MIRA,477.50,0,0,hold,보유중 (+0.10%),0,0,0,0,0,0,0,+0.10,0,477.00,498.46,477.12
2025-10-20 02:13:36,SELL_SIGNAL,KRW-MIRA,477.50,0,0,hold,보유중 (+0.10%),0,0,0,0,0,0,0,+0.10,0,477.00,498.46,477.12
2025-10-20 02:13:42,SELL_SIGNAL,KRW-MIRA,477.50,0,0,hold,보유중 (+0.10%),0,0,0,0,0,0,0,+0.10,0,477.00,498.46,477.12
2025-10-20 02:13:47,SELL_SIGNAL,KRW-MIRA,477.50,0,0,hold,보유중 (+0.10%),0,0,0,0,0,0,0,+0.10,0,477.00,498.46,477.12
2025-10-20 02:13:52,SELL_SIGNAL,KRW-MIRA,477.50,0,0,hold,보유중 (+0.10%),0,0,0,0,0,0,0,+0.10,0,477.00,498.46,477.12
2025-10-20 02:13:57,SELL_SIGNAL,KRW-MIRA,477.50,0,0,hold,보유중 (+0.10%),0,0,0,0,0,0,0,+0.10,0,477.00,498.46,477.12
2025-10-20 02:14:02,SELL_SIGNAL,KRW-MIRA,477.50,0,0,hold,보유중 (+0.10%),0,0,0,0,0,0,0,+0.10,0,477.00,498.46,477.12
2025-10-20 02:14:07,SELL_SIGNAL,KRW-MIRA,477.50,0,0,hold,보유중 (+0.10%),0,0,0,0,0,0,0,+0.10,0,477.00,498.46,477.12
2025-10-20 02:14:12,SELL_SIGNAL,KRW-MIRA,477.50,0,0,hold,보유중 (+0.10%),0,0,0,0,0,0,0,+0.10,0,477.00,498.46,477.12
2025-10-20 02:14:19,BUY_ATTEMPT,KRW-ENA,764.00,0,65529,fast_spike,FAST_SPIKE,0,0,0,0,0
2025-10-20 02:14:21,SELL_SIGNAL,KRW-ENA,763.50,0,0,hold,보유중 (-0.07%),0,0,0,0,0,0,0,-0.07,0,764.00,798.38,744.90
2025-10-20 02:14:27,SELL_SIGNAL,KRW-ENA,763.50,0,0,hold,보유중 (-0.07%),0,0,0,0,0,0,0,-0.07,0,764.00,798.38,744.90
2025-10-20 02:14:37,SELL_SIGNAL,KRW-ENA,763.50,0,0,hold,보유중 (-0.07%),0,0,0,0,0,0,0,-0.07,0,764.00,798.38,744.90
2025-10-20 02:14:42,SELL_SIGNAL,KRW-ENA,763.50,0,0,hold,보유중 (-0.07%),0,0,0,0,0,0,0,-0.07,0,764.00,798.38,744.90
2025-10-20 02:14:47,SELL_SIGNAL,KRW-ENA,763.50,0,0,hold,보유중 (-0.07%),0,0,0,0,0,0,0,-0.07,0,764.00,798.38,744.90
2025-10-20 02:14:52,SELL_SIGNAL,KRW-ENA,763.50,0,0,hold,보유중 (-0.07%),0,0,0,0,0,0,0,-0.07,0,764.00,798.38,744.90
2025-10-20 02:14:57,SELL_SIGNAL,KRW-ENA,763.50,0,0,hold,보유중 (-0.07%),0,0,0,0,0,0,0,-0.07,0,764.00,798.38,744.90
2025-10-20 02:15:02,SELL_SIGNAL,KRW-ENA,763.50,0,0,hold,보유중 (-0.07%),0,0,0,0,0,0,0,-0.07,0,764.00,798.38,744.90
2025-10-20 02:15:08,SELL_SIGNAL,KRW-ENA,763.50,0,0,hold,보유중 (-0.07%),0,0,0,0,0,0,0,-0.07,0,764.00,798.38,744.90
2025-10-20 02:15:13,SELL_SIGNAL,KRW-ENA,764.50,0,0,hold,보유중 (+0.07%),0,0,0,0,0,0,0,+0.07,0,764.00,798.38,744.90
2025-10-20 02:15:18,SELL_SIGNAL,KRW-ENA,764.50,0,0,hold,보유중 (+0.07%),0,0,0,0,0,0,0,+0.07,0,764.00,798.38,744.90
2025-10-20 02:15:23,SELL_SIGNAL,KRW-ENA,764.50,0,0,hold,보유중 (+0.07%),0,0,0,0,0,0,0,+0.07,0,764.00,798.38,744.90
2025-10-20 02:15:28,SELL_SIGNAL,KRW-ENA,764.50,0,0,hold,보유중 (+0.07%),0,0,0,0,0,0,0,+0.07,0,764.00,798.38,744.90
2025-10-20 02:15:39,SELL_SIGNAL,KRW-ENA,764.50,0,0,hold,보유중 (+0.07%),0,0,0,0,0,0,0,+0.07,0,764.00,798.38,744.90
2025-10-20 02:15:44,SELL_SIGNAL,KRW-ENA,765.50,0,0,hold,보유중 (+0.20%),0,0,0,0,0,0,0,+0.20,0,764.00,798.38,744.90
2025-10-20 02:15:49,SELL_SIGNAL,KRW-ENA,765.00,0,0,hold,보유중 (+0.13%),0,0,0,0,0,0,0,+0.13,0,764.00,798.38,744.90
2025-10-20 02:15:54,SELL_SIGNAL,KRW-ENA,765.00,0,0,hold,보유중 (+0.13%),0,0,0,0,0,0,0,+0.13,0,764.00,798.38,744.90
2025-10-20 02:15:59,SELL_SIGNAL,KRW-ENA,765.00,0,0,hold,보유중 (+0.13%),0,0,0,0,0,0,0,+0.13,0,764.00,798.38,744.90
2025-10-20 02:16:03,SELL_SIGNAL,KRW-ENA,765.50,0,0,hold,보유중 (+0.20%),0,0,0,0,0,0,0,+0.20,0,764.00,798.38,744.90
2025-10-20 02:16:09,SELL_SIGNAL,KRW-ENA,765.00,0,0,hold,보유중 (+0.13%),0,0,0,0,0,0,0,+0.13,0,764.00,798.38,744.90
2025-10-20 02:16:14,SELL_SIGNAL,KRW-ENA,764.50,0,0,hold,보유중 (+0.07%),0,0,0,0,0,0,0,+0.07,0,764.00,798.38,744.90
2025-10-20 02:16:19,SELL_SIGNAL,KRW-ENA,764.50,0,0,hold,보유중 (+0.07%),0,0,0,0,0,0,0,+0.07,0,764.00,798.38,744.90
2025-10-20 02:16:24,SELL_SIGNAL,KRW-ENA,764.50,0,0,hold,보유중 (+0.07%),0,0,0,0,0,0,0,+0.07,0,764.00,798.38,744.90
2025-10-20 02:16:29,SELL_SIGNAL,KRW-ENA,764.50,0,0,hold,보유중 (+0.07%),0,0,0,0,0,0,0,+0.07,0,764.00,798.38,744.90
2025-10-20 02:16:34,SELL_SIGNAL,KRW-ENA,764.50,0,0,hold,보유중 (+0.07%),0,0,0,0,0,0,0,+0.07,0,764.00,798.38,744.90
2025-10-20 02:16:42,SELL_SIGNAL,KRW-ENA,764.50,0,0,hold,보유중 (+0.07%),0,0,0,0,0,0,0,+0.07,0,764.00,798.38,744.90
2025-10-20 02:16:50,SELL_SIGNAL,KRW-ENA,764.50,0,0,hold,보유중 (+0.07%),0,0,0,0,0,0,0,+0.07,0,764.00,798.38,744.90
2025-10-20 02:16:55,SELL_SIGNAL,KRW-ENA,764.50,0,0,hold,보유중 (+0.07%),0,0,0,0,0,0,0,+0.07,0,764.00,798.38,744.90
2025-10-20 02:17:02,SELL_SIGNAL,KRW-ENA,764.50,0,0,hold,보유중 (+0.07%),0,0,0,0,0,0,0,+0.07,0,764.00,798.38,744.90
2025-10-20 02:17:09,SELL_SIGNAL,KRW-ENA,764.50,0,0,hold,보유중 (+0.07%),0,0,0,0,0,0,0,+0.07,0,764.00,798.38,744.90
2025-10-20 02:17:15,SELL_SIGNAL,KRW-ENA,764.50,0,0,hold,보유중 (+0.07%),0,0,0,0,0,0,0,+0.07,0,764.00,798.38,744.90
2025-10-20 02:17:20,SELL_SIGNAL,KRW-ENA,764.50,0,0,hold,보유중 (+0.07%),0,0,0,0,0,0,0,+0.07,0,764.00,798.38,744.90
2025-10-20 02:17:25,SELL_SIGNAL,KRW-ENA,764.50,0,0,hold,보유중 (+0.07%),0,0,0,0,0,0,0,+0.07,0,764.00,798.38,744.90
2025-10-20 02:17:30,SELL_SIGNAL,KRW-ENA,764.50,0,0,hold,보유중 (+0.07%),0,0,0,0,0,0,0,+0.07,0,764.00,798.38,744.90
2025-10-20 02:17:35,SELL_SIGNAL,KRW-ENA,764.50,0,0,hold,보유중 (+0.07%),0,0,0,0,0,0,0,+0.07,0,764.00,798.38,744.90
2025-10-20 02:17:41,SELL_SIGNAL,KRW-ENA,764.50,0,0,hold,보유중 (+0.07%),0,0,0,0,0,0,0,+0.07,0,764.00,798.38,744.90
2025-10-20 02:17:47,SELL_SIGNAL,KRW-ENA,764.50,0,0,hold,보유중 (+0.07%),0,0,0,0,0,0,0,+0.07,0,764.00,798.38,744.90
2025-10-20 02:17:50,SELL_SIGNAL,KRW-ENA,764.00,0,0,hold,보유중 (-0.00%),0,0,0,0,0,0,0,-0.00,0,764.00,798.38,744.90
2025-10-20 02:17:57,SELL_SIGNAL,KRW-ENA,763.50,0,0,hold,보유중 (-0.07%),0,0,0,0,0,0,0,-0.07,0,764.00,798.38,744.90
2025-10-20 02:18:02,SELL_SIGNAL,KRW-ENA,763.50,0,0,hold,보유중 (-0.07%),0,0,0,0,0,0,0,-0.07,0,764.00,798.38,744.90
2025-10-20 02:18:06,SELL_SIGNAL,KRW-ENA,763.00,0,0,hold,보유중 (-0.13%),0,0,0,0,0,0,0,-0.13,0,764.00,798.38,744.90
2025-10-20 02:18:12,SELL_SIGNAL,KRW-ENA,763.00,0,0,hold,보유중 (-0.13%),0,0,0,0,0,0,0,-0.13,0,764.00,798.38,744.90
2025-10-20 02:18:17,SELL_SIGNAL,KRW-ENA,763.50,0,0,hold,보유중 (-0.07%),0,0,0,0,0,0,0,-0.07,0,764.00,798.38,744.90
2025-10-20 02:18:18,SELL_SIGNAL,KRW-ENA,762.50,0,0,hold,보유중 (-0.20%),0,0,0,0,0,0,0,-0.20,0,764.00,798.38,744.90
2025-10-20 02:18:22,SELL_SIGNAL,KRW-ENA,761.50,0,0,hold,보유중 (-0.33%),0,0,0,0,0,0,0,-0.33,0,764.00,798.38,744.90
2025-10-20 02:18:23,SELL_SIGNAL,KRW-ENA,762.00,0,0,hold,보유중 (-0.26%),0,0,0,0,0,0,0,-0.26,0,764.00,798.38,744.90
2025-10-20 02:18:27,SELL_SIGNAL,KRW-ENA,761.50,0,0,hold,보유중 (-0.33%),0,0,0,0,0,0,0,-0.33,0,764.00,798.38,744.90
2025-10-20 02:18:33,SELL_SIGNAL,KRW-ENA,761.50,0,0,hold,보유중 (-0.33%),0,0,0,0,0,0,0,-0.33,0,764.00,798.38,744.90
2025-10-20 02:18:38,SELL_SIGNAL,KRW-ENA,761.50,0,0,hold,보유중 (-0.33%),0,0,0,0,0,0,0,-0.33,0,764.00,798.38,744.90
2025-10-20 02:18:44,SELL_SIGNAL,KRW-ENA,761.50,0,0,hold,보유중 (-0.33%),0,0,0,0,0,0,0,-0.33,0,764.00,798.38,744.90
2025-10-20 02:18:49,SELL_SIGNAL,KRW-ENA,761.50,0,0,hold,보유중 (-0.33%),0,0,0,0,0,0,0,-0.33,0,764.00,798.38,744.90
2025-10-20 02:18:52,SELL_SIGNAL,KRW-ENA,760.50,0,0,hold,보유중 (-0.46%),0,0,0,0,0,0,0,-0.46,0,764.00,798.38,744.90
2025-10-20 02:18:56,SELL_SIGNAL,KRW-ENA,761.50,0,0,hold,보유중 (-0.33%),0,0,0,0,0,0,0,-0.33,0,764.00,798.38,744.90
2025-10-20 02:18:57,SELL_SIGNAL,KRW-ENA,760.50,0,0,hold,보유중 (-0.46%),0,0,0,0,0,0,0,-0.46,0,764.00,798.38,744.90
2025-10-20 02:19:04,SELL_SIGNAL,KRW-ENA,760.50,0,0,hold,보유중 (-0.46%),0,0,0,0,0,0,0,-0.46,0,764.00,798.38,744.90
2025-10-20 02:19:04,SELL_SIGNAL,KRW-ENA,759.50,0,0,hold,보유중 (-0.59%),0,0,0,0,0,0,0,-0.59,0,764.00,798.38,744.90
2025-10-20 02:19:11,SELL_SIGNAL,KRW-ENA,760.50,0,0,hold,보유중 (-0.46%),0,0,0,0,0,0,0,-0.46,0,764.00,798.38,744.90
2025-10-20 02:19:17,SELL_SIGNAL,KRW-ENA,760.00,0,0,hold,보유중 (-0.52%),0,0,0,0,0,0,0,-0.52,0,764.00,798.38,744.90
2025-10-20 02:19:20,SELL_SIGNAL,KRW-ENA,759.50,0,0,hold,보유중 (-0.59%),0,0,0,0,0,0,0,-0.59,0,764.00,798.38,744.90
2025-10-20 02:19:22,SELL_SIGNAL,KRW-ENA,760.50,0,0,hold,보유중 (-0.46%),0,0,0,0,0,0,0,-0.46,0,764.00,798.38,744.90
2025-10-20 02:19:27,SELL_SIGNAL,KRW-ENA,761.50,0,0,hold,보유중 (-0.33%),0,0,0,0,0,0,0,-0.33,0,764.00,798.38,744.90
2025-10-20 02:19:32,SELL_SIGNAL,KRW-ENA,761.50,0,0,hold,보유중 (-0.33%),0,0,0,0,0,0,0,-0.33,0,764.00,798.38,744.90
2025-10-20 02:19:43,SELL_SIGNAL,KRW-ENA,761.50,0,0,hold,보유중 (-0.33%),0,0,0,0,0,0,0,-0.33,0,764.00,798.38,744.90
2025-10-20 02:19:48,SELL_SIGNAL,KRW-ENA,761.50,0,0,hold,보유중 (-0.33%),0,0,0,0,0,0,0,-0.33,0,764.00,798.38,744.90
2025-10-20 02:19:53,SELL_SIGNAL,KRW-ENA,761.50,0,0,hold,보유중 (-0.33%),0,0,0,0,0,0,0,-0.33,0,764.00,798.38,744.90
2025-10-20 02:19:58,SELL_SIGNAL,KRW-ENA,761.50,0,0,hold,보유중 (-0.33%),0,0,0,0,0,0,0,-0.33,0,764.00,798.38,744.90
2025-10-20 02:20:03,SELL_SIGNAL,KRW-ENA,761.50,0,0,hold,보유중 (-0.33%),0,0,0,0,0,0,0,-0.33,0,764.00,798.38,744.90
2025-10-20 02:20:09,SELL_SIGNAL,KRW-ENA,761.50,0,0,hold,보유중 (-0.33%),0,0,0,0,0,0,0,-0.33,0,764.00,798.38,744.90
2025-10-20 02:20:17,SELL_SIGNAL,KRW-ENA,761.50,0,0,hold,보유중 (-0.33%),0,0,0,0,0,0,0,-0.33,0,764.00,798.38,744.90
2025-10-20 02:20:18,SELL_SIGNAL,KRW-ENA,760.50,0,0,hold,보유중 (-0.46%),0,0,0,0,0,0,0,-0.46,0,764.00,798.38,744.90
2025-10-20 02:20:24,SELL_SIGNAL,KRW-ENA,760.50,0,0,hold,보유중 (-0.46%),0,0,0,0,0,0,0,-0.46,0,764.00,798.38,744.90
2025-10-20 02:20:29,SELL_SIGNAL,KRW-ENA,760.50,0,0,hold,보유중 (-0.46%),0,0,0,0,0,0,0,-0.46,0,764.00,798.38,744.90
2025-10-20 02:20:34,SELL_SIGNAL,KRW-ENA,760.50,0,0,hold,보유중 (-0.46%),0,0,0,0,0,0,0,-0.46,0,764.00,798.38,744.90
2025-10-20 02:20:39,SELL_SIGNAL,KRW-ENA,760.50,0,0,hold,보유중 (-0.46%),0,0,0,0,0,0,0,-0.46,0,764.00,798.38,744.90
2025-10-20 02:20:44,SELL_SIGNAL,KRW-ENA,760.50,0,0,hold,보유중 (-0.46%),0,0,0,0,0,0,0,-0.46,0,764.00,798.38,744.90
2025-10-20 02:20:50,SELL_SIGNAL,KRW-ENA,760.50,0,0,hold,보유중 (-0.46%),0,0,0,0,0,0,0,-0.46,0,764.00,798.38,744.90
2025-10-20 02:20:55,SELL_SIGNAL,KRW-ENA,760.50,0,0,hold,보유중 (-0.46%),0,0,0,0,0,0,0,-0.46,0,764.00,798.38,744.90
2025-10-20 02:21:00,SELL_SIGNAL,KRW-ENA,760.50,0,0,hold,보유중 (-0.46%),0,0,0,0,0,0,0,-0.46,0,764.00,798.38,744.90
2025-10-20 02:21:05,SELL_SIGNAL,KRW-ENA,760.50,0,0,hold,보유중 (-0.46%),0,0,0,0,0,0,0,-0.46,0,764.00,798.38,744.90
2025-10-20 02:21:08,SELL_SIGNAL,KRW-ENA,759.50,0,0,hold,보유중 (-0.59%),0,0,0,0,0,0,0,-0.59,0,764.00,798.38,744.90
2025-10-20 02:21:10,SELL_SIGNAL,KRW-ENA,760.00,0,0,hold,보유중 (-0.52%),0,0,0,0,0,0,0,-0.52,0,764.00,798.38,744.90
2025-10-20 02:21:15,SELL_SIGNAL,KRW-ENA,760.00,0,0,hold,보유중 (-0.52%),0,0,0,0,0,0,0,-0.52,0,764.00,798.38,744.90
2025-10-20 02:21:25,SELL_SIGNAL,KRW-ENA,760.00,0,0,hold,보유중 (-0.52%),0,0,0,0,0,0,0,-0.52,0,764.00,798.38,744.90
2025-10-20 02:21:27,SELL_SIGNAL,KRW-ENA,760.50,0,0,hold,보유중 (-0.46%),0,0,0,0,0,0,0,-0.46,0,764.00,798.38,744.90
2025-10-20 02:21:36,SELL_SIGNAL,KRW-ENA,761.00,0,0,hold,보유중 (-0.39%),0,0,0,0,0,0,0,-0.39,0,764.00,798.38,744.90
2025-10-20 02:21:41,SELL_SIGNAL,KRW-ENA,761.00,0,0,hold,보유중 (-0.39%),0,0,0,0,0,0,0,-0.39,0,764.00,798.38,744.90
2025-10-20 02:21:46,SELL_SIGNAL,KRW-ENA,761.00,0,0,hold,보유중 (-0.39%),0,0,0,0,0,0,0,-0.39,0,764.00,798.38,744.90
2025-10-20 02:21:51,SELL_SIGNAL,KRW-ENA,761.00,0,0,hold,보유중 (-0.39%),0,0,0,0,0,0,0,-0.39,0,764.00,798.38,744.90
2025-10-20 02:21:57,SELL_SIGNAL,KRW-ENA,761.00,0,0,hold,보유중 (-0.39%),0,0,0,0,0,0,0,-0.39,0,764.00,798.38,744.90
2025-10-20 02:22:02,SELL_SIGNAL,KRW-ENA,761.00,0,0,hold,보유중 (-0.39%),0,0,0,0,0,0,0,-0.39,0,764.00,798.38,744.90
2025-10-20 02:22:07,SELL_SIGNAL,KRW-ENA,760.50,0,0,hold,보유중 (-0.46%),0,0,0,0,0,0,0,-0.46,0,764.00,798.38,744.90
2025-10-20 02:22:12,SELL_SIGNAL,KRW-ENA,760.50,0,0,hold,보유중 (-0.46%),0,0,0,0,0,0,0,-0.46,0,764.00,798.38,744.90
2025-10-20 02:22:15,SELL_SIGNAL,KRW-ENA,761.00,0,0,hold,보유중 (-0.39%),0,0,0,0,0,0,0,-0.39,0,764.00,798.38,744.90
2025-10-20 02:22:17,SELL_SIGNAL,KRW-ENA,761.50,0,0,hold,보유중 (-0.33%),0,0,0,0,0,0,0,-0.33,0,764.00,798.38,744.90
2025-10-20 02:22:22,SELL_SIGNAL,KRW-ENA,761.50,0,0,hold,보유중 (-0.33%),0,0,0,0,0,0,0,-0.33,0,764.00,798.38,744.90
2025-10-20 02:22:29,SELL_SIGNAL,KRW-ENA,761.50,0,0,hold,보유중 (-0.33%),0,0,0,0,0,0,0,-0.33,0,764.00,798.38,744.90
2025-10-20 02:22:34,SELL_SIGNAL,KRW-ENA,761.50,0,0,hold,보유중 (-0.33%),0,0,0,0,0,0,0,-0.33,0,764.00,798.38,744.90
2025-10-20 02:22:40,SELL_SIGNAL,KRW-ENA,761.50,0,0,hold,보유중 (-0.33%),0,0,0,0,0,0,0,-0.33,0,764.00,798.38,744.90
2025-10-20 02:22:45,SELL_SIGNAL,KRW-ENA,761.50,0,0,hold,보유중 (-0.33%),0,0,0,0,0,0,0,-0.33,0,764.00,798.38,744.90
2025-10-20 02:22:50,SELL_SIGNAL,KRW-ENA,761.50,0,0,hold,보유중 (-0.33%),0,0,0,0,0,0,0,-0.33,0,764.00,798.38,744.90
2025-10-20 02:22:56,SELL_SIGNAL,KRW-ENA,761.50,0,0,hold,보유중 (-0.33%),0,0,0,0,0,0,0,-0.33,0,764.00,798.38,744.90
2025-10-20 02:23:01,SELL_SIGNAL,KRW-ENA,761.50,0,0,hold,보유중 (-0.33%),0,0,0,0,0,0,0,-0.33,0,764.00,798.38,744.90
2025-10-20 02:23:06,SELL_SIGNAL,KRW-ENA,761.50,0,0,hold,보유중 (-0.33%),0,0,0,0,0,0,0,-0.33,0,764.00,798.38,744.90
2025-10-20 02:23:11,SELL_SIGNAL,KRW-ENA,761.50,0,0,hold,보유중 (-0.33%),0,0,0,0,0,0,0,-0.33,0,764.00,798.38,744.90
2025-10-20 02:23:16,SELL_SIGNAL,KRW-ENA,761.50,0,0,hold,보유중 (-0.33%),0,0,0,0,0,0,0,-0.33,0,764.00,798.38,744.90
2025-10-20 02:23:21,SELL_SIGNAL,KRW-ENA,761.50,0,0,hold,보유중 (-0.33%),0,0,0,0,0,0,0,-0.33,0,764.00,798.38,744.90
2025-10-20 02:23:27,SELL_SIGNAL,KRW-ENA,761.50,0,0,hold,보유중 (-0.33%),0,0,0,0,0,0,0,-0.33,0,764.00,798.38,744.90
2025-10-20 02:23:32,SELL_SIGNAL,KRW-ENA,761.50,0,0,hold,보유중 (-0.33%),0,0,0,0,0,0,0,-0.33,0,764.00,798.38,744.90
2025-10-20 02:23:37,SELL_SIGNAL,KRW-ENA,760.50,0,0,hold,보유중 (-0.46%),0,0,0,0,0,0,0,-0.46,0,764.00,798.38,744.90
2025-10-20 02:23:42,SELL_SIGNAL,KRW-ENA,761.00,0,0,hold,보유중 (-0.39%),0,0,0,0,0,0,0,-0.39,0,764.00,798.38,744.90
2025-10-20 02:23:44,SELL_SIGNAL,KRW-ENA,760.50,0,0,hold,보유중 (-0.46%),0,0,0,0,0,0,0,-0.46,0,764.00,798.38,744.90
2025-10-20 02:23:53,SELL_SIGNAL,KRW-ENA,761.00,0,0,hold,보유중 (-0.39%),0,0,0,0,0,0,0,-0.39,0,764.00,798.38,744.90
2025-10-20 02:23:59,SELL_SIGNAL,KRW-ENA,761.00,0,0,hold,보유중 (-0.39%),0,0,0,0,0,0,0,-0.39,0,764.00,798.38,744.90
2025-10-20 02:24:04,SELL_SIGNAL,KRW-ENA,761.00,0,0,hold,보유중 (-0.39%),0,0,0,0,0,0,0,-0.39,0,764.00,798.38,744.90
2025-10-20 02:24:09,SELL_SIGNAL,KRW-ENA,760.50,0,0,hold,보유중 (-0.46%),0,0,0,0,0,0,0,-0.46,0,764.00,798.38,744.90
2025-10-20 02:24:14,SELL_SIGNAL,KRW-ENA,761.00,0,0,hold,보유중 (-0.39%),0,0,0,0,0,0,0,-0.39,0,764.00,798.38,744.90
2025-10-20 02:24:18,SELL_SIGNAL,KRW-ENA,760.50,0,0,hold,보유중 (-0.46%),0,0,0,0,0,0,0,-0.46,0,764.00,798.38,744.90
2025-10-20 02:24:24,SELL_SIGNAL,KRW-ENA,760.50,0,0,hold,보유중 (-0.46%),0,0,0,0,0,0,0,-0.46,0,764.00,798.38,744.90
2025-10-20 02:24:30,SELL_SIGNAL,KRW-ENA,760.50,0,0,hold,보유중 (-0.46%),0,0,0,0,0,0,0,-0.46,0,764.00,798.38,744.90
2025-10-20 02:24:33,SELL_SIGNAL,KRW-ENA,762.50,0,0,hold,보유중 (-0.20%),0,0,0,0,0,0,0,-0.20,0,764.00,798.38,744.90
2025-10-20 02:24:34,SELL_SIGNAL,KRW-ENA,760.50,0,0,hold,보유중 (-0.46%),0,0,0,0,0,0,0,-0.46,0,764.00,798.38,744.90
2025-10-20 02:24:35,SELL_SIGNAL,KRW-ENA,763.50,0,0,hold,보유중 (-0.07%),0,0,0,0,0,0,0,-0.07,0,764.00,798.38,744.90
2025-10-20 02:24:40,SELL_SIGNAL,KRW-ENA,763.00,0,0,hold,보유중 (-0.13%),0,0,0,0,0,0,0,-0.13,0,764.00,798.38,744.90
2025-10-20 02:24:43,SELL_SIGNAL,KRW-ENA,762.50,0,0,hold,보유중 (-0.20%),0,0,0,0,0,0,0,-0.20,0,764.00,798.38,744.90
2025-10-20 02:24:50,SELL_SIGNAL,KRW-ENA,762.50,0,0,hold,보유중 (-0.20%),0,0,0,0,0,0,0,-0.20,0,764.00,798.38,744.90
2025-10-20 02:24:55,SELL_SIGNAL,KRW-ENA,762.50,0,0,hold,보유중 (-0.20%),0,0,0,0,0,0,0,-0.20,0,764.00,798.38,744.90
2025-10-20 02:25:00,SELL_SIGNAL,KRW-ENA,762.00,0,0,hold,보유중 (-0.26%),0,0,0,0,0,0,0,-0.26,0,764.00,798.38,744.90
2025-10-20 02:25:02,SELL_SIGNAL,KRW-ENA,761.50,0,0,hold,보유중 (-0.33%),0,0,0,0,0,0,0,-0.33,0,764.00,798.38,744.90
2025-10-20 02:25:07,SELL_SIGNAL,KRW-ENA,761.50,0,0,hold,보유중 (-0.33%),0,0,0,0,0,0,0,-0.33,0,764.00,798.38,744.90
2025-10-20 02:25:10,SELL_SIGNAL,KRW-ENA,762.00,0,0,hold,보유중 (-0.26%),0,0,0,0,0,0,0,-0.26,0,764.00,798.38,744.90
2025-10-20 02:25:16,SELL_SIGNAL,KRW-ENA,762.00,0,0,hold,보유중 (-0.26%),0,0,0,0,0,0,0,-0.26,0,764.00,798.38,744.90
2025-10-20 02:25:22,SELL_SIGNAL,KRW-ENA,762.00,0,0,hold,보유중 (-0.26%),0,0,0,0,0,0,0,-0.26,0,764.00,798.38,744.90
2025-10-20 02:25:31,SELL_SIGNAL,KRW-ENA,761.50,0,0,hold,보유중 (-0.33%),0,0,0,0,0,0,0,-0.33,0,764.00,798.38,744.90
2025-10-20 02:25:37,SELL_SIGNAL,KRW-ENA,761.50,0,0,hold,보유중 (-0.33%),0,0,0,0,0,0,0,-0.33,0,764.00,798.38,744.90
2025-10-20 02:25:42,SELL_SIGNAL,KRW-ENA,761.50,0,0,hold,보유중 (-0.33%),0,0,0,0,0,0,0,-0.33,0,764.00,798.38,744.90
2025-10-20 02:25:48,SELL_SIGNAL,KRW-ENA,761.50,0,0,hold,보유중 (-0.33%),0,0,0,0,0,0,0,-0.33,0,764.00,798.38,744.90
2025-10-20 02:25:57,SELL_SIGNAL,KRW-ENA,761.50,0,0,hold,보유중 (-0.33%),0,0,0,0,0,0,0,-0.33,0,764.00,798.38,744.90
2025-10-20 02:26:02,SELL_SIGNAL,KRW-ENA,761.50,0,0,hold,보유중 (-0.33%),0,0,0,0,0,0,0,-0.33,0,764.00,798.38,744.90
2025-10-20 02:26:03,SELL_SIGNAL,KRW-ENA,762.50,0,0,hold,보유중 (-0.20%),0,0,0,0,0,0,0,-0.20,0,764.00,798.38,744.90
2025-10-20 02:26:08,SELL_SIGNAL,KRW-ENA,762.00,0,0,hold,보유중 (-0.26%),0,0,0,0,0,0,0,-0.26,0,764.00,798.38,744.90
2025-10-20 02:26:13,SELL_SIGNAL,KRW-ENA,762.00,0,0,hold,보유중 (-0.26%),0,0,0,0,0,0,0,-0.26,0,764.00,798.38,744.90
2025-10-20 02:26:18,SELL_SIGNAL,KRW-ENA,762.00,0,0,hold,보유중 (-0.26%),0,0,0,0,0,0,0,-0.26,0,764.00,798.38,744.90
2025-10-20 02:26:24,SELL_SIGNAL,KRW-ENA,762.00,0,0,hold,보유중 (-0.26%),0,0,0,0,0,0,0,-0.26,0,764.00,798.38,744.90
2025-10-20 02:26:29,SELL_SIGNAL,KRW-ENA,762.00,0,0,hold,보유중 (-0.26%),0,0,0,0,0,0,0,-0.26,0,764.00,798.38,744.90
2025-10-20 02:26:34,SELL_SIGNAL,KRW-ENA,762.00,0,0,hold,보유중 (-0.26%),0,0,0,0,0,0,0,-0.26,0,764.00,798.38,744.90
2025-10-20 02:26:39,SELL_SIGNAL,KRW-ENA,762.00,0,0,hold,보유중 (-0.26%),0,0,0,0,0,0,0,-0.26,0,764.00,798.38,744.90
2025-10-20 02:26:49,SELL_SIGNAL,KRW-ENA,762.00,0,0,hold,보유중 (-0.26%),0,0,0,0,0,0,0,-0.26,0,764.00,798.38,744.90
2025-10-20 02:26:54,SELL_SIGNAL,KRW-ENA,762.50,0,0,hold,보유중 (-0.20%),0,0,0,0,0,0,0,-0.20,0,764.00,798.38,744.90
2025-10-20 02:27:00,SELL_SIGNAL,KRW-ENA,762.50,0,0,hold,보유중 (-0.20%),0,0,0,0,0,0,0,-0.20,0,764.00,798.38,744.90
2025-10-20 02:27:02,SELL_SIGNAL,KRW-ENA,763.50,0,0,hold,보유중 (-0.07%),0,0,0,0,0,0,0,-0.07,0,764.00,798.38,744.90
2025-10-20 02:27:06,SELL_SIGNAL,KRW-ENA,762.50,0,0,hold,보유중 (-0.20%),0,0,0,0,0,0,0,-0.20,0,764.00,798.38,744.90
2025-10-20 02:27:11,SELL_SIGNAL,KRW-ENA,763.00,0,0,hold,보유중 (-0.13%),0,0,0,0,0,0,0,-0.13,0,764.00,798.38,744.90
2025-10-20 02:27:16,SELL_SIGNAL,KRW-ENA,763.00,0,0,hold,보유중 (-0.13%),0,0,0,0,0,0,0,-0.13,0,764.00,798.38,744.90
2025-10-20 02:27:21,SELL_SIGNAL,KRW-ENA,763.00,0,0,hold,보유중 (-0.13%),0,0,0,0,0,0,0,-0.13,0,764.00,798.38,744.90
2025-10-20 02:27:26,SELL_SIGNAL,KRW-ENA,762.50,0,0,hold,보유중 (-0.20%),0,0,0,0,0,0,0,-0.20,0,764.00,798.38,744.90
2025-10-20 02:27:32,SELL_SIGNAL,KRW-ENA,761.50,0,0,hold,보유중 (-0.33%),0,0,0,0,0,0,0,-0.33,0,764.00,798.38,744.90
2025-10-20 02:27:37,SELL_SIGNAL,KRW-ENA,761.50,0,0,hold,보유중 (-0.33%),0,0,0,0,0,0,0,-0.33,0,764.00,798.38,744.90
2025-10-20 02:27:42,SELL_SIGNAL,KRW-ENA,761.50,0,0,hold,보유중 (-0.33%),0,0,0,0,0,0,0,-0.33,0,764.00,798.38,744.90
2025-10-20 02:27:47,SELL_SIGNAL,KRW-ENA,761.50,0,0,hold,보유중 (-0.33%),0,0,0,0,0,0,0,-0.33,0,764.00,798.38,744.90
2025-10-20 02:27:52,SELL_SIGNAL,KRW-ENA,761.50,0,0,hold,보유중 (-0.33%),0,0,0,0,0,0,0,-0.33,0,764.00,798.38,744.90
2025-10-20 02:27:57,SELL_SIGNAL,KRW-ENA,761.50,0,0,hold,보유중 (-0.33%),0,0,0,0,0,0,0,-0.33,0,764.00,798.38,744.90
2025-10-20 02:28:02,SELL_SIGNAL,KRW-ENA,761.50,0,0,hold,보유중 (-0.33%),0,0,0,0,0,0,0,-0.33,0,764.00,798.38,744.90
2025-10-20 02:28:08,SELL_SIGNAL,KRW-ENA,761.50,0,0,hold,보유중 (-0.33%),0,0,0,0,0,0,0,-0.33,0,764.00,798.38,744.90
2025-10-20 02:28:13,SELL_SIGNAL,KRW-ENA,761.50,0,0,hold,보유중 (-0.33%),0,0,0,0,0,0,0,-0.33,0,764.00,798.38,744.90
2025-10-20 02:28:18,SELL_SIGNAL,KRW-ENA,761.50,0,0,hold,보유중 (-0.33%),0,0,0,0,0,0,0,-0.33,0,764.00,798.38,744.90
2025-10-20 02:28:23,SELL_SIGNAL,KRW-ENA,761.50,0,0,hold,보유중 (-0.33%),0,0,0,0,0,0,0,-0.33,0,764.00,798.38,744.90
2025-10-20 02:28:28,SELL_SIGNAL,KRW-ENA,761.50,0,0,hold,보유중 (-0.33%),0,0,0,0,0,0,0,-0.33,0,764.00,798.38,744.90
2025-10-20 02:28:33,SELL_SIGNAL,KRW-ENA,761.50,0,0,hold,보유중 (-0.33%),0,0,0,0,0,0,0,-0.33,0,764.00,798.38,744.90
2025-10-20 02:28:38,SELL_SIGNAL,KRW-ENA,761.50,0,0,hold,보유중 (-0.33%),0,0,0,0,0,0,0,-0.33,0,764.00,798.38,744.90
2025-10-20 02:28:43,SELL_SIGNAL,KRW-ENA,761.50,0,0,hold,보유중 (-0.33%),0,0,0,0,0,0,0,-0.33,0,764.00,798.38,744.90
2025-10-20 02:28:50,SELL_SIGNAL,KRW-ENA,761.50,0,0,hold,보유중 (-0.33%),0,0,0,0,0,0,0,-0.33,0,764.00,798.38,744.90
2025-10-20 02:28:55,SELL_SIGNAL,KRW-ENA,761.00,0,0,hold,보유중 (-0.39%),0,0,0,0,0,0,0,-0.39,0,764.00,798.38,744.90
2025-10-20 02:29:00,SELL_SIGNAL,KRW-ENA,761.50,0,0,hold,보유중 (-0.33%),0,0,0,0,0,0,0,-0.33,0,764.00,798.38,744.90
2025-10-20 02:29:05,SELL_SIGNAL,KRW-ENA,761.50,0,0,hold,보유중 (-0.33%),0,0,0,0,0,0,0,-0.33,0,764.00,798.38,744.90
2025-10-20 02:29:10,SELL_SIGNAL,KRW-ENA,762.00,0,0,hold,보유중 (-0.26%),0,0,0,0,0,0,0,-0.26,0,764.00,798.38,744.90
2025-10-20 02:29:16,SELL_SIGNAL,KRW-ENA,761.50,0,0,hold,보유중 (-0.33%),0,0,0,0,0,0,0,-0.33,0,764.00,798.38,744.90
2025-10-20 02:29:21,SELL_SIGNAL,KRW-ENA,761.50,0,0,hold,보유중 (-0.33%),0,0,0,0,0,0,0,-0.33,0,764.00,798.38,744.90
2025-10-20 02:29:26,SELL_SIGNAL,KRW-ENA,761.50,0,0,hold,보유중 (-0.33%),0,0,0,0,0,0,0,-0.33,0,764.00,798.38,744.90
2025-10-20 02:29:32,SELL_SIGNAL,KRW-ENA,761.50,0,0,hold,보유중 (-0.33%),0,0,0,0,0,0,0,-0.33,0,764.00,798.38,744.90
2025-10-20 02:29:37,SELL_SIGNAL,KRW-ENA,761.50,0,0,hold,보유중 (-0.33%),0,0,0,0,0,0,0,-0.33,0,764.00,798.38,744.90
2025-10-20 02:29:42,SELL_SIGNAL,KRW-ENA,761.50,0,0,hold,보유중 (-0.33%),0,0,0,0,0,0,0,-0.33,0,764.00,798.38,744.90
2025-10-20 02:29:44,SELL_SIGNAL,KRW-ENA,760.50,0,0,hold,보유중 (-0.46%),0,0,0,0,0,0,0,-0.46,0,764.00,798.38,744.90
2025-10-20 02:29:49,SELL_SIGNAL,KRW-ENA,760.50,0,0,hold,보유중 (-0.46%),0,0,0,0,0,0,0,-0.46,0,764.00,798.38,744.90
2025-10-20 02:29:52,SELL_SIGNAL,KRW-ENA,761.00,0,0,hold,보유중 (-0.39%),0,0,0,0,0,0,0,-0.39,0,764.00,798.38,744.90
2025-10-20 02:29:58,SELL_SIGNAL,KRW-ENA,761.00,0,0,hold,보유중 (-0.39%),0,0,0,0,0,0,0,-0.39,0,764.00,798.38,744.90
2025-10-20 02:30:03,SELL_SIGNAL,KRW-ENA,761.00,0,0,hold,보유중 (-0.39%),0,0,0,0,0,0,0,-0.39,0,764.00,798.38,744.90
2025-10-20 02:30:09,SELL_SIGNAL,KRW-ENA,761.00,0,0,hold,보유중 (-0.39%),0,0,0,0,0,0,0,-0.39,0,764.00,798.38,744.90
2025-10-20 02:30:12,SELL_SIGNAL,KRW-ENA,761.50,0,0,hold,보유중 (-0.33%),0,0,0,0,0,0,0,-0.33,0,764.00,798.38,744.90
2025-10-20 02:30:18,SELL_SIGNAL,KRW-ENA,761.50,0,0,hold,보유중 (-0.33%),0,0,0,0,0,0,0,-0.33,0,764.00,798.38,744.90
2025-10-20 02:30:19,SELL_SIGNAL,KRW-ENA,762.00,0,0,hold,보유중 (-0.26%),0,0,0,0,0,0,0,-0.26,0,764.00,798.38,744.90
2025-10-20 02:30:24,SELL_SIGNAL,KRW-ENA,762.00,0,0,hold,보유중 (-0.26%),0,0,0,0,0,0,0,-0.26,0,764.00,798.38,744.90
2025-10-20 02:30:29,SELL_SIGNAL,KRW-ENA,761.50,0,0,hold,보유중 (-0.33%),0,0,0,0,0,0,0,-0.33,0,764.00,798.38,744.90
2025-10-20 02:30:34,SELL_SIGNAL,KRW-ENA,761.50,0,0,hold,보유중 (-0.33%),0,0,0,0,0,0,0,-0.33,0,764.00,798.38,744.90
2025-10-20 02:30:35,SELL_SIGNAL,KRW-ENA,761.00,0,0,hold,보유중 (-0.39%),0,0,0,0,0,0,0,-0.39,0,764.00,798.38,744.90
2025-10-20 02:30:36,SELL_SIGNAL,KRW-ENA,760.50,0,0,hold,보유중 (-0.46%),0,0,0,0,0,0,0,-0.46,0,764.00,798.38,744.90
2025-10-20 02:30:44,SELL_SIGNAL,KRW-ENA,760.50,0,0,hold,보유중 (-0.46%),0,0,0,0,0,0,0,-0.46,0,764.00,798.38,744.90
2025-10-20 02:30:49,SELL_SIGNAL,KRW-ENA,760.50,0,0,hold,보유중 (-0.46%),0,0,0,0,0,0,0,-0.46,0,764.00,798.38,744.90
2025-10-20 02:30:54,SELL_SIGNAL,KRW-ENA,760.50,0,0,hold,보유중 (-0.46%),0,0,0,0,0,0,0,-0.46,0,764.00,798.38,744.90
2025-10-20 02:31:00,SELL_SIGNAL,KRW-ENA,760.50,0,0,hold,보유중 (-0.46%),0,0,0,0,0,0,0,-0.46,0,764.00,798.38,744.90
2025-10-20 02:31:03,SELL_SIGNAL,KRW-ENA,760.00,0,0,hold,보유중 (-0.52%),0,0,0,0,0,0,0,-0.52,0,764.00,798.38,744.90
2025-10-20 02:31:08,SELL_SIGNAL,KRW-ENA,759.50,0,0,hold,보유중 (-0.59%),0,0,0,0,0,0,0,-0.59,0,764.00,798.38,744.90
2025-10-20 02:31:13,SELL_SIGNAL,KRW-ENA,759.50,0,0,hold,보유중 (-0.59%),0,0,0,0,0,0,0,-0.59,0,764.00,798.38,744.90
2025-10-20 02:31:15,SELL_SIGNAL,KRW-ENA,760.00,0,0,hold,보유중 (-0.52%),0,0,0,0,0,0,0,-0.52,0,764.00,798.38,744.90
2025-10-20 02:31:17,SELL_SIGNAL,KRW-ENA,759.50,0,0,hold,보유중 (-0.59%),0,0,0,0,0,0,0,-0.59,0,764.00,798.38,744.90
2025-10-20 02:31:20,SELL_SIGNAL,KRW-ENA,760.00,0,0,hold,보유중 (-0.52%),0,0,0,0,0,0,0,-0.52,0,764.00,798.38,744.90
2025-10-20 02:31:22,SELL_SIGNAL,KRW-ENA,759.50,0,0,hold,보유중 (-0.59%),0,0,0,0,0,0,0,-0.59,0,764.00,798.38,744.90
2025-10-20 02:31:25,SELL_SIGNAL,KRW-ENA,760.00,0,0,hold,보유중 (-0.52%),0,0,0,0,0,0,0,-0.52,0,764.00,798.38,744.90
2025-10-20 02:31:30,SELL_SIGNAL,KRW-ENA,759.50,0,0,hold,보유중 (-0.59%),0,0,0,0,0,0,0,-0.59,0,764.00,798.38,744.90
2025-10-20 02:31:35,SELL_SIGNAL,KRW-ENA,760.00,0,0,hold,보유중 (-0.52%),0,0,0,0,0,0,0,-0.52,0,764.00,798.38,744.90
2025-10-20 02:31:40,SELL_SIGNAL,KRW-ENA,760.50,0,0,hold,보유중 (-0.46%),0,0,0,0,0,0,0,-0.46,0,764.00,798.38,744.90
2025-10-20 02:31:45,SELL_SIGNAL,KRW-ENA,760.50,0,0,hold,보유중 (-0.46%),0,0,0,0,0,0,0,-0.46,0,764.00,798.38,744.90
2025-10-20 02:31:50,SELL_SIGNAL,KRW-ENA,760.50,0,0,hold,보유중 (-0.46%),0,0,0,0,0,0,0,-0.46,0,764.00,798.38,744.90
2025-10-20 02:31:55,SELL_SIGNAL,KRW-ENA,760.50,0,0,hold,보유중 (-0.46%),0,0,0,0,0,0,0,-0.46,0,764.00,798.38,744.90
2025-10-20 02:32:03,SELL_SIGNAL,KRW-ENA,760.50,0,0,hold,보유중 (-0.46%),0,0,0,0,0,0,0,-0.46,0,764.00,798.38,744.90
2025-10-20 02:32:10,SELL_SIGNAL,KRW-ENA,760.50,0,0,hold,보유중 (-0.46%),0,0,0,0,0,0,0,-0.46,0,764.00,798.38,744.90
2025-10-20 02:32:15,SELL_SIGNAL,KRW-ENA,760.50,0,0,hold,보유중 (-0.46%),0,0,0,0,0,0,0,-0.46,0,764.00,798.38,744.90
2025-10-20 02:32:20,SELL_SIGNAL,KRW-ENA,760.50,0,0,hold,보유중 (-0.46%),0,0,0,0,0,0,0,-0.46,0,764.00,798.38,744.90
2025-10-20 02:32:25,SELL_SIGNAL,KRW-ENA,760.50,0,0,hold,보유중 (-0.46%),0,0,0,0,0,0,0,-0.46,0,764.00,798.38,744.90
2025-10-20 02:32:30,SELL_SIGNAL,KRW-ENA,760.50,0,0,hold,보유중 (-0.46%),0,0,0,0,0,0,0,-0.46,0,764.00,798.38,744.90
2025-10-20 02:32:35,SELL_SIGNAL,KRW-ENA,760.50,0,0,hold,보유중 (-0.46%),0,0,0,0,0,0,0,-0.46,0,764.00,798.38,744.90
2025-10-20 02:32:41,SELL_SIGNAL,KRW-ENA,760.00,0,0,hold,보유중 (-0.52%),0,0,0,0,0,0,0,-0.52,0,764.00,798.38,744.90
2025-10-20 02:32:41,SELL_SIGNAL,KRW-ENA,760.50,0,0,hold,보유중 (-0.46%),0,0,0,0,0,0,0,-0.46,0,764.00,798.38,744.90
2025-10-20 02:32:43,SELL_SIGNAL,KRW-ENA,760.00,0,0,hold,보유중 (-0.52%),0,0,0,0,0,0,0,-0.52,0,764.00,798.38,744.90
2025-10-20 02:32:46,SELL_SIGNAL,KRW-ENA,759.50,0,0,hold,보유중 (-0.59%),0,0,0,0,0,0,0,-0.59,0,764.00,798.38,744.90
2025-10-20 02:32:51,SELL_SIGNAL,KRW-ENA,759.00,0,0,hold,보유중 (-0.65%),0,0,0,0,0,0,0,-0.65,0,764.00,798.38,744.90
2025-10-20 02:32:53,SELL_SIGNAL,KRW-ENA,759.50,0,0,hold,보유중 (-0.59%),0,0,0,0,0,0,0,-0.59,0,764.00,798.38,744.90
2025-10-20 02:33:00,SELL_SIGNAL,KRW-ENA,759.00,0,0,hold,보유중 (-0.65%),0,0,0,0,0,0,0,-0.65,0,764.00,798.38,744.90
2025-10-20 02:33:07,SELL_SIGNAL,KRW-ENA,758.50,0,0,hold,보유중 (-0.72%),0,0,0,0,0,0,0,-0.72,0,764.00,798.38,744.90
2025-10-20 02:33:12,SELL_SIGNAL,KRW-ENA,758.50,0,0,hold,보유중 (-0.72%),0,0,0,0,0,0,0,-0.72,0,764.00,798.38,744.90
2025-10-20 02:33:17,SELL_SIGNAL,KRW-ENA,758.50,0,0,hold,보유중 (-0.72%),0,0,0,0,0,0,0,-0.72,0,764.00,798.38,744.90
2025-10-20 02:33:28,SELL_SIGNAL,KRW-ENA,758.50,0,0,hold,보유중 (-0.72%),0,0,0,0,0,0,0,-0.72,0,764.00,798.38,744.90
2025-10-20 02:33:38,SELL_SIGNAL,KRW-ENA,758.50,0,0,hold,보유중 (-0.72%),0,0,0,0,0,0,0,-0.72,0,764.00,798.38,744.90
2025-10-20 02:33:42,SELL_SIGNAL,KRW-ENA,759.00,0,0,hold,보유중 (-0.65%),0,0,0,0,0,0,0,-0.65,0,764.00,798.38,744.90
2025-10-20 02:33:48,SELL_SIGNAL,KRW-ENA,759.00,0,0,hold,보유중 (-0.65%),0,0,0,0,0,0,0,-0.65,0,764.00,798.38,744.90
2025-10-20 02:33:53,SELL_SIGNAL,KRW-ENA,759.00,0,0,hold,보유중 (-0.65%),0,0,0,0,0,0,0,-0.65,0,764.00,798.38,744.90
2025-10-20 02:33:58,SELL_SIGNAL,KRW-ENA,759.00,0,0,hold,보유중 (-0.65%),0,0,0,0,0,0,0,-0.65,0,764.00,798.38,744.90
2025-10-20 02:34:03,SELL_SIGNAL,KRW-ENA,759.00,0,0,hold,보유중 (-0.65%),0,0,0,0,0,0,0,-0.65,0,764.00,798.38,744.90
2025-10-20 02:34:09,SELL_SIGNAL,KRW-ENA,759.00,0,0,hold,보유중 (-0.65%),0,0,0,0,0,0,0,-0.65,0,764.00,798.38,744.90
2025-10-20 02:34:13,SELL_SIGNAL,KRW-ENA,759.50,0,0,hold,보유중 (-0.59%),0,0,0,0,0,0,0,-0.59,0,764.00,798.38,744.90
2025-10-20 02:34:19,SELL_SIGNAL,KRW-ENA,759.50,0,0,hold,보유중 (-0.59%),0,0,0,0,0,0,0,-0.59,0,764.00,798.38,744.90
2025-10-20 02:34:25,SELL_SIGNAL,KRW-ENA,759.50,0,0,hold,보유중 (-0.59%),0,0,0,0,0,0,0,-0.59,0,764.00,798.38,744.90
2025-10-20 02:34:29,SELL_SIGNAL,KRW-ENA,760.50,0,0,hold,보유중 (-0.46%),0,0,0,0,0,0,0,-0.46,0,764.00,798.38,744.90
2025-10-20 02:34:33,SELL_SIGNAL,KRW-ENA,759.50,0,0,hold,보유중 (-0.59%),0,0,0,0,0,0,0,-0.59,0,764.00,798.38,744.90
2025-10-20 02:34:40,SELL_SIGNAL,KRW-ENA,759.50,0,0,hold,보유중 (-0.59%),0,0,0,0,0,0,0,-0.59,0,764.00,798.38,744.90
2025-10-20 02:34:45,SELL_SIGNAL,KRW-ENA,759.50,0,0,hold,보유중 (-0.59%),0,0,0,0,0,0,0,-0.59,0,764.00,798.38,744.90
2025-10-20 02:34:50,SELL_SIGNAL,KRW-ENA,759.50,0,0,hold,보유중 (-0.59%),0,0,0,0,0,0,0,-0.59,0,764.00,798.38,744.90
2025-10-20 02:35:00,SELL_SIGNAL,KRW-ENA,759.50,0,0,hold,보유중 (-0.59%),0,0,0,0,0,0,0,-0.59,0,764.00,798.38,744.90
2025-10-20 02:35:05,SELL_SIGNAL,KRW-ENA,759.50,0,0,hold,보유중 (-0.59%),0,0,0,0,0,0,0,-0.59,0,764.00,798.38,744.90
2025-10-20 02:35:10,SELL_SIGNAL,KRW-ENA,759.50,0,0,hold,보유중 (-0.59%),0,0,0,0,0,0,0,-0.59,0,764.00,798.38,744.90
2025-10-20 02:35:15,SELL_SIGNAL,KRW-ENA,759.50,0,0,hold,보유중 (-0.59%),0,0,0,0,0,0,0,-0.59,0,764.00,798.38,744.90
2025-10-20 02:35:20,SELL_SIGNAL,KRW-ENA,759.50,0,0,hold,보유중 (-0.59%),0,0,0,0,0,0,0,-0.59,0,764.00,798.38,744.90
2025-10-20 02:35:26,SELL_SIGNAL,KRW-ENA,759.50,0,0,hold,보유중 (-0.59%),0,0,0,0,0,0,0,-0.59,0,764.00,798.38,744.90
2025-10-20 02:35:36,SELL_SIGNAL,KRW-ENA,759.50,0,0,hold,보유중 (-0.59%),0,0,0,0,0,0,0,-0.59,0,764.00,798.38,744.90
2025-10-20 02:35:41,SELL_SIGNAL,KRW-ENA,759.50,0,0,hold,보유중 (-0.59%),0,0,0,0,0,0,0,-0.59,0,764.00,798.38,744.90
2025-10-20 02:35:48,SELL_SIGNAL,KRW-ENA,759.50,0,0,hold,보유중 (-0.59%),0,0,0,0,0,0,0,-0.59,0,764.00,798.38,744.90
2025-10-20 02:35:53,SELL_SIGNAL,KRW-ENA,759.50,0,0,hold,보유중 (-0.59%),0,0,0,0,0,0,0,-0.59,0,764.00,798.38,744.90
2025-10-20 02:35:58,SELL_SIGNAL,KRW-ENA,759.50,0,0,hold,보유중 (-0.59%),0,0,0,0,0,0,0,-0.59,0,764.00,798.38,744.90
2025-10-20 02:36:03,SELL_SIGNAL,KRW-ENA,759.50,0,0,hold,보유중 (-0.59%),0,0,0,0,0,0,0,-0.59,0,764.00,798.38,744.90
2025-10-20 02:36:08,SELL_SIGNAL,KRW-ENA,759.50,0,0,hold,보유중 (-0.59%),0,0,0,0,0,0,0,-0.59,0,764.00,798.38,744.90
2025-10-20 02:36:13,SELL_SIGNAL,KRW-ENA,759.50,0,0,hold,보유중 (-0.59%),0,0,0,0,0,0,0,-0.59,0,764.00,798.38,744.90
2025-10-20 02:36:22,SELL_SIGNAL,KRW-ENA,759.50,0,0,hold,보유중 (-0.59%),0,0,0,0,0,0,0,-0.59,0,764.00,798.38,744.90
2025-10-20 02:36:29,SELL_SIGNAL,KRW-ENA,759.50,0,0,hold,보유중 (-0.59%),0,0,0,0,0,0,0,-0.59,0,764.00,798.38,744.90
2025-10-20 02:36:34,SELL_SIGNAL,KRW-ENA,759.50,0,0,hold,보유중 (-0.59%),0,0,0,0,0,0,0,-0.59,0,764.00,798.38,744.90
2025-10-20 02:36:36,SELL_SIGNAL,KRW-ENA,759.00,0,0,hold,보유중 (-0.65%),0,0,0,0,0,0,0,-0.65,0,764.00,798.38,744.90
2025-10-20 02:36:44,SELL_SIGNAL,KRW-ENA,759.00,0,0,hold,보유중 (-0.65%),0,0,0,0,0,0,0,-0.65,0,764.00,798.38,744.90
2025-10-20 02:36:49,SELL_SIGNAL,KRW-ENA,759.00,0,0,hold,보유중 (-0.65%),0,0,0,0,0,0,0,-0.65,0,764.00,798.38,744.90
2025-10-20 02:36:54,SELL_SIGNAL,KRW-ENA,759.00,0,0,hold,보유중 (-0.65%),0,0,0,0,0,0,0,-0.65,0,764.00,798.38,744.90
2025-10-20 02:36:59,SELL_SIGNAL,KRW-ENA,759.00,0,0,hold,보유중 (-0.65%),0,0,0,0,0,0,0,-0.65,0,764.00,798.38,744.90
2025-10-20 02:37:04,SELL_SIGNAL,KRW-ENA,758.50,0,0,hold,보유중 (-0.72%),0,0,0,0,0,0,0,-0.72,0,764.00,798.38,744.90
2025-10-20 02:37:08,SELL_SIGNAL,KRW-ENA,759.00,0,0,hold,보유중 (-0.65%),0,0,0,0,0,0,0,-0.65,0,764.00,798.38,744.90
2025-10-20 02:37:15,SELL_SIGNAL,KRW-ENA,759.00,0,0,hold,보유중 (-0.65%),0,0,0,0,0,0,0,-0.65,0,764.00,798.38,744.90
2025-10-20 02:37:21,SELL_SIGNAL,KRW-ENA,758.50,0,0,hold,보유중 (-0.72%),0,0,0,0,0,0,0,-0.72,0,764.00,798.38,744.90
2025-10-20 02:37:26,SELL_SIGNAL,KRW-ENA,757.50,0,0,hold,보유중 (-0.85%),0,0,0,0,0,0,0,-0.85,0,764.00,798.38,744.90
2025-10-20 02:37:31,SELL_SIGNAL,KRW-ENA,757.50,0,0,hold,보유중 (-0.85%),0,0,0,0,0,0,0,-0.85,0,764.00,798.38,744.90
2025-10-20 02:37:36,SELL_SIGNAL,KRW-ENA,757.50,0,0,hold,보유중 (-0.85%),0,0,0,0,0,0,0,-0.85,0,764.00,798.38,744.90
2025-10-20 02:37:41,SELL_SIGNAL,KRW-ENA,757.50,0,0,hold,보유중 (-0.85%),0,0,0,0,0,0,0,-0.85,0,764.00,798.38,744.90
2025-10-20 02:37:46,SELL_SIGNAL,KRW-ENA,757.50,0,0,hold,보유중 (-0.85%),0,0,0,0,0,0,0,-0.85,0,764.00,798.38,744.90
2025-10-20 02:37:52,SELL_SIGNAL,KRW-ENA,756.50,0,0,hold,보유중 (-0.98%),0,0,0,0,0,0,0,-0.98,0,764.00,798.38,744.90
2025-10-20 02:37:57,SELL_SIGNAL,KRW-ENA,756.00,0,0,sell,시간초과손절 (-1.05%, 24분),0,0,0,0,0,0,0,-1.05,0,764.00,798.38,744.90
2025-10-20 02:38:01,BUY_ATTEMPT,KRW-SUI,3983.00,0,64777,fast_spike,FAST_SPIKE,0,0,0,0,0
2025-10-20 02:38:02,SELL_SIGNAL,KRW-SUI,3982.00,0,0,hold,보유중 (-0.03%),0,0,0,0,0,0,0,-0.03,0,3983.00,4162.24,3883.43
2025-10-20 02:38:08,SELL_SIGNAL,KRW-SUI,3982.00,0,0,hold,보유중 (-0.03%),0,0,0,0,0,0,0,-0.03,0,3983.00,4162.24,3883.43
2025-10-20 02:38:12,SELL_SIGNAL,KRW-SUI,3982.50,0,0,hold,보유중 (-0.01%),0,0,0,0,0,0,0,-0.01,0,3983.00,4162.24,3883.43
2025-10-20 02:38:19,SELL_SIGNAL,KRW-SUI,3983.50,0,0,hold,보유중 (+0.01%),0,0,0,0,0,0,0,+0.01,0,3983.00,4162.24,3883.43
2025-10-20 02:38:25,SELL_SIGNAL,KRW-SUI,3983.00,0,0,hold,보유중 (-0.00%),0,0,0,0,0,0,0,-0.00,0,3983.00,4162.24,3883.43
2025-10-20 02:38:30,SELL_SIGNAL,KRW-SUI,3983.50,0,0,hold,보유중 (+0.01%),0,0,0,0,0,0,0,+0.01,0,3983.00,4162.24,3883.43
2025-10-20 02:38:35,SELL_SIGNAL,KRW-SUI,3983.50,0,0,hold,보유중 (+0.01%),0,0,0,0,0,0,0,+0.01,0,3983.00,4162.24,3883.43
2025-10-20 02:38:41,SELL_SIGNAL,KRW-SUI,3983.50,0,0,hold,보유중 (+0.01%),0,0,0,0,0,0,0,+0.01,0,3983.00,4162.24,3883.43
2025-10-20 02:38:52,SELL_SIGNAL,KRW-SUI,3983.50,0,0,hold,보유중 (+0.01%),0,0,0,0,0,0,0,+0.01,0,3983.00,4162.24,3883.43
2025-10-20 02:38:57,SELL_SIGNAL,KRW-SUI,3983.50,0,0,hold,보유중 (+0.01%),0,0,0,0,0,0,0,+0.01,0,3983.00,4162.24,3883.43
2025-10-20 02:39:02,SELL_SIGNAL,KRW-SUI,3984.00,0,0,hold,보유중 (+0.03%),0,0,0,0,0,0,0,+0.03,0,3983.00,4162.24,3883.43
2025-10-20 02:39:08,SELL_SIGNAL,KRW-SUI,3984.00,0,0,hold,보유중 (+0.03%),0,0,0,0,0,0,0,+0.03,0,3983.00,4162.24,3883.43
2025-10-20 02:39:13,SELL_SIGNAL,KRW-SUI,3984.00,0,0,hold,보유중 (+0.03%),0,0,0,0,0,0,0,+0.03,0,3983.00,4162.24,3883.43
2025-10-20 02:39:18,SELL_SIGNAL,KRW-SUI,3984.00,0,0,hold,보유중 (+0.03%),0,0,0,0,0,0,0,+0.03,0,3983.00,4162.24,3883.43
2025-10-20 02:39:23,SELL_SIGNAL,KRW-SUI,3983.00,0,0,hold,보유중 (-0.00%),0,0,0,0,0,0,0,-0.00,0,3983.00,4162.24,3883.43
2025-10-20 02:39:28,SELL_SIGNAL,KRW-SUI,3983.00,0,0,hold,보유중 (-0.00%),0,0,0,0,0,0,0,-0.00,0,3983.00,4162.24,3883.43
2025-10-20 02:39:33,SELL_SIGNAL,KRW-SUI,3983.00,0,0,hold,보유중 (-0.00%),0,0,0,0,0,0,0,-0.00,0,3983.00,4162.24,3883.43
2025-10-20 02:39:38,SELL_SIGNAL,KRW-SUI,3983.00,0,0,hold,보유중 (-0.00%),0,0,0,0,0,0,0,-0.00,0,3983.00,4162.24,3883.43
2025-10-20 02:39:43,SELL_SIGNAL,KRW-SUI,3983.00,0,0,hold,보유중 (-0.00%),0,0,0,0,0,0,0,-0.00,0,3983.00,4162.24,3883.43
2025-10-20 02:39:48,SELL_SIGNAL,KRW-SUI,3983.00,0,0,hold,보유중 (-0.00%),0,0,0,0,0,0,0,-0.00,0,3983.00,4162.24,3883.43
2025-10-20 02:39:53,SELL_SIGNAL,KRW-SUI,3983.00,0,0,hold,보유중 (-0.00%),0,0,0,0,0,0,0,-0.00,0,3983.00,4162.24,3883.43
2025-10-20 02:40:01,SELL_SIGNAL,KRW-SUI,3983.00,0,0,hold,보유중 (-0.00%),0,0,0,0,0,0,0,-0.00,0,3983.00,4162.24,3883.43
2025-10-20 02:40:08,SELL_SIGNAL,KRW-SUI,3983.00,0,0,hold,보유중 (-0.00%),0,0,0,0,0,0,0,-0.00,0,3983.00,4162.24,3883.43
2025-10-20 02:40:13,SELL_SIGNAL,KRW-SUI,3983.00,0,0,hold,보유중 (-0.00%),0,0,0,0,0,0,0,-0.00,0,3983.00,4162.24,3883.43
2025-10-20 02:40:18,SELL_SIGNAL,KRW-SUI,3983.00,0,0,hold,보유중 (-0.00%),0,0,0,0,0,0,0,-0.00,0,3983.00,4162.24,3883.43
2025-10-20 02:40:23,SELL_SIGNAL,KRW-SUI,3983.00,0,0,hold,보유중 (-0.00%),0,0,0,0,0,0,0,-0.00,0,3983.00,4162.24,3883.43
2025-10-20 02:40:28,SELL_SIGNAL,KRW-SUI,3983.00,0,0,hold,보유중 (-0.00%),0,0,0,0,0,0,0,-0.00,0,3983.00,4162.24,3883.43
2025-10-20 02:40:33,SELL_SIGNAL,KRW-SUI,3983.00,0,0,hold,보유중 (-0.00%),0,0,0,0,0,0,0,-0.00,0,3983.00,4162.24,3883.43
2025-10-20 02:40:38,SELL_SIGNAL,KRW-SUI,3981.50,0,0,hold,보유중 (-0.04%),0,0,0,0,0,0,0,-0.04,0,3983.00,4162.24,3883.43
2025-10-20 02:40:44,SELL_SIGNAL,KRW-SUI,3981.50,0,0,hold,보유중 (-0.04%),0,0,0,0,0,0,0,-0.04,0,3983.00,4162.24,3883.43
2025-10-20 02:40:49,SELL_SIGNAL,KRW-SUI,3981.50,0,0,hold,보유중 (-0.04%),0,0,0,0,0,0,0,-0.04,0,3983.00,4162.24,3883.43
2025-10-20 02:40:59,SELL_SIGNAL,KRW-SUI,3981.50,0,0,hold,보유중 (-0.04%),0,0,0,0,0,0,0,-0.04,0,3983.00,4162.24,3883.43
2025-10-20 02:41:04,SELL_SIGNAL,KRW-SUI,3981.00,0,0,hold,보유중 (-0.05%),0,0,0,0,0,0,0,-0.05,0,3983.00,4162.24,3883.43
2025-10-20 02:41:10,SELL_SIGNAL,KRW-SUI,3981.00,0,0,hold,보유중 (-0.05%),0,0,0,0,0,0,0,-0.05,0,3983.00,4162.24,3883.43
2025-10-20 02:41:15,SELL_SIGNAL,KRW-SUI,3981.00,0,0,hold,보유중 (-0.05%),0,0,0,0,0,0,0,-0.05,0,3983.00,4162.24,3883.43
2025-10-20 02:41:20,SELL_SIGNAL,KRW-SUI,3982.00,0,0,hold,보유중 (-0.03%),0,0,0,0,0,0,0,-0.03,0,3983.00,4162.24,3883.43
2025-10-20 02:41:25,SELL_SIGNAL,KRW-SUI,3982.00,0,0,hold,보유중 (-0.03%),0,0,0,0,0,0,0,-0.03,0,3983.00,4162.24,3883.43
2025-10-20 02:41:30,SELL_SIGNAL,KRW-SUI,3980.50,0,0,hold,보유중 (-0.06%),0,0,0,0,0,0,0,-0.06,0,3983.00,4162.24,3883.43
2025-10-20 02:41:35,SELL_SIGNAL,KRW-SUI,3980.50,0,0,hold,보유중 (-0.06%),0,0,0,0,0,0,0,-0.06,0,3983.00,4162.24,3883.43
2025-10-20 02:41:40,SELL_SIGNAL,KRW-SUI,3980.50,0,0,hold,보유중 (-0.06%),0,0,0,0,0,0,0,-0.06,0,3983.00,4162.24,3883.43
2025-10-20 02:41:45,SELL_SIGNAL,KRW-SUI,3982.50,0,0,hold,보유중 (-0.01%),0,0,0,0,0,0,0,-0.01,0,3983.00,4162.24,3883.43
2025-10-20 02:41:51,SELL_SIGNAL,KRW-SUI,3982.50,0,0,hold,보유중 (-0.01%),0,0,0,0,0,0,0,-0.01,0,3983.00,4162.24,3883.43
2025-10-20 02:41:56,SELL_SIGNAL,KRW-SUI,3982.50,0,0,hold,보유중 (-0.01%),0,0,0,0,0,0,0,-0.01,0,3983.00,4162.24,3883.43
2025-10-20 02:42:06,SELL_SIGNAL,KRW-SUI,3982.50,0,0,hold,보유중 (-0.01%),0,0,0,0,0,0,0,-0.01,0,3983.00,4162.24,3883.43
2025-10-20 02:42:11,SELL_SIGNAL,KRW-SUI,3982.50,0,0,hold,보유중 (-0.01%),0,0,0,0,0,0,0,-0.01,0,3983.00,4162.24,3883.43
2025-10-20 02:42:17,SELL_SIGNAL,KRW-SUI,3982.50,0,0,hold,보유중 (-0.01%),0,0,0,0,0,0,0,-0.01,0,3983.00,4162.24,3883.43
2025-10-20 02:42:22,SELL_SIGNAL,KRW-SUI,3982.50,0,0,hold,보유중 (-0.01%),0,0,0,0,0,0,0,-0.01,0,3983.00,4162.24,3883.43
2025-10-20 02:42:27,SELL_SIGNAL,KRW-SUI,3982.50,0,0,hold,보유중 (-0.01%),0,0,0,0,0,0,0,-0.01,0,3983.00,4162.24,3883.43
2025-10-20 02:42:32,SELL_SIGNAL,KRW-SUI,3982.50,0,0,hold,보유중 (-0.01%),0,0,0,0,0,0,0,-0.01,0,3983.00,4162.24,3883.43
2025-10-20 02:42:34,SELL_SIGNAL,KRW-SUI,3983.50,0,0,hold,보유중 (+0.01%),0,0,0,0,0,0,0,+0.01,0,3983.00,4162.24,3883.43
2025-10-20 02:42:43,SELL_SIGNAL,KRW-SUI,3983.00,0,0,hold,보유중 (-0.00%),0,0,0,0,0,0,0,-0.00,0,3983.00,4162.24,3883.43
2025-10-20 02:42:48,SELL_SIGNAL,KRW-SUI,3982.50,0,0,hold,보유중 (-0.01%),0,0,0,0,0,0,0,-0.01,0,3983.00,4162.24,3883.43
2025-10-20 02:42:58,SELL_SIGNAL,KRW-SUI,3982.50,0,0,hold,보유중 (-0.01%),0,0,0,0,0,0,0,-0.01,0,3983.00,4162.24,3883.43
2025-10-20 02:43:03,SELL_SIGNAL,KRW-SUI,3983.00,0,0,hold,보유중 (-0.00%),0,0,0,0,0,0,0,-0.00,0,3983.00,4162.24,3883.43
2025-10-20 02:43:08,SELL_SIGNAL,KRW-SUI,3982.50,0,0,hold,보유중 (-0.01%),0,0,0,0,0,0,0,-0.01,0,3983.00,4162.24,3883.43
2025-10-20 02:43:13,SELL_SIGNAL,KRW-SUI,3982.50,0,0,hold,보유중 (-0.01%),0,0,0,0,0,0,0,-0.01,0,3983.00,4162.24,3883.43
2025-10-20 02:43:18,SELL_SIGNAL,KRW-SUI,3982.50,0,0,hold,보유중 (-0.01%),0,0,0,0,0,0,0,-0.01,0,3983.00,4162.24,3883.43
2025-10-20 02:43:23,SELL_SIGNAL,KRW-SUI,3982.50,0,0,hold,보유중 (-0.01%),0,0,0,0,0,0,0,-0.01,0,3983.00,4162.24,3883.43
2025-10-20 02:43:28,SELL_SIGNAL,KRW-SUI,3982.50,0,0,hold,보유중 (-0.01%),0,0,0,0,0,0,0,-0.01,0,3983.00,4162.24,3883.43
2025-10-20 02:43:33,SELL_SIGNAL,KRW-SUI,3982.50,0,0,hold,보유중 (-0.01%),0,0,0,0,0,0,0,-0.01,0,3983.00,4162.24,3883.43
2025-10-20 02:43:38,SELL_SIGNAL,KRW-SUI,3982.50,0,0,hold,보유중 (-0.01%),0,0,0,0,0,0,0,-0.01,0,3983.00,4162.24,3883.43
2025-10-20 02:43:43,SELL_SIGNAL,KRW-SUI,3982.50,0,0,hold,보유중 (-0.01%),0,0,0,0,0,0,0,-0.01,0,3983.00,4162.24,3883.43
2025-10-20 02:43:48,SELL_SIGNAL,KRW-SUI,3982.50,0,0,hold,보유중 (-0.01%),0,0,0,0,0,0,0,-0.01,0,3983.00,4162.24,3883.43
2025-10-20 02:43:53,SELL_SIGNAL,KRW-SUI,3982.50,0,0,hold,보유중 (-0.01%),0,0,0,0,0,0,0,-0.01,0,3983.00,4162.24,3883.43
2025-10-20 02:43:58,SELL_SIGNAL,KRW-SUI,3982.50,0,0,hold,보유중 (-0.01%),0,0,0,0,0,0,0,-0.01,0,3983.00,4162.24,3883.43
2025-10-20 02:44:03,SELL_SIGNAL,KRW-SUI,3982.50,0,0,hold,보유중 (-0.01%),0,0,0,0,0,0,0,-0.01,0,3983.00,4162.24,3883.43
2025-10-20 02:44:08,SELL_SIGNAL,KRW-SUI,3982.50,0,0,hold,보유중 (-0.01%),0,0,0,0,0,0,0,-0.01,0,3983.00,4162.24,3883.43
2025-10-20 02:44:14,SELL_SIGNAL,KRW-SUI,3982.50,0,0,hold,보유중 (-0.01%),0,0,0,0,0,0,0,-0.01,0,3983.00,4162.24,3883.43
2025-10-20 02:44:19,SELL_SIGNAL,KRW-SUI,3982.50,0,0,hold,보유중 (-0.01%),0,0,0,0,0,0,0,-0.01,0,3983.00,4162.24,3883.43
2025-10-20 02:44:24,SELL_SIGNAL,KRW-SUI,3982.50,0,0,hold,보유중 (-0.01%),0,0,0,0,0,0,0,-0.01,0,3983.00,4162.24,3883.43
2025-10-20 02:44:29,SELL_SIGNAL,KRW-SUI,3982.50,0,0,hold,보유중 (-0.01%),0,0,0,0,0,0,0,-0.01,0,3983.00,4162.24,3883.43
2025-10-20 02:44:34,SELL_SIGNAL,KRW-SUI,3982.50,0,0,hold,보유중 (-0.01%),0,0,0,0,0,0,0,-0.01,0,3983.00,4162.24,3883.43
2025-10-20 02:44:39,SELL_SIGNAL,KRW-SUI,3982.50,0,0,hold,보유중 (-0.01%),0,0,0,0,0,0,0,-0.01,0,3983.00,4162.24,3883.43
2025-10-20 02:44:44,SELL_SIGNAL,KRW-SUI,3982.50,0,0,hold,보유중 (-0.01%),0,0,0,0,0,0,0,-0.01,0,3983.00,4162.24,3883.43
2025-10-20 02:44:49,SELL_SIGNAL,KRW-SUI,3982.50,0,0,hold,보유중 (-0.01%),0,0,0,0,0,0,0,-0.01,0,3983.00,4162.24,3883.43
2025-10-20 02:45:00,SELL_SIGNAL,KRW-SUI,3982.50,0,0,hold,보유중 (-0.01%),0,0,0,0,0,0,0,-0.01,0,3983.00,4162.24,3883.43
2025-10-20 02:45:10,SELL_SIGNAL,KRW-SUI,3982.50,0,0,hold,보유중 (-0.01%),0,0,0,0,0,0,0,-0.01,0,3983.00,4162.24,3883.43
2025-10-20 02:45:15,SELL_SIGNAL,KRW-SUI,3982.50,0,0,hold,보유중 (-0.01%),0,0,0,0,0,0,0,-0.01,0,3983.00,4162.24,3883.43
2025-10-20 02:45:20,SELL_SIGNAL,KRW-SUI,3982.50,0,0,hold,보유중 (-0.01%),0,0,0,0,0,0,0,-0.01,0,3983.00,4162.24,3883.43
2025-10-20 02:45:25,SELL_SIGNAL,KRW-SUI,3982.50,0,0,hold,보유중 (-0.01%),0,0,0,0,0,0,0,-0.01,0,3983.00,4162.24,3883.43
2025-10-20 02:45:30,SELL_SIGNAL,KRW-SUI,3982.00,0,0,hold,보유중 (-0.03%),0,0,0,0,0,0,0,-0.03,0,3983.00,4162.24,3883.43
2025-10-20 02:45:35,SELL_SIGNAL,KRW-SUI,3982.00,0,0,hold,보유중 (-0.03%),0,0,0,0,0,0,0,-0.03,0,3983.00,4162.24,3883.43
2025-10-20 02:45:40,SELL_SIGNAL,KRW-SUI,3982.00,0,0,hold,보유중 (-0.03%),0,0,0,0,0,0,0,-0.03,0,3983.00,4162.24,3883.43
2025-10-20 02:45:46,SELL_SIGNAL,KRW-SUI,3982.00,0,0,hold,보유중 (-0.03%),0,0,0,0,0,0,0,-0.03,0,3983.00,4162.24,3883.43
2025-10-20 02:45:51,SELL_SIGNAL,KRW-SUI,3982.00,0,0,hold,보유중 (-0.03%),0,0,0,0,0,0,0,-0.03,0,3983.00,4162.24,3883.43
2025-10-20 02:45:56,SELL_SIGNAL,KRW-SUI,3982.00,0,0,hold,보유중 (-0.03%),0,0,0,0,0,0,0,-0.03,0,3983.00,4162.24,3883.43
2025-10-20 02:46:01,SELL_SIGNAL,KRW-SUI,3982.00,0,0,hold,보유중 (-0.03%),0,0,0,0,0,0,0,-0.03,0,3983.00,4162.24,3883.43
2025-10-20 02:46:06,SELL_SIGNAL,KRW-SUI,3982.00,0,0,hold,보유중 (-0.03%),0,0,0,0,0,0,0,-0.03,0,3983.00,4162.24,3883.43
2025-10-20 02:46:11,SELL_SIGNAL,KRW-SUI,3982.00,0,0,hold,보유중 (-0.03%),0,0,0,0,0,0,0,-0.03,0,3983.00,4162.24,3883.43
2025-10-20 02:46:21,SELL_SIGNAL,KRW-SUI,3982.00,0,0,hold,보유중 (-0.03%),0,0,0,0,0,0,0,-0.03,0,3983.00,4162.24,3883.43
2025-10-20 02:46:26,SELL_SIGNAL,KRW-SUI,3982.00,0,0,hold,보유중 (-0.03%),0,0,0,0,0,0,0,-0.03,0,3983.00,4162.24,3883.43
2025-10-20 02:46:30,SELL_SIGNAL,KRW-SUI,3981.50,0,0,hold,보유중 (-0.04%),0,0,0,0,0,0,0,-0.04,0,3983.00,4162.24,3883.43
2025-10-20 02:46:36,SELL_SIGNAL,KRW-SUI,3982.00,0,0,hold,보유중 (-0.03%),0,0,0,0,0,0,0,-0.03,0,3983.00,4162.24,3883.43
2025-10-20 02:46:41,SELL_SIGNAL,KRW-SUI,3982.00,0,0,hold,보유중 (-0.03%),0,0,0,0,0,0,0,-0.03,0,3983.00,4162.24,3883.43
2025-10-20 02:46:46,SELL_SIGNAL,KRW-SUI,3982.00,0,0,hold,보유중 (-0.03%),0,0,0,0,0,0,0,-0.03,0,3983.00,4162.24,3883.43
2025-10-20 02:46:51,SELL_SIGNAL,KRW-SUI,3982.00,0,0,hold,보유중 (-0.03%),0,0,0,0,0,0,0,-0.03,0,3983.00,4162.24,3883.43
2025-10-20 02:46:56,SELL_SIGNAL,KRW-SUI,3982.00,0,0,hold,보유중 (-0.03%),0,0,0,0,0,0,0,-0.03,0,3983.00,4162.24,3883.43
2025-10-20 02:47:01,SELL_SIGNAL,KRW-SUI,3982.00,0,0,hold,보유중 (-0.03%),0,0,0,0,0,0,0,-0.03,0,3983.00,4162.24,3883.43
2025-10-20 02:47:07,SELL_SIGNAL,KRW-SUI,3982.50,0,0,hold,보유중 (-0.01%),0,0,0,0,0,0,0,-0.01,0,3983.00,4162.24,3883.43
2025-10-20 02:47:10,SELL_SIGNAL,KRW-SUI,3982.00,0,0,hold,보유중 (-0.03%),0,0,0,0,0,0,0,-0.03,0,3983.00,4162.24,3883.43
2025-10-20 02:47:17,SELL_SIGNAL,KRW-SUI,3982.00,0,0,hold,보유중 (-0.03%),0,0,0,0,0,0,0,-0.03,0,3983.00,4162.24,3883.43
2025-10-20 02:47:22,SELL_SIGNAL,KRW-SUI,3982.00,0,0,hold,보유중 (-0.03%),0,0,0,0,0,0,0,-0.03,0,3983.00,4162.24,3883.43
2025-10-20 02:47:27,SELL_SIGNAL,KRW-SUI,3982.00,0,0,hold,보유중 (-0.03%),0,0,0,0,0,0,0,-0.03,0,3983.00,4162.24,3883.43
2025-10-20 02:47:32,SELL_SIGNAL,KRW-SUI,3982.00,0,0,hold,보유중 (-0.03%),0,0,0,0,0,0,0,-0.03,0,3983.00,4162.24,3883.43
2025-10-20 02:47:37,SELL_SIGNAL,KRW-SUI,3982.00,0,0,hold,보유중 (-0.03%),0,0,0,0,0,0,0,-0.03,0,3983.00,4162.24,3883.43
2025-10-20 02:47:42,SELL_SIGNAL,KRW-SUI,3982.00,0,0,hold,보유중 (-0.03%),0,0,0,0,0,0,0,-0.03,0,3983.00,4162.24,3883.43
2025-10-20 02:47:47,SELL_SIGNAL,KRW-SUI,3982.00,0,0,hold,보유중 (-0.03%),0,0,0,0,0,0,0,-0.03,0,3983.00,4162.24,3883.43
2025-10-20 02:47:52,SELL_SIGNAL,KRW-SUI,3982.00,0,0,hold,보유중 (-0.03%),0,0,0,0,0,0,0,-0.03,0,3983.00,4162.24,3883.43
2025-10-20 02:47:57,SELL_SIGNAL,KRW-SUI,3982.00,0,0,hold,보유중 (-0.03%),0,0,0,0,0,0,0,-0.03,0,3983.00,4162.24,3883.43
2025-10-20 02:48:00,SELL_SIGNAL,KRW-SUI,3981.00,0,0,hold,보유중 (-0.05%),0,0,0,0,0,0,0,-0.05,0,3983.00,4162.24,3883.43
2025-10-20 02:48:02,SELL_SIGNAL,KRW-SUI,3978.00,0,0,hold,보유중 (-0.13%),0,0,0,0,0,0,0,-0.13,0,3983.00,4162.24,3883.43
2025-10-20 02:48:08,SELL_SIGNAL,KRW-SUI,3978.00,0,0,hold,보유중 (-0.13%),0,0,0,0,0,0,0,-0.13,0,3983.00,4162.24,3883.43
2025-10-20 02:48:13,SELL_SIGNAL,KRW-SUI,3978.50,0,0,hold,보유중 (-0.11%),0,0,0,0,0,0,0,-0.11,0,3983.00,4162.24,3883.43
2025-10-20 02:48:18,SELL_SIGNAL,KRW-SUI,3981.50,0,0,hold,보유중 (-0.04%),0,0,0,0,0,0,0,-0.04,0,3983.00,4162.24,3883.43
2025-10-20 02:48:23,SELL_SIGNAL,KRW-SUI,3981.50,0,0,hold,보유중 (-0.04%),0,0,0,0,0,0,0,-0.04,0,3983.00,4162.24,3883.43
2025-10-20 02:48:29,SELL_SIGNAL,KRW-SUI,3981.50,0,0,hold,보유중 (-0.04%),0,0,0,0,0,0,0,-0.04,0,3983.00,4162.24,3883.43
2025-10-20 02:48:34,SELL_SIGNAL,KRW-SUI,3981.50,0,0,hold,보유중 (-0.04%),0,0,0,0,0,0,0,-0.04,0,3983.00,4162.24,3883.43
2025-10-20 02:48:40,SELL_SIGNAL,KRW-SUI,3981.50,0,0,hold,보유중 (-0.04%),0,0,0,0,0,0,0,-0.04,0,3983.00,4162.24,3883.43
2025-10-20 02:48:45,SELL_SIGNAL,KRW-SUI,3981.50,0,0,hold,보유중 (-0.04%),0,0,0,0,0,0,0,-0.04,0,3983.00,4162.24,3883.43
2025-10-20 02:48:50,SELL_SIGNAL,KRW-SUI,3979.50,0,0,hold,보유중 (-0.09%),0,0,0,0,0,0,0,-0.09,0,3983.00,4162.24,3883.43
2025-10-20 02:48:55,SELL_SIGNAL,KRW-SUI,3980.00,0,0,hold,보유중 (-0.08%),0,0,0,0,0,0,0,-0.08,0,3983.00,4162.24,3883.43
2025-10-20 02:49:00,SELL_SIGNAL,KRW-SUI,3980.00,0,0,hold,보유중 (-0.08%),0,0,0,0,0,0,0,-0.08,0,3983.00,4162.24,3883.43
2025-10-20 02:49:06,SELL_SIGNAL,KRW-SUI,3980.00,0,0,hold,보유중 (-0.08%),0,0,0,0,0,0,0,-0.08,0,3983.00,4162.24,3883.43
2025-10-20 02:49:11,SELL_SIGNAL,KRW-SUI,3980.00,0,0,hold,보유중 (-0.08%),0,0,0,0,0,0,0,-0.08,0,3983.00,4162.24,3883.43
2025-10-20 02:49:16,SELL_SIGNAL,KRW-SUI,3980.50,0,0,hold,보유중 (-0.06%),0,0,0,0,0,0,0,-0.06,0,3983.00,4162.24,3883.43
2025-10-20 02:49:21,SELL_SIGNAL,KRW-SUI,3980.50,0,0,hold,보유중 (-0.06%),0,0,0,0,0,0,0,-0.06,0,3983.00,4162.24,3883.43
2025-10-20 02:49:26,SELL_SIGNAL,KRW-SUI,3980.50,0,0,hold,보유중 (-0.06%),0,0,0,0,0,0,0,-0.06,0,3983.00,4162.24,3883.43
2025-10-20 02:49:32,SELL_SIGNAL,KRW-SUI,3980.50,0,0,hold,보유중 (-0.06%),0,0,0,0,0,0,0,-0.06,0,3983.00,4162.24,3883.43
2025-10-20 02:49:37,SELL_SIGNAL,KRW-SUI,3980.50,0,0,hold,보유중 (-0.06%),0,0,0,0,0,0,0,-0.06,0,3983.00,4162.24,3883.43
2025-10-20 02:49:42,SELL_SIGNAL,KRW-SUI,3980.50,0,0,hold,보유중 (-0.06%),0,0,0,0,0,0,0,-0.06,0,3983.00,4162.24,3883.43
2025-10-20 02:49:47,SELL_SIGNAL,KRW-SUI,3979.50,0,0,hold,보유중 (-0.09%),0,0,0,0,0,0,0,-0.09,0,3983.00,4162.24,3883.43
2025-10-20 02:49:52,SELL_SIGNAL,KRW-SUI,3979.50,0,0,hold,보유중 (-0.09%),0,0,0,0,0,0,0,-0.09,0,3983.00,4162.24,3883.43
2025-10-20 02:49:57,SELL_SIGNAL,KRW-SUI,3979.50,0,0,hold,보유중 (-0.09%),0,0,0,0,0,0,0,-0.09,0,3983.00,4162.24,3883.43
2025-10-20 02:50:01,SELL_SIGNAL,KRW-SUI,3977.50,0,0,hold,보유중 (-0.14%),0,0,0,0,0,0,0,-0.14,0,3983.00,4162.24,3883.43
2025-10-20 02:50:07,SELL_SIGNAL,KRW-SUI,3977.50,0,0,hold,보유중 (-0.14%),0,0,0,0,0,0,0,-0.14,0,3983.00,4162.24,3883.43
2025-10-20 02:50:12,SELL_SIGNAL,KRW-SUI,3977.50,0,0,hold,보유중 (-0.14%),0,0,0,0,0,0,0,-0.14,0,3983.00,4162.24,3883.43
2025-10-20 02:50:15,SELL_SIGNAL,KRW-SUI,3977.00,0,0,hold,보유중 (-0.15%),0,0,0,0,0,0,0,-0.15,0,3983.00,4162.24,3883.43
2025-10-20 02:50:15,SELL_SIGNAL,KRW-SUI,3976.50,0,0,hold,보유중 (-0.16%),0,0,0,0,0,0,0,-0.16,0,3983.00,4162.24,3883.43
2025-10-20 02:50:22,SELL_SIGNAL,KRW-SUI,3977.00,0,0,hold,보유중 (-0.15%),0,0,0,0,0,0,0,-0.15,0,3983.00,4162.24,3883.43
2025-10-20 02:50:27,SELL_SIGNAL,KRW-SUI,3977.00,0,0,hold,보유중 (-0.15%),0,0,0,0,0,0,0,-0.15,0,3983.00,4162.24,3883.43
2025-10-20 02:50:32,SELL_SIGNAL,KRW-SUI,3977.00,0,0,hold,보유중 (-0.15%),0,0,0,0,0,0,0,-0.15,0,3983.00,4162.24,3883.43
2025-10-20 02:50:37,SELL_SIGNAL,KRW-SUI,3977.00,0,0,hold,보유중 (-0.15%),0,0,0,0,0,0,0,-0.15,0,3983.00,4162.24,3883.43
2025-10-20 02:50:39,SELL_SIGNAL,KRW-SUI,3975.50,0,0,hold,보유중 (-0.19%),0,0,0,0,0,0,0,-0.19,0,3983.00,4162.24,3883.43
2025-10-20 02:50:43,SELL_SIGNAL,KRW-SUI,3974.00,0,0,hold,보유중 (-0.23%),0,0,0,0,0,0,0,-0.23,0,3983.00,4162.24,3883.43
2025-10-20 02:50:45,SELL_SIGNAL,KRW-SUI,3974.50,0,0,hold,보유중 (-0.21%),0,0,0,0,0,0,0,-0.21,0,3983.00,4162.24,3883.43
2025-10-20 02:50:49,SELL_SIGNAL,KRW-SUI,3974.00,0,0,hold,보유중 (-0.23%),0,0,0,0,0,0,0,-0.23,0,3983.00,4162.24,3883.43
2025-10-20 02:50:54,SELL_SIGNAL,KRW-SUI,3974.00,0,0,hold,보유중 (-0.23%),0,0,0,0,0,0,0,-0.23,0,3983.00,4162.24,3883.43
2025-10-20 02:50:59,SELL_SIGNAL,KRW-SUI,3974.00,0,0,hold,보유중 (-0.23%),0,0,0,0,0,0,0,-0.23,0,3983.00,4162.24,3883.43
2025-10-20 02:51:05,SELL_SIGNAL,KRW-SUI,3974.50,0,0,hold,보유중 (-0.21%),0,0,0,0,0,0,0,-0.21,0,3983.00,4162.24,3883.43
2025-10-20 02:51:10,SELL_SIGNAL,KRW-SUI,3975.00,0,0,hold,보유중 (-0.20%),0,0,0,0,0,0,0,-0.20,0,3983.00,4162.24,3883.43
2025-10-20 02:51:15,SELL_SIGNAL,KRW-SUI,3975.00,0,0,hold,보유중 (-0.20%),0,0,0,0,0,0,0,-0.20,0,3983.00,4162.24,3883.43
2025-10-20 02:51:20,SELL_SIGNAL,KRW-SUI,3975.00,0,0,hold,보유중 (-0.20%),0,0,0,0,0,0,0,-0.20,0,3983.00,4162.24,3883.43
2025-10-20 02:51:25,SELL_SIGNAL,KRW-SUI,3976.00,0,0,hold,보유중 (-0.18%),0,0,0,0,0,0,0,-0.18,0,3983.00,4162.24,3883.43
2025-10-20 02:51:30,SELL_SIGNAL,KRW-SUI,3975.50,0,0,hold,보유중 (-0.19%),0,0,0,0,0,0,0,-0.19,0,3983.00,4162.24,3883.43
2025-10-20 02:51:35,SELL_SIGNAL,KRW-SUI,3974.50,0,0,hold,보유중 (-0.21%),0,0,0,0,0,0,0,-0.21,0,3983.00,4162.24,3883.43
2025-10-20 02:51:41,SELL_SIGNAL,KRW-SUI,3974.00,0,0,hold,보유중 (-0.23%),0,0,0,0,0,0,0,-0.23,0,3983.00,4162.24,3883.43
2025-10-20 02:51:46,SELL_SIGNAL,KRW-SUI,3974.00,0,0,hold,보유중 (-0.23%),0,0,0,0,0,0,0,-0.23,0,3983.00,4162.24,3883.43
2025-10-20 02:51:51,SELL_SIGNAL,KRW-SUI,3974.00,0,0,hold,보유중 (-0.23%),0,0,0,0,0,0,0,-0.23,0,3983.00,4162.24,3883.43
2025-10-20 02:51:56,SELL_SIGNAL,KRW-SUI,3969.50,0,0,hold,보유중 (-0.34%),0,0,0,0,0,0,0,-0.34,0,3983.00,4162.24,3883.43
2025-10-20 02:52:01,SELL_SIGNAL,KRW-SUI,3969.50,0,0,hold,보유중 (-0.34%),0,0,0,0,0,0,0,-0.34,0,3983.00,4162.24,3883.43
2025-10-20 02:52:06,SELL_SIGNAL,KRW-SUI,3969.50,0,0,hold,보유중 (-0.34%),0,0,0,0,0,0,0,-0.34,0,3983.00,4162.24,3883.43
2025-10-20 02:52:11,SELL_SIGNAL,KRW-SUI,3969.00,0,0,hold,보유중 (-0.35%),0,0,0,0,0,0,0,-0.35,0,3983.00,4162.24,3883.43
2025-10-20 02:52:17,SELL_SIGNAL,KRW-SUI,3969.00,0,0,hold,보유중 (-0.35%),0,0,0,0,0,0,0,-0.35,0,3983.00,4162.24,3883.43
2025-10-20 02:52:22,SELL_SIGNAL,KRW-SUI,3969.00,0,0,hold,보유중 (-0.35%),0,0,0,0,0,0,0,-0.35,0,3983.00,4162.24,3883.43
2025-10-20 02:52:28,SELL_SIGNAL,KRW-SUI,3969.00,0,0,hold,보유중 (-0.35%),0,0,0,0,0,0,0,-0.35,0,3983.00,4162.24,3883.43
2025-10-20 02:52:33,SELL_SIGNAL,KRW-SUI,3969.00,0,0,hold,보유중 (-0.35%),0,0,0,0,0,0,0,-0.35,0,3983.00,4162.24,3883.43
2025-10-20 02:52:38,SELL_SIGNAL,KRW-SUI,3969.00,0,0,hold,보유중 (-0.35%),0,0,0,0,0,0,0,-0.35,0,3983.00,4162.24,3883.43
2025-10-20 02:52:43,SELL_SIGNAL,KRW-SUI,3968.50,0,0,hold,보유중 (-0.36%),0,0,0,0,0,0,0,-0.36,0,3983.00,4162.24,3883.43
2025-10-20 02:52:48,SELL_SIGNAL,KRW-SUI,3968.50,0,0,hold,보유중 (-0.36%),0,0,0,0,0,0,0,-0.36,0,3983.00,4162.24,3883.43
2025-10-20 02:52:53,SELL_SIGNAL,KRW-SUI,3968.50,0,0,hold,보유중 (-0.36%),0,0,0,0,0,0,0,-0.36,0,3983.00,4162.24,3883.43
2025-10-20 02:52:58,SELL_SIGNAL,KRW-SUI,3968.50,0,0,hold,보유중 (-0.36%),0,0,0,0,0,0,0,-0.36,0,3983.00,4162.24,3883.43
2025-10-20 02:53:01,SELL_SIGNAL,KRW-SUI,3969.50,0,0,hold,보유중 (-0.34%),0,0,0,0,0,0,0,-0.34,0,3983.00,4162.24,3883.43
2025-10-20 02:53:03,SELL_SIGNAL,KRW-SUI,3973.00,0,0,hold,보유중 (-0.25%),0,0,0,0,0,0,0,-0.25,0,3983.00,4162.24,3883.43
2025-10-20 02:53:04,SELL_SIGNAL,KRW-SUI,3973.50,0,0,hold,보유중 (-0.24%),0,0,0,0,0,0,0,-0.24,0,3983.00,4162.24,3883.43
2025-10-20 02:53:08,SELL_SIGNAL,KRW-SUI,3973.00,0,0,hold,보유중 (-0.25%),0,0,0,0,0,0,0,-0.25,0,3983.00,4162.24,3883.43
2025-10-20 02:53:14,SELL_SIGNAL,KRW-SUI,3973.00,0,0,hold,보유중 (-0.25%),0,0,0,0,0,0,0,-0.25,0,3983.00,4162.24,3883.43
2025-10-20 02:53:19,SELL_SIGNAL,KRW-SUI,3974.00,0,0,hold,보유중 (-0.23%),0,0,0,0,0,0,0,-0.23,0,3983.00,4162.24,3883.43
2025-10-20 02:53:24,SELL_SIGNAL,KRW-SUI,3974.00,0,0,hold,보유중 (-0.23%),0,0,0,0,0,0,0,-0.23,0,3983.00,4162.24,3883.43
2025-10-20 02:53:29,SELL_SIGNAL,KRW-SUI,3974.00,0,0,hold,보유중 (-0.23%),0,0,0,0,0,0,0,-0.23,0,3983.00,4162.24,3883.43
2025-10-20 02:53:34,SELL_SIGNAL,KRW-SUI,3974.00,0,0,hold,보유중 (-0.23%),0,0,0,0,0,0,0,-0.23,0,3983.00,4162.24,3883.43
2025-10-20 02:53:39,SELL_SIGNAL,KRW-SUI,3974.00,0,0,hold,보유중 (-0.23%),0,0,0,0,0,0,0,-0.23,0,3983.00,4162.24,3883.43
2025-10-20 02:53:44,SELL_SIGNAL,KRW-SUI,3974.00,0,0,hold,보유중 (-0.23%),0,0,0,0,0,0,0,-0.23,0,3983.00,4162.24,3883.43
2025-10-20 02:53:49,SELL_SIGNAL,KRW-SUI,3974.50,0,0,hold,보유중 (-0.21%),0,0,0,0,0,0,0,-0.21,0,3983.00,4162.24,3883.43
2025-10-20 02:53:54,SELL_SIGNAL,KRW-SUI,3974.50,0,0,hold,보유중 (-0.21%),0,0,0,0,0,0,0,-0.21,0,3983.00,4162.24,3883.43
2025-10-20 02:54:00,SELL_SIGNAL,KRW-SUI,3974.50,0,0,hold,보유중 (-0.21%),0,0,0,0,0,0,0,-0.21,0,3983.00,4162.24,3883.43
2025-10-20 02:54:05,SELL_SIGNAL,KRW-SUI,3974.50,0,0,hold,보유중 (-0.21%),0,0,0,0,0,0,0,-0.21,0,3983.00,4162.24,3883.43
2025-10-20 02:54:10,SELL_SIGNAL,KRW-SUI,3974.50,0,0,hold,보유중 (-0.21%),0,0,0,0,0,0,0,-0.21,0,3983.00,4162.24,3883.43
2025-10-20 02:54:15,SELL_SIGNAL,KRW-SUI,3974.50,0,0,hold,보유중 (-0.21%),0,0,0,0,0,0,0,-0.21,0,3983.00,4162.24,3883.43
2025-10-20 02:54:20,SELL_SIGNAL,KRW-SUI,3974.50,0,0,hold,보유중 (-0.21%),0,0,0,0,0,0,0,-0.21,0,3983.00,4162.24,3883.43
2025-10-20 02:54:25,SELL_SIGNAL,KRW-SUI,3974.50,0,0,hold,보유중 (-0.21%),0,0,0,0,0,0,0,-0.21,0,3983.00,4162.24,3883.43
2025-10-20 02:54:30,SELL_SIGNAL,KRW-SUI,3975.00,0,0,hold,보유중 (-0.20%),0,0,0,0,0,0,0,-0.20,0,3983.00,4162.24,3883.43
2025-10-20 02:54:35,SELL_SIGNAL,KRW-SUI,3975.00,0,0,hold,보유중 (-0.20%),0,0,0,0,0,0,0,-0.20,0,3983.00,4162.24,3883.43
2025-10-20 02:54:40,SELL_SIGNAL,KRW-SUI,3974.50,0,0,hold,보유중 (-0.21%),0,0,0,0,0,0,0,-0.21,0,3983.00,4162.24,3883.43
2025-10-20 02:54:44,SELL_SIGNAL,KRW-SUI,3975.00,0,0,hold,보유중 (-0.20%),0,0,0,0,0,0,0,-0.20,0,3983.00,4162.24,3883.43
2025-10-20 02:54:51,SELL_SIGNAL,KRW-SUI,3974.50,0,0,hold,보유중 (-0.21%),0,0,0,0,0,0,0,-0.21,0,3983.00,4162.24,3883.43
2025-10-20 02:54:56,SELL_SIGNAL,KRW-SUI,3974.50,0,0,hold,보유중 (-0.21%),0,0,0,0,0,0,0,-0.21,0,3983.00,4162.24,3883.43
2025-10-20 02:54:59,SELL_SIGNAL,KRW-SUI,3974.00,0,0,hold,보유중 (-0.23%),0,0,0,0,0,0,0,-0.23,0,3983.00,4162.24,3883.43
2025-10-20 02:55:02,SELL_SIGNAL,KRW-SUI,3973.00,0,0,hold,보유중 (-0.25%),0,0,0,0,0,0,0,-0.25,0,3983.00,4162.24,3883.43
2025-10-20 02:55:07,SELL_SIGNAL,KRW-SUI,3972.50,0,0,hold,보유중 (-0.26%),0,0,0,0,0,0,0,-0.26,0,3983.00,4162.24,3883.43
2025-10-20 02:55:11,SELL_SIGNAL,KRW-SUI,3972.00,0,0,hold,보유중 (-0.28%),0,0,0,0,0,0,0,-0.28,0,3983.00,4162.24,3883.43
2025-10-20 02:55:12,SELL_SIGNAL,KRW-SUI,3971.50,0,0,hold,보유중 (-0.29%),0,0,0,0,0,0,0,-0.29,0,3983.00,4162.24,3883.43
2025-10-20 02:55:16,SELL_SIGNAL,KRW-SUI,3971.00,0,0,hold,보유중 (-0.30%),0,0,0,0,0,0,0,-0.30,0,3983.00,4162.24,3883.43
2025-10-20 02:55:21,SELL_SIGNAL,KRW-SUI,3971.00,0,0,hold,보유중 (-0.30%),0,0,0,0,0,0,0,-0.30,0,3983.00,4162.24,3883.43
2025-10-20 02:55:27,SELL_SIGNAL,KRW-SUI,3971.00,0,0,hold,보유중 (-0.30%),0,0,0,0,0,0,0,-0.30,0,3983.00,4162.24,3883.43
2025-10-20 02:55:29,SELL_SIGNAL,KRW-SUI,3970.50,0,0,hold,보유중 (-0.31%),0,0,0,0,0,0,0,-0.31,0,3983.00,4162.24,3883.43
2025-10-20 02:55:32,SELL_SIGNAL,KRW-SUI,3971.00,0,0,hold,보유중 (-0.30%),0,0,0,0,0,0,0,-0.30,0,3983.00,4162.24,3883.43
2025-10-20 02:55:37,SELL_SIGNAL,KRW-SUI,3971.00,0,0,hold,보유중 (-0.30%),0,0,0,0,0,0,0,-0.30,0,3983.00,4162.24,3883.43
2025-10-20 02:55:42,SELL_SIGNAL,KRW-SUI,3971.00,0,0,hold,보유중 (-0.30%),0,0,0,0,0,0,0,-0.30,0,3983.00,4162.24,3883.43
2025-10-20 02:55:47,SELL_SIGNAL,KRW-SUI,3971.50,0,0,hold,보유중 (-0.29%),0,0,0,0,0,0,0,-0.29,0,3983.00,4162.24,3883.43
2025-10-20 02:55:52,SELL_SIGNAL,KRW-SUI,3971.50,0,0,hold,보유중 (-0.29%),0,0,0,0,0,0,0,-0.29,0,3983.00,4162.24,3883.43
2025-10-20 02:55:58,SELL_SIGNAL,KRW-SUI,3971.50,0,0,hold,보유중 (-0.29%),0,0,0,0,0,0,0,-0.29,0,3983.00,4162.24,3883.43
2025-10-20 02:56:03,SELL_SIGNAL,KRW-SUI,3971.50,0,0,hold,보유중 (-0.29%),0,0,0,0,0,0,0,-0.29,0,3983.00,4162.24,3883.43
2025-10-20 02:56:08,SELL_SIGNAL,KRW-SUI,3971.50,0,0,hold,보유중 (-0.29%),0,0,0,0,0,0,0,-0.29,0,3983.00,4162.24,3883.43
2025-10-20 02:56:13,SELL_SIGNAL,KRW-SUI,3971.50,0,0,hold,보유중 (-0.29%),0,0,0,0,0,0,0,-0.29,0,3983.00,4162.24,3883.43
2025-10-20 02:56:18,SELL_SIGNAL,KRW-SUI,3971.50,0,0,hold,보유중 (-0.29%),0,0,0,0,0,0,0,-0.29,0,3983.00,4162.24,3883.43
2025-10-20 02:56:23,SELL_SIGNAL,KRW-SUI,3971.50,0,0,hold,보유중 (-0.29%),0,0,0,0,0,0,0,-0.29,0,3983.00,4162.24,3883.43
2025-10-20 02:56:28,SELL_SIGNAL,KRW-SUI,3971.50,0,0,hold,보유중 (-0.29%),0,0,0,0,0,0,0,-0.29,0,3983.00,4162.24,3883.43
2025-10-20 02:56:34,SELL_SIGNAL,KRW-SUI,3970.50,0,0,hold,보유중 (-0.31%),0,0,0,0,0,0,0,-0.31,0,3983.00,4162.24,3883.43
2025-10-20 02:56:39,SELL_SIGNAL,KRW-SUI,3971.50,0,0,hold,보유중 (-0.29%),0,0,0,0,0,0,0,-0.29,0,3983.00,4162.24,3883.43
2025-10-20 02:56:45,SELL_SIGNAL,KRW-SUI,3971.50,0,0,hold,보유중 (-0.29%),0,0,0,0,0,0,0,-0.29,0,3983.00,4162.24,3883.43
2025-10-20 02:56:50,SELL_SIGNAL,KRW-SUI,3971.50,0,0,hold,보유중 (-0.29%),0,0,0,0,0,0,0,-0.29,0,3983.00,4162.24,3883.43
2025-10-20 02:56:55,SELL_SIGNAL,KRW-SUI,3971.50,0,0,hold,보유중 (-0.29%),0,0,0,0,0,0,0,-0.29,0,3983.00,4162.24,3883.43
2025-10-20 02:57:05,SELL_SIGNAL,KRW-SUI,3971.50,0,0,hold,보유중 (-0.29%),0,0,0,0,0,0,0,-0.29,0,3983.00,4162.24,3883.43
2025-10-20 02:57:10,SELL_SIGNAL,KRW-SUI,3971.00,0,0,hold,보유중 (-0.30%),0,0,0,0,0,0,0,-0.30,0,3983.00,4162.24,3883.43
2025-10-20 02:57:12,SELL_SIGNAL,KRW-SUI,3970.50,0,0,hold,보유중 (-0.31%),0,0,0,0,0,0,0,-0.31,0,3983.00,4162.24,3883.43
2025-10-20 02:57:15,SELL_SIGNAL,KRW-SUI,3971.50,0,0,hold,보유중 (-0.29%),0,0,0,0,0,0,0,-0.29,0,3983.00,4162.24,3883.43
2025-10-20 02:57:21,SELL_SIGNAL,KRW-SUI,3971.50,0,0,hold,보유중 (-0.29%),0,0,0,0,0,0,0,-0.29,0,3983.00,4162.24,3883.43
2025-10-20 02:57:26,SELL_SIGNAL,KRW-SUI,3971.50,0,0,hold,보유중 (-0.29%),0,0,0,0,0,0,0,-0.29,0,3983.00,4162.24,3883.43
2025-10-20 02:57:30,SELL_SIGNAL,KRW-SUI,3971.00,0,0,hold,보유중 (-0.30%),0,0,0,0,0,0,0,-0.30,0,3983.00,4162.24,3883.43
2025-10-20 02:57:36,SELL_SIGNAL,KRW-SUI,3971.00,0,0,hold,보유중 (-0.30%),0,0,0,0,0,0,0,-0.30,0,3983.00,4162.24,3883.43
2025-10-20 02:57:41,SELL_SIGNAL,KRW-SUI,3970.50,0,0,hold,보유중 (-0.31%),0,0,0,0,0,0,0,-0.31,0,3983.00,4162.24,3883.43
2025-10-20 02:57:46,SELL_SIGNAL,KRW-SUI,3970.50,0,0,hold,보유중 (-0.31%),0,0,0,0,0,0,0,-0.31,0,3983.00,4162.24,3883.43
2025-10-20 02:57:51,SELL_SIGNAL,KRW-SUI,3970.50,0,0,hold,보유중 (-0.31%),0,0,0,0,0,0,0,-0.31,0,3983.00,4162.24,3883.43
2025-10-20 02:57:57,SELL_SIGNAL,KRW-SUI,3970.50,0,0,hold,보유중 (-0.31%),0,0,0,0,0,0,0,-0.31,0,3983.00,4162.24,3883.43
2025-10-20 02:58:02,SELL_SIGNAL,KRW-SUI,3971.00,0,0,hold,보유중 (-0.30%),0,0,0,0,0,0,0,-0.30,0,3983.00,4162.24,3883.43
2025-10-20 02:58:08,SELL_SIGNAL,KRW-SUI,3971.00,0,0,hold,보유중 (-0.30%),0,0,0,0,0,0,0,-0.30,0,3983.00,4162.24,3883.43
2025-10-20 02:58:13,SELL_SIGNAL,KRW-SUI,3971.00,0,0,hold,보유중 (-0.30%),0,0,0,0,0,0,0,-0.30,0,3983.00,4162.24,3883.43
2025-10-20 02:58:18,SELL_SIGNAL,KRW-SUI,3971.00,0,0,hold,보유중 (-0.30%),0,0,0,0,0,0,0,-0.30,0,3983.00,4162.24,3883.43
2025-10-20 02:58:19,SELL_SIGNAL,KRW-SUI,3970.00,0,0,hold,보유중 (-0.33%),0,0,0,0,0,0,0,-0.33,0,3983.00,4162.24,3883.43
2025-10-20 02:58:24,SELL_SIGNAL,KRW-SUI,3970.00,0,0,hold,보유중 (-0.33%),0,0,0,0,0,0,0,-0.33,0,3983.00,4162.24,3883.43
2025-10-20 02:58:30,SELL_SIGNAL,KRW-SUI,3970.00,0,0,hold,보유중 (-0.33%),0,0,0,0,0,0,0,-0.33,0,3983.00,4162.24,3883.43
2025-10-20 02:58:38,SELL_SIGNAL,KRW-SUI,3970.00,0,0,hold,보유중 (-0.33%),0,0,0,0,0,0,0,-0.33,0,3983.00,4162.24,3883.43
2025-10-20 02:58:44,SELL_SIGNAL,KRW-SUI,3970.00,0,0,hold,보유중 (-0.33%),0,0,0,0,0,0,0,-0.33,0,3983.00,4162.24,3883.43
2025-10-20 02:58:49,SELL_SIGNAL,KRW-SUI,3970.00,0,0,hold,보유중 (-0.33%),0,0,0,0,0,0,0,-0.33,0,3983.00,4162.24,3883.43
2025-10-20 02:58:55,SELL_SIGNAL,KRW-SUI,3970.00,0,0,hold,보유중 (-0.33%),0,0,0,0,0,0,0,-0.33,0,3983.00,4162.24,3883.43
2025-10-20 02:59:00,SELL_SIGNAL,KRW-SUI,3971.50,0,0,hold,보유중 (-0.29%),0,0,0,0,0,0,0,-0.29,0,3983.00,4162.24,3883.43
2025-10-20 02:59:05,SELL_SIGNAL,KRW-SUI,3970.50,0,0,hold,보유중 (-0.31%),0,0,0,0,0,0,0,-0.31,0,3983.00,4162.24,3883.43
2025-10-20 02:59:11,SELL_SIGNAL,KRW-SUI,3970.00,0,0,hold,보유중 (-0.33%),0,0,0,0,0,0,0,-0.33,0,3983.00,4162.24,3883.43
2025-10-20 02:59:16,SELL_SIGNAL,KRW-SUI,3970.00,0,0,hold,보유중 (-0.33%),0,0,0,0,0,0,0,-0.33,0,3983.00,4162.24,3883.43
2025-10-20 02:59:21,SELL_SIGNAL,KRW-SUI,3970.00,0,0,hold,보유중 (-0.33%),0,0,0,0,0,0,0,-0.33,0,3983.00,4162.24,3883.43
2025-10-20 02:59:26,SELL_SIGNAL,KRW-SUI,3970.00,0,0,hold,보유중 (-0.33%),0,0,0,0,0,0,0,-0.33,0,3983.00,4162.24,3883.43
2025-10-20 02:59:31,SELL_SIGNAL,KRW-SUI,3970.00,0,0,hold,보유중 (-0.33%),0,0,0,0,0,0,0,-0.33,0,3983.00,4162.24,3883.43
2025-10-20 02:59:36,SELL_SIGNAL,KRW-SUI,3970.00,0,0,hold,보유중 (-0.33%),0,0,0,0,0,0,0,-0.33,0,3983.00,4162.24,3883.43
2025-10-20 02:59:41,SELL_SIGNAL,KRW-SUI,3970.00,0,0,hold,보유중 (-0.33%),0,0,0,0,0,0,0,-0.33,0,3983.00,4162.24,3883.43
2025-10-20 02:59:47,SELL_SIGNAL,KRW-SUI,3970.00,0,0,hold,보유중 (-0.33%),0,0,0,0,0,0,0,-0.33,0,3983.00,4162.24,3883.43
2025-10-20 02:59:52,SELL_SIGNAL,KRW-SUI,3970.50,0,0,hold,보유중 (-0.31%),0,0,0,0,0,0,0,-0.31,0,3983.00,4162.24,3883.43
2025-10-20 02:59:57,SELL_SIGNAL,KRW-SUI,3970.50,0,0,hold,보유중 (-0.31%),0,0,0,0,0,0,0,-0.31,0,3983.00,4162.24,3883.43
2025-10-20 03:00:02,SELL_SIGNAL,KRW-SUI,3972.50,0,0,hold,보유중 (-0.26%),0,0,0,0,0,0,0,-0.26,0,3983.00,4162.24,3883.43
2025-10-20 03:00:06,SELL_SIGNAL,KRW-SUI,3973.50,0,0,hold,보유중 (-0.24%),0,0,0,0,0,0,0,-0.24,0,3983.00,4162.24,3883.43
2025-10-20 03:00:08,SELL_SIGNAL,KRW-SUI,3974.00,0,0,hold,보유중 (-0.23%),0,0,0,0,0,0,0,-0.23,0,3983.00,4162.24,3883.43
2025-10-20 03:00:10,SELL_SIGNAL,KRW-SUI,3975.50,0,0,hold,보유중 (-0.19%),0,0,0,0,0,0,0,-0.19,0,3983.00,4162.24,3883.43
2025-10-20 03:00:16,SELL_SIGNAL,KRW-SUI,3973.50,0,0,hold,보유중 (-0.24%),0,0,0,0,0,0,0,-0.24,0,3983.00,4162.24,3883.43
2025-10-20 03:00:18,SELL_SIGNAL,KRW-SUI,3973.00,0,0,hold,보유중 (-0.25%),0,0,0,0,0,0,0,-0.25,0,3983.00,4162.24,3883.43
2025-10-20 03:00:23,SELL_SIGNAL,KRW-SUI,3973.00,0,0,hold,보유중 (-0.25%),0,0,0,0,0,0,0,-0.25,0,3983.00,4162.24,3883.43
2025-10-20 03:00:28,SELL_SIGNAL,KRW-SUI,3973.50,0,0,hold,보유중 (-0.24%),0,0,0,0,0,0,0,-0.24,0,3983.00,4162.24,3883.43
2025-10-20 03:00:34,SELL_SIGNAL,KRW-SUI,3973.50,0,0,hold,보유중 (-0.24%),0,0,0,0,0,0,0,-0.24,0,3983.00,4162.24,3883.43
2025-10-20 03:00:39,SELL_SIGNAL,KRW-SUI,3973.00,0,0,hold,보유중 (-0.25%),0,0,0,0,0,0,0,-0.25,0,3983.00,4162.24,3883.43
2025-10-20 03:00:44,SELL_SIGNAL,KRW-SUI,3973.50,0,0,hold,보유중 (-0.24%),0,0,0,0,0,0,0,-0.24,0,3983.00,4162.24,3883.43
2025-10-20 03:00:50,SELL_SIGNAL,KRW-SUI,3973.50,0,0,hold,보유중 (-0.24%),0,0,0,0,0,0,0,-0.24,0,3983.00,4162.24,3883.43
2025-10-20 03:00:59,SELL_SIGNAL,KRW-SUI,3973.50,0,0,hold,보유중 (-0.24%),0,0,0,0,0,0,0,-0.24,0,3983.00,4162.24,3883.43
2025-10-20 03:01:04,SELL_SIGNAL,KRW-SUI,3973.50,0,0,hold,보유중 (-0.24%),0,0,0,0,0,0,0,-0.24,0,3983.00,4162.24,3883.43
2025-10-20 03:01:09,SELL_SIGNAL,KRW-SUI,3973.50,0,0,hold,보유중 (-0.24%),0,0,0,0,0,0,0,-0.24,0,3983.00,4162.24,3883.43
2025-10-20 03:01:14,SELL_SIGNAL,KRW-SUI,3973.50,0,0,hold,보유중 (-0.24%),0,0,0,0,0,0,0,-0.24,0,3983.00,4162.24,3883.43
2025-10-20 03:01:21,SELL_SIGNAL,KRW-SUI,3973.50,0,0,hold,보유중 (-0.24%),0,0,0,0,0,0,0,-0.24,0,3983.00,4162.24,3883.43
2025-10-20 03:01:24,SELL_SIGNAL,KRW-SUI,3975.00,0,0,hold,보유중 (-0.20%),0,0,0,0,0,0,0,-0.20,0,3983.00,4162.24,3883.43
2025-10-20 03:01:29,SELL_SIGNAL,KRW-SUI,3975.50,0,0,hold,보유중 (-0.19%),0,0,0,0,0,0,0,-0.19,0,3983.00,4162.24,3883.43
2025-10-20 03:01:34,SELL_SIGNAL,KRW-SUI,3975.50,0,0,hold,보유중 (-0.19%),0,0,0,0,0,0,0,-0.19,0,3983.00,4162.24,3883.43
2025-10-20 03:01:39,SELL_SIGNAL,KRW-SUI,3975.50,0,0,hold,보유중 (-0.19%),0,0,0,0,0,0,0,-0.19,0,3983.00,4162.24,3883.43
2025-10-20 03:01:45,SELL_SIGNAL,KRW-SUI,3979.00,0,0,hold,보유중 (-0.10%),0,0,0,0,0,0,0,-0.10,0,3983.00,4162.24,3883.43
2025-10-20 03:01:50,SELL_SIGNAL,KRW-SUI,3978.50,0,0,hold,보유중 (-0.11%),0,0,0,0,0,0,0,-0.11,0,3983.00,4162.24,3883.43
2025-10-20 03:01:56,SELL_SIGNAL,KRW-SUI,3978.50,0,0,hold,보유중 (-0.11%),0,0,0,0,0,0,0,-0.11,0,3983.00,4162.24,3883.43
2025-10-20 03:02:01,SELL_SIGNAL,KRW-SUI,3979.00,0,0,hold,보유중 (-0.10%),0,0,0,0,0,0,0,-0.10,0,3983.00,4162.24,3883.43
2025-10-20 03:02:06,SELL_SIGNAL,KRW-SUI,3978.50,0,0,hold,보유중 (-0.11%),0,0,0,0,0,0,0,-0.11,0,3983.00,4162.24,3883.43
2025-10-20 03:02:12,SELL_SIGNAL,KRW-SUI,3978.50,0,0,hold,보유중 (-0.11%),0,0,0,0,0,0,0,-0.11,0,3983.00,4162.24,3883.43
2025-10-20 03:02:17,SELL_SIGNAL,KRW-SUI,3978.50,0,0,hold,보유중 (-0.11%),0,0,0,0,0,0,0,-0.11,0,3983.00,4162.24,3883.43
2025-10-20 03:02:22,SELL_SIGNAL,KRW-SUI,3978.50,0,0,hold,보유중 (-0.11%),0,0,0,0,0,0,0,-0.11,0,3983.00,4162.24,3883.43
2025-10-20 03:02:25,SELL_SIGNAL,KRW-SUI,3978.00,0,0,hold,보유중 (-0.13%),0,0,0,0,0,0,0,-0.13,0,3983.00,4162.24,3883.43
2025-10-20 03:02:33,SELL_SIGNAL,KRW-SUI,3978.50,0,0,hold,보유중 (-0.11%),0,0,0,0,0,0,0,-0.11,0,3983.00,4162.24,3883.43
2025-10-20 03:02:38,SELL_SIGNAL,KRW-SUI,3978.50,0,0,hold,보유중 (-0.11%),0,0,0,0,0,0,0,-0.11,0,3983.00,4162.24,3883.43
2025-10-20 03:02:43,SELL_SIGNAL,KRW-SUI,3978.50,0,0,hold,보유중 (-0.11%),0,0,0,0,0,0,0,-0.11,0,3983.00,4162.24,3883.43
2025-10-20 03:02:46,SELL_SIGNAL,KRW-SUI,3977.50,0,0,hold,보유중 (-0.14%),0,0,0,0,0,0,0,-0.14,0,3983.00,4162.24,3883.43
2025-10-20 03:02:53,SELL_SIGNAL,KRW-SUI,3977.50,0,0,hold,보유중 (-0.14%),0,0,0,0,0,0,0,-0.14,0,3983.00,4162.24,3883.43
2025-10-20 03:02:56,SELL_SIGNAL,KRW-SUI,3977.00,0,0,hold,보유중 (-0.15%),0,0,0,0,0,0,0,-0.15,0,3983.00,4162.24,3883.43
2025-10-20 03:02:58,SELL_SIGNAL,KRW-SUI,3973.00,0,0,hold,보유중 (-0.25%),0,0,0,0,0,0,0,-0.25,0,3983.00,4162.24,3883.43
2025-10-20 03:03:02,SELL_SIGNAL,KRW-SUI,3974.00,0,0,hold,보유중 (-0.23%),0,0,0,0,0,0,0,-0.23,0,3983.00,4162.24,3883.43
2025-10-20 03:03:03,SELL_SIGNAL,KRW-SUI,3973.50,0,0,hold,보유중 (-0.24%),0,0,0,0,0,0,0,-0.24,0,3983.00,4162.24,3883.43
2025-10-20 03:03:08,SELL_SIGNAL,KRW-SUI,3973.50,0,0,hold,보유중 (-0.24%),0,0,0,0,0,0,0,-0.24,0,3983.00,4162.24,3883.43
2025-10-20 03:03:13,SELL_SIGNAL,KRW-SUI,3975.50,0,0,hold,보유중 (-0.19%),0,0,0,0,0,0,0,-0.19,0,3983.00,4162.24,3883.43
2025-10-20 03:03:18,SELL_SIGNAL,KRW-SUI,3974.50,0,0,hold,보유중 (-0.21%),0,0,0,0,0,0,0,-0.21,0,3983.00,4162.24,3883.43
2025-10-20 03:03:23,SELL_SIGNAL,KRW-SUI,3974.50,0,0,hold,보유중 (-0.21%),0,0,0,0,0,0,0,-0.21,0,3983.00,4162.24,3883.43
2025-10-20 03:03:28,SELL_SIGNAL,KRW-SUI,3974.00,0,0,hold,보유중 (-0.23%),0,0,0,0,0,0,0,-0.23,0,3983.00,4162.24,3883.43
2025-10-20 03:03:34,SELL_SIGNAL,KRW-SUI,3974.00,0,0,hold,보유중 (-0.23%),0,0,0,0,0,0,0,-0.23,0,3983.00,4162.24,3883.43
2025-10-20 03:03:38,SELL_SIGNAL,KRW-SUI,3973.50,0,0,hold,보유중 (-0.24%),0,0,0,0,0,0,0,-0.24,0,3983.00,4162.24,3883.43
2025-10-20 03:03:43,SELL_SIGNAL,KRW-SUI,3973.50,0,0,hold,보유중 (-0.24%),0,0,0,0,0,0,0,-0.24,0,3983.00,4162.24,3883.43
2025-10-20 03:03:50,SELL_SIGNAL,KRW-SUI,3973.50,0,0,hold,보유중 (-0.24%),0,0,0,0,0,0,0,-0.24,0,3983.00,4162.24,3883.43
2025-10-20 03:03:55,SELL_SIGNAL,KRW-SUI,3973.50,0,0,hold,보유중 (-0.24%),0,0,0,0,0,0,0,-0.24,0,3983.00,4162.24,3883.43
2025-10-20 03:04:00,SELL_SIGNAL,KRW-SUI,3973.50,0,0,hold,보유중 (-0.24%),0,0,0,0,0,0,0,-0.24,0,3983.00,4162.24,3883.43
2025-10-20 03:04:05,SELL_SIGNAL,KRW-SUI,3973.50,0,0,hold,보유중 (-0.24%),0,0,0,0,0,0,0,-0.24,0,3983.00,4162.24,3883.43
2025-10-20 03:04:11,SELL_SIGNAL,KRW-SUI,3973.00,0,0,hold,보유중 (-0.25%),0,0,0,0,0,0,0,-0.25,0,3983.00,4162.24,3883.43
2025-10-20 03:04:16,SELL_SIGNAL,KRW-SUI,3972.50,0,0,hold,보유중 (-0.26%),0,0,0,0,0,0,0,-0.26,0,3983.00,4162.24,3883.43
2025-10-20 03:04:21,SELL_SIGNAL,KRW-SUI,3972.50,0,0,hold,보유중 (-0.26%),0,0,0,0,0,0,0,-0.26,0,3983.00,4162.24,3883.43
2025-10-20 03:04:26,SELL_SIGNAL,KRW-SUI,3973.00,0,0,hold,보유중 (-0.25%),0,0,0,0,0,0,0,-0.25,0,3983.00,4162.24,3883.43
2025-10-20 03:04:31,SELL_SIGNAL,KRW-SUI,3973.00,0,0,hold,보유중 (-0.25%),0,0,0,0,0,0,0,-0.25,0,3983.00,4162.24,3883.43
2025-10-20 03:04:36,SELL_SIGNAL,KRW-SUI,3972.50,0,0,hold,보유중 (-0.26%),0,0,0,0,0,0,0,-0.26,0,3983.00,4162.24,3883.43
2025-10-20 03:04:41,SELL_SIGNAL,KRW-SUI,3972.50,0,0,hold,보유중 (-0.26%),0,0,0,0,0,0,0,-0.26,0,3983.00,4162.24,3883.43
2025-10-20 03:04:45,SELL_SIGNAL,KRW-SUI,3972.00,0,0,hold,보유중 (-0.28%),0,0,0,0,0,0,0,-0.28,0,3983.00,4162.24,3883.43
2025-10-20 03:04:46,SELL_SIGNAL,KRW-SUI,3972.50,0,0,hold,보유중 (-0.26%),0,0,0,0,0,0,0,-0.26,0,3983.00,4162.24,3883.43
2025-10-20 03:04:52,SELL_SIGNAL,KRW-SUI,3972.50,0,0,hold,보유중 (-0.26%),0,0,0,0,0,0,0,-0.26,0,3983.00,4162.24,3883.43
2025-10-20 03:04:57,SELL_SIGNAL,KRW-SUI,3972.50,0,0,hold,보유중 (-0.26%),0,0,0,0,0,0,0,-0.26,0,3983.00,4162.24,3883.43
2025-10-20 03:05:03,SELL_SIGNAL,KRW-SUI,3972.50,0,0,hold,보유중 (-0.26%),0,0,0,0,0,0,0,-0.26,0,3983.00,4162.24,3883.43
2025-10-20 03:05:08,SELL_SIGNAL,KRW-SUI,3975.50,0,0,hold,보유중 (-0.19%),0,0,0,0,0,0,0,-0.19,0,3983.00,4162.24,3883.43
2025-10-20 03:05:13,SELL_SIGNAL,KRW-SUI,3975.50,0,0,hold,보유중 (-0.19%),0,0,0,0,0,0,0,-0.19,0,3983.00,4162.24,3883.43
2025-10-20 03:05:19,SELL_SIGNAL,KRW-SUI,3974.50,0,0,hold,보유중 (-0.21%),0,0,0,0,0,0,0,-0.21,0,3983.00,4162.24,3883.43
2025-10-20 03:05:24,SELL_SIGNAL,KRW-SUI,3975.00,0,0,hold,보유중 (-0.20%),0,0,0,0,0,0,0,-0.20,0,3983.00,4162.24,3883.43
2025-10-20 03:05:29,SELL_SIGNAL,KRW-SUI,3975.00,0,0,hold,보유중 (-0.20%),0,0,0,0,0,0,0,-0.20,0,3983.00,4162.24,3883.43
2025-10-20 03:05:34,SELL_SIGNAL,KRW-SUI,3974.50,0,0,hold,보유중 (-0.21%),0,0,0,0,0,0,0,-0.21,0,3983.00,4162.24,3883.43
2025-10-20 03:05:39,SELL_SIGNAL,KRW-SUI,3972.50,0,0,hold,보유중 (-0.26%),0,0,0,0,0,0,0,-0.26,0,3983.00,4162.24,3883.43
2025-10-20 03:05:44,SELL_SIGNAL,KRW-SUI,3972.50,0,0,hold,보유중 (-0.26%),0,0,0,0,0,0,0,-0.26,0,3983.00,4162.24,3883.43
2025-10-20 03:05:47,SELL_SIGNAL,KRW-SUI,3973.50,0,0,hold,보유중 (-0.24%),0,0,0,0,0,0,0,-0.24,0,3983.00,4162.24,3883.43
2025-10-20 03:05:50,SELL_SIGNAL,KRW-SUI,3972.50,0,0,hold,보유중 (-0.26%),0,0,0,0,0,0,0,-0.26,0,3983.00,4162.24,3883.43
2025-10-20 03:05:55,SELL_SIGNAL,KRW-SUI,3972.00,0,0,hold,보유중 (-0.28%),0,0,0,0,0,0,0,-0.28,0,3983.00,4162.24,3883.43
2025-10-20 03:05:59,SELL_SIGNAL,KRW-SUI,3972.50,0,0,hold,보유중 (-0.26%),0,0,0,0,0,0,0,-0.26,0,3983.00,4162.24,3883.43
2025-10-20 03:06:05,SELL_SIGNAL,KRW-SUI,3972.00,0,0,hold,보유중 (-0.28%),0,0,0,0,0,0,0,-0.28,0,3983.00,4162.24,3883.43
2025-10-20 03:06:09,SELL_SIGNAL,KRW-SUI,3974.50,0,0,hold,보유중 (-0.21%),0,0,0,0,0,0,0,-0.21,0,3983.00,4162.24,3883.43
2025-10-20 03:06:10,SELL_SIGNAL,KRW-SUI,3975.00,0,0,hold,보유중 (-0.20%),0,0,0,0,0,0,0,-0.20,0,3983.00,4162.24,3883.43
2025-10-20 03:06:15,SELL_SIGNAL,KRW-SUI,3976.50,0,0,hold,보유중 (-0.16%),0,0,0,0,0,0,0,-0.16,0,3983.00,4162.24,3883.43
2025-10-20 03:06:18,SELL_SIGNAL,KRW-SUI,3974.50,0,0,hold,보유중 (-0.21%),0,0,0,0,0,0,0,-0.21,0,3983.00,4162.24,3883.43
2025-10-20 03:06:25,SELL_SIGNAL,KRW-SUI,3974.50,0,0,hold,보유중 (-0.21%),0,0,0,0,0,0,0,-0.21,0,3983.00,4162.24,3883.43
2025-10-20 03:06:30,SELL_SIGNAL,KRW-SUI,3974.50,0,0,hold,보유중 (-0.21%),0,0,0,0,0,0,0,-0.21,0,3983.00,4162.24,3883.43
2025-10-20 03:06:35,SELL_SIGNAL,KRW-SUI,3974.50,0,0,hold,보유중 (-0.21%),0,0,0,0,0,0,0,-0.21,0,3983.00,4162.24,3883.43
2025-10-20 03:06:40,SELL_SIGNAL,KRW-SUI,3974.50,0,0,hold,보유중 (-0.21%),0,0,0,0,0,0,0,-0.21,0,3983.00,4162.24,3883.43
2025-10-20 03:06:45,SELL_SIGNAL,KRW-SUI,3975.50,0,0,hold,보유중 (-0.19%),0,0,0,0,0,0,0,-0.19,0,3983.00,4162.24,3883.43
2025-10-20 03:06:51,SELL_SIGNAL,KRW-SUI,3975.50,0,0,hold,보유중 (-0.19%),0,0,0,0,0,0,0,-0.19,0,3983.00,4162.24,3883.43
2025-10-20 03:06:56,SELL_SIGNAL,KRW-SUI,3975.50,0,0,hold,보유중 (-0.19%),0,0,0,0,0,0,0,-0.19,0,3983.00,4162.24,3883.43
2025-10-20 03:07:01,SELL_SIGNAL,KRW-SUI,3976.00,0,0,hold,보유중 (-0.18%),0,0,0,0,0,0,0,-0.18,0,3983.00,4162.24,3883.43
2025-10-20 03:07:06,SELL_SIGNAL,KRW-SUI,3976.00,0,0,hold,보유중 (-0.18%),0,0,0,0,0,0,0,-0.18,0,3983.00,4162.24,3883.43
2025-10-20 03:07:12,SELL_SIGNAL,KRW-SUI,3976.00,0,0,hold,보유중 (-0.18%),0,0,0,0,0,0,0,-0.18,0,3983.00,4162.24,3883.43
2025-10-20 03:07:17,SELL_SIGNAL,KRW-SUI,3976.50,0,0,hold,보유중 (-0.16%),0,0,0,0,0,0,0,-0.16,0,3983.00,4162.24,3883.43
2025-10-20 03:07:22,SELL_SIGNAL,KRW-SUI,3977.00,0,0,hold,보유중 (-0.15%),0,0,0,0,0,0,0,-0.15,0,3983.00,4162.24,3883.43
2025-10-20 03:07:27,SELL_SIGNAL,KRW-SUI,3977.00,0,0,hold,보유중 (-0.15%),0,0,0,0,0,0,0,-0.15,0,3983.00,4162.24,3883.43
2025-10-20 03:07:33,SELL_SIGNAL,KRW-SUI,3977.50,0,0,hold,보유중 (-0.14%),0,0,0,0,0,0,0,-0.14,0,3983.00,4162.24,3883.43
2025-10-20 03:07:38,SELL_SIGNAL,KRW-SUI,3977.50,0,0,hold,보유중 (-0.14%),0,0,0,0,0,0,0,-0.14,0,3983.00,4162.24,3883.43
2025-10-20 03:07:43,SELL_SIGNAL,KRW-SUI,3977.50,0,0,hold,보유중 (-0.14%),0,0,0,0,0,0,0,-0.14,0,3983.00,4162.24,3883.43
2025-10-20 03:07:48,SELL_SIGNAL,KRW-SUI,3977.50,0,0,hold,보유중 (-0.14%),0,0,0,0,0,0,0,-0.14,0,3983.00,4162.24,3883.43
2025-10-20 03:07:53,SELL_SIGNAL,KRW-SUI,3978.50,0,0,hold,보유중 (-0.11%),0,0,0,0,0,0,0,-0.11,0,3983.00,4162.24,3883.43
2025-10-20 03:07:58,SELL_SIGNAL,KRW-SUI,3978.50,0,0,hold,보유중 (-0.11%),0,0,0,0,0,0,0,-0.11,0,3983.00,4162.24,3883.43
2025-10-20 03:08:03,SELL_SIGNAL,KRW-SUI,3978.50,0,0,hold,보유중 (-0.11%),0,0,0,0,0,0,0,-0.11,0,3983.00,4162.24,3883.43
2025-10-20 03:08:08,SELL_SIGNAL,KRW-SUI,3978.50,0,0,hold,보유중 (-0.11%),0,0,0,0,0,0,0,-0.11,0,3983.00,4162.24,3883.43
2025-10-20 03:08:13,SELL_SIGNAL,KRW-SUI,3978.50,0,0,hold,보유중 (-0.11%),0,0,0,0,0,0,0,-0.11,0,3983.00,4162.24,3883.43
2025-10-20 03:08:19,SELL_SIGNAL,KRW-SUI,3978.50,0,0,hold,보유중 (-0.11%),0,0,0,0,0,0,0,-0.11,0,3983.00,4162.24,3883.43
2025-10-20 03:08:24,SELL_SIGNAL,KRW-SUI,3978.50,0,0,hold,보유중 (-0.11%),0,0,0,0,0,0,0,-0.11,0,3983.00,4162.24,3883.43
2025-10-20 03:08:29,SELL_SIGNAL,KRW-SUI,3978.50,0,0,hold,보유중 (-0.11%),0,0,0,0,0,0,0,-0.11,0,3983.00,4162.24,3883.43
2025-10-20 03:08:32,SELL_SIGNAL,KRW-SUI,3977.50,0,0,hold,보유중 (-0.14%),0,0,0,0,0,0,0,-0.14,0,3983.00,4162.24,3883.43
2025-10-20 03:08:34,SELL_SIGNAL,KRW-SUI,3974.50,0,0,hold,보유중 (-0.21%),0,0,0,0,0,0,0,-0.21,0,3983.00,4162.24,3883.43
2025-10-20 03:08:40,SELL_SIGNAL,KRW-SUI,3974.50,0,0,hold,보유중 (-0.21%),0,0,0,0,0,0,0,-0.21,0,3983.00,4162.24,3883.43
2025-10-20 03:08:45,SELL_SIGNAL,KRW-SUI,3972.00,0,0,hold,보유중 (-0.28%),0,0,0,0,0,0,0,-0.28,0,3983.00,4162.24,3883.43
2025-10-20 03:08:48,SELL_SIGNAL,KRW-SUI,3969.50,0,0,hold,보유중 (-0.34%),0,0,0,0,0,0,0,-0.34,0,3983.00,4162.24,3883.43
2025-10-20 03:08:55,SELL_SIGNAL,KRW-SUI,3969.50,0,0,hold,보유중 (-0.34%),0,0,0,0,0,0,0,-0.34,0,3983.00,4162.24,3883.43
2025-10-20 03:09:00,SELL_SIGNAL,KRW-SUI,3969.00,0,0,hold,보유중 (-0.35%),0,0,0,0,0,0,0,-0.35,0,3983.00,4162.24,3883.43
2025-10-20 03:09:05,SELL_SIGNAL,KRW-SUI,3969.50,0,0,hold,보유중 (-0.34%),0,0,0,0,0,0,0,-0.34,0,3983.00,4162.24,3883.43
2025-10-20 03:09:07,SELL_SIGNAL,KRW-SUI,3970.00,0,0,hold,보유중 (-0.33%),0,0,0,0,0,0,0,-0.33,0,3983.00,4162.24,3883.43
2025-10-20 03:09:10,SELL_SIGNAL,KRW-SUI,3970.50,0,0,hold,보유중 (-0.31%),0,0,0,0,0,0,0,-0.31,0,3983.00,4162.24,3883.43
2025-10-20 03:09:15,SELL_SIGNAL,KRW-SUI,3970.50,0,0,hold,보유중 (-0.31%),0,0,0,0,0,0,0,-0.31,0,3983.00,4162.24,3883.43
2025-10-20 03:09:20,SELL_SIGNAL,KRW-SUI,3971.00,0,0,hold,보유중 (-0.30%),0,0,0,0,0,0,0,-0.30,0,3983.00,4162.24,3883.43
2025-10-20 03:09:24,SELL_SIGNAL,KRW-SUI,3971.50,0,0,hold,보유중 (-0.29%),0,0,0,0,0,0,0,-0.29,0,3983.00,4162.24,3883.43
2025-10-20 03:09:30,SELL_SIGNAL,KRW-SUI,3971.00,0,0,hold,보유중 (-0.30%),0,0,0,0,0,0,0,-0.30,0,3983.00,4162.24,3883.43
2025-10-20 03:09:35,SELL_SIGNAL,KRW-SUI,3970.50,0,0,hold,보유중 (-0.31%),0,0,0,0,0,0,0,-0.31,0,3983.00,4162.24,3883.43
2025-10-20 03:09:37,SELL_SIGNAL,KRW-SUI,3970.00,0,0,hold,보유중 (-0.33%),0,0,0,0,0,0,0,-0.33,0,3983.00,4162.24,3883.43
2025-10-20 03:09:46,SELL_SIGNAL,KRW-SUI,3969.50,0,0,hold,보유중 (-0.34%),0,0,0,0,0,0,0,-0.34,0,3983.00,4162.24,3883.43
2025-10-20 03:09:50,SELL_SIGNAL,KRW-SUI,3969.00,0,0,hold,보유중 (-0.35%),0,0,0,0,0,0,0,-0.35,0,3983.00,4162.24,3883.43
2025-10-20 03:09:55,SELL_SIGNAL,KRW-SUI,3969.50,0,0,hold,보유중 (-0.34%),0,0,0,0,0,0,0,-0.34,0,3983.00,4162.24,3883.43
2025-10-20 03:10:01,SELL_SIGNAL,KRW-SUI,3969.50,0,0,hold,보유중 (-0.34%),0,0,0,0,0,0,0,-0.34,0,3983.00,4162.24,3883.43
2025-10-20 03:10:06,SELL_SIGNAL,KRW-SUI,3969.50,0,0,hold,보유중 (-0.34%),0,0,0,0,0,0,0,-0.34,0,3983.00,4162.24,3883.43
2025-10-20 03:10:11,SELL_SIGNAL,KRW-SUI,3969.50,0,0,hold,보유중 (-0.34%),0,0,0,0,0,0,0,-0.34,0,3983.00,4162.24,3883.43
2025-10-20 03:10:16,SELL_SIGNAL,KRW-SUI,3970.00,0,0,hold,보유중 (-0.33%),0,0,0,0,0,0,0,-0.33,0,3983.00,4162.24,3883.43
2025-10-20 03:10:21,SELL_SIGNAL,KRW-SUI,3968.50,0,0,hold,보유중 (-0.36%),0,0,0,0,0,0,0,-0.36,0,3983.00,4162.24,3883.43
2025-10-20 03:10:26,SELL_SIGNAL,KRW-SUI,3969.00,0,0,hold,보유중 (-0.35%),0,0,0,0,0,0,0,-0.35,0,3983.00,4162.24,3883.43
2025-10-20 03:10:31,SELL_SIGNAL,KRW-SUI,3969.00,0,0,hold,보유중 (-0.35%),0,0,0,0,0,0,0,-0.35,0,3983.00,4162.24,3883.43
2025-10-20 03:10:36,SELL_SIGNAL,KRW-SUI,3969.50,0,0,hold,보유중 (-0.34%),0,0,0,0,0,0,0,-0.34,0,3983.00,4162.24,3883.43
2025-10-20 03:10:41,SELL_SIGNAL,KRW-SUI,3969.50,0,0,hold,보유중 (-0.34%),0,0,0,0,0,0,0,-0.34,0,3983.00,4162.24,3883.43
2025-10-20 03:10:46,SELL_SIGNAL,KRW-SUI,3970.00,0,0,hold,보유중 (-0.33%),0,0,0,0,0,0,0,-0.33,0,3983.00,4162.24,3883.43
2025-10-20 03:10:52,SELL_SIGNAL,KRW-SUI,3970.00,0,0,hold,보유중 (-0.33%),0,0,0,0,0,0,0,-0.33,0,3983.00,4162.24,3883.43
2025-10-20 03:10:57,SELL_SIGNAL,KRW-SUI,3970.00,0,0,hold,보유중 (-0.33%),0,0,0,0,0,0,0,-0.33,0,3983.00,4162.24,3883.43
2025-10-20 03:11:01,SELL_SIGNAL,KRW-SUI,3969.50,0,0,hold,보유중 (-0.34%),0,0,0,0,0,0,0,-0.34,0,3983.00,4162.24,3883.43
2025-10-20 03:11:06,SELL_SIGNAL,KRW-SUI,3969.50,0,0,hold,보유중 (-0.34%),0,0,0,0,0,0,0,-0.34,0,3983.00,4162.24,3883.43
2025-10-20 03:11:12,SELL_SIGNAL,KRW-SUI,3968.50,0,0,hold,보유중 (-0.36%),0,0,0,0,0,0,0,-0.36,0,3983.00,4162.24,3883.43
2025-10-20 03:11:18,SELL_SIGNAL,KRW-SUI,3968.50,0,0,hold,보유중 (-0.36%),0,0,0,0,0,0,0,-0.36,0,3983.00,4162.24,3883.43
2025-10-20 03:11:23,SELL_SIGNAL,KRW-SUI,3968.50,0,0,hold,보유중 (-0.36%),0,0,0,0,0,0,0,-0.36,0,3983.00,4162.24,3883.43
2025-10-20 03:11:28,SELL_SIGNAL,KRW-SUI,3968.50,0,0,hold,보유중 (-0.36%),0,0,0,0,0,0,0,-0.36,0,3983.00,4162.24,3883.43
2025-10-20 03:11:33,SELL_SIGNAL,KRW-SUI,3968.50,0,0,hold,보유중 (-0.36%),0,0,0,0,0,0,0,-0.36,0,3983.00,4162.24,3883.43
2025-10-20 03:11:38,SELL_SIGNAL,KRW-SUI,3969.00,0,0,hold,보유중 (-0.35%),0,0,0,0,0,0,0,-0.35,0,3983.00,4162.24,3883.43
2025-10-20 03:11:43,SELL_SIGNAL,KRW-SUI,3969.50,0,0,hold,보유중 (-0.34%),0,0,0,0,0,0,0,-0.34,0,3983.00,4162.24,3883.43
2025-10-20 03:11:48,SELL_SIGNAL,KRW-SUI,3969.00,0,0,hold,보유중 (-0.35%),0,0,0,0,0,0,0,-0.35,0,3983.00,4162.24,3883.43
2025-10-20 03:11:53,SELL_SIGNAL,KRW-SUI,3969.00,0,0,hold,보유중 (-0.35%),0,0,0,0,0,0,0,-0.35,0,3983.00,4162.24,3883.43
2025-10-20 03:11:58,SELL_SIGNAL,KRW-SUI,3969.00,0,0,hold,보유중 (-0.35%),0,0,0,0,0,0,0,-0.35,0,3983.00,4162.24,3883.43
2025-10-20 03:12:03,SELL_SIGNAL,KRW-SUI,3969.00,0,0,hold,보유중 (-0.35%),0,0,0,0,0,0,0,-0.35,0,3983.00,4162.24,3883.43
2025-10-20 03:12:08,SELL_SIGNAL,KRW-SUI,3969.00,0,0,hold,보유중 (-0.35%),0,0,0,0,0,0,0,-0.35,0,3983.00,4162.24,3883.43
2025-10-20 03:12:13,SELL_SIGNAL,KRW-SUI,3969.00,0,0,hold,보유중 (-0.35%),0,0,0,0,0,0,0,-0.35,0,3983.00,4162.24,3883.43
2025-10-20 03:12:18,SELL_SIGNAL,KRW-SUI,3969.00,0,0,hold,보유중 (-0.35%),0,0,0,0,0,0,0,-0.35,0,3983.00,4162.24,3883.43
2025-10-20 03:12:28,SELL_SIGNAL,KRW-SUI,3969.00,0,0,hold,보유중 (-0.35%),0,0,0,0,0,0,0,-0.35,0,3983.00,4162.24,3883.43
2025-10-20 03:12:33,SELL_SIGNAL,KRW-SUI,3969.00,0,0,hold,보유중 (-0.35%),0,0,0,0,0,0,0,-0.35,0,3983.00,4162.24,3883.43
2025-10-20 03:12:45,SELL_SIGNAL,KRW-SUI,3969.00,0,0,hold,보유중 (-0.35%),0,0,0,0,0,0,0,-0.35,0,3983.00,4162.24,3883.43
2025-10-20 03:12:50,SELL_SIGNAL,KRW-SUI,3969.00,0,0,hold,보유중 (-0.35%),0,0,0,0,0,0,0,-0.35,0,3983.00,4162.24,3883.43
2025-10-20 03:12:56,SELL_SIGNAL,KRW-SUI,3969.00,0,0,hold,보유중 (-0.35%),0,0,0,0,0,0,0,-0.35,0,3983.00,4162.24,3883.43
2025-10-20 03:13:00,SELL_SIGNAL,KRW-SUI,3968.00,0,0,hold,보유중 (-0.38%),0,0,0,0,0,0,0,-0.38,0,3983.00,4162.24,3883.43
2025-10-20 03:13:06,SELL_SIGNAL,KRW-SUI,3967.00,0,0,hold,보유중 (-0.40%),0,0,0,0,0,0,0,-0.40,0,3983.00,4162.24,3883.43
2025-10-20 03:13:11,SELL_SIGNAL,KRW-SUI,3967.00,0,0,hold,보유중 (-0.40%),0,0,0,0,0,0,0,-0.40,0,3983.00,4162.24,3883.43
2025-10-20 03:13:16,SELL_SIGNAL,KRW-SUI,3967.00,0,0,hold,보유중 (-0.40%),0,0,0,0,0,0,0,-0.40,0,3983.00,4162.24,3883.43
2025-10-20 03:13:24,SELL_SIGNAL,KRW-SUI,3969.00,0,0,hold,보유중 (-0.35%),0,0,0,0,0,0,0,-0.35,0,3983.00,4162.24,3883.43
2025-10-20 03:13:31,SELL_SIGNAL,KRW-SUI,3969.00,0,0,hold,보유중 (-0.35%),0,0,0,0,0,0,0,-0.35,0,3983.00,4162.24,3883.43
2025-10-20 03:13:36,SELL_SIGNAL,KRW-SUI,3969.00,0,0,hold,보유중 (-0.35%),0,0,0,0,0,0,0,-0.35,0,3983.00,4162.24,3883.43
2025-10-20 03:13:41,SELL_SIGNAL,KRW-SUI,3969.00,0,0,hold,보유중 (-0.35%),0,0,0,0,0,0,0,-0.35,0,3983.00,4162.24,3883.43
2025-10-20 03:13:46,SELL_SIGNAL,KRW-SUI,3969.00,0,0,hold,보유중 (-0.35%),0,0,0,0,0,0,0,-0.35,0,3983.00,4162.24,3883.43
2025-10-20 03:13:56,SELL_SIGNAL,KRW-SUI,3969.00,0,0,hold,보유중 (-0.35%),0,0,0,0,0,0,0,-0.35,0,3983.00,4162.24,3883.43
2025-10-20 03:14:01,SELL_SIGNAL,KRW-SUI,3969.00,0,0,hold,보유중 (-0.35%),0,0,0,0,0,0,0,-0.35,0,3983.00,4162.24,3883.43
2025-10-20 03:14:06,SELL_SIGNAL,KRW-SUI,3969.00,0,0,hold,보유중 (-0.35%),0,0,0,0,0,0,0,-0.35,0,3983.00,4162.24,3883.43
2025-10-20 03:14:11,SELL_SIGNAL,KRW-SUI,3969.00,0,0,hold,보유중 (-0.35%),0,0,0,0,0,0,0,-0.35,0,3983.00,4162.24,3883.43
2025-10-20 03:14:17,SELL_SIGNAL,KRW-SUI,3969.50,0,0,hold,보유중 (-0.34%),0,0,0,0,0,0,0,-0.34,0,3983.00,4162.24,3883.43
2025-10-20 03:14:22,SELL_SIGNAL,KRW-SUI,3969.50,0,0,hold,보유중 (-0.34%),0,0,0,0,0,0,0,-0.34,0,3983.00,4162.24,3883.43
2025-10-20 03:14:28,SELL_SIGNAL,KRW-SUI,3969.50,0,0,hold,보유중 (-0.34%),0,0,0,0,0,0,0,-0.34,0,3983.00,4162.24,3883.43
2025-10-20 03:14:34,SELL_SIGNAL,KRW-SUI,3969.50,0,0,hold,보유중 (-0.34%),0,0,0,0,0,0,0,-0.34,0,3983.00,4162.24,3883.43
2025-10-20 03:14:39,SELL_SIGNAL,KRW-SUI,3969.50,0,0,hold,보유중 (-0.34%),0,0,0,0,0,0,0,-0.34,0,3983.00,4162.24,3883.43
2025-10-20 03:14:44,SELL_SIGNAL,KRW-SUI,3969.50,0,0,hold,보유중 (-0.34%),0,0,0,0,0,0,0,-0.34,0,3983.00,4162.24,3883.43
2025-10-20 03:14:49,SELL_SIGNAL,KRW-SUI,3969.50,0,0,hold,보유중 (-0.34%),0,0,0,0,0,0,0,-0.34,0,3983.00,4162.24,3883.43
2025-10-20 03:14:59,SELL_SIGNAL,KRW-SUI,3969.50,0,0,hold,보유중 (-0.34%),0,0,0,0,0,0,0,-0.34,0,3983.00,4162.24,3883.43
2025-10-20 03:15:03,SELL_SIGNAL,KRW-SUI,3968.50,0,0,hold,보유중 (-0.36%),0,0,0,0,0,0,0,-0.36,0,3983.00,4162.24,3883.43
2025-10-20 03:15:06,SELL_SIGNAL,KRW-SUI,3970.00,0,0,hold,보유중 (-0.33%),0,0,0,0,0,0,0,-0.33,0,3983.00,4162.24,3883.43
2025-10-20 03:15:09,SELL_SIGNAL,KRW-SUI,3971.00,0,0,hold,보유중 (-0.30%),0,0,0,0,0,0,0,-0.30,0,3983.00,4162.24,3883.43
2025-10-20 03:15:13,SELL_SIGNAL,KRW-SUI,3972.00,0,0,hold,보유중 (-0.28%),0,0,0,0,0,0,0,-0.28,0,3983.00,4162.24,3883.43
2025-10-20 03:15:19,SELL_SIGNAL,KRW-SUI,3972.50,0,0,hold,보유중 (-0.26%),0,0,0,0,0,0,0,-0.26,0,3983.00,4162.24,3883.43
2025-10-20 03:15:24,SELL_SIGNAL,KRW-SUI,3972.00,0,0,hold,보유중 (-0.28%),0,0,0,0,0,0,0,-0.28,0,3983.00,4162.24,3883.43
2025-10-20 03:15:29,SELL_SIGNAL,KRW-SUI,3971.00,0,0,hold,보유중 (-0.30%),0,0,0,0,0,0,0,-0.30,0,3983.00,4162.24,3883.43
2025-10-20 03:15:34,SELL_SIGNAL,KRW-SUI,3971.50,0,0,hold,보유중 (-0.29%),0,0,0,0,0,0,0,-0.29,0,3983.00,4162.24,3883.43
2025-10-20 03:15:38,SELL_SIGNAL,KRW-SUI,3972.00,0,0,hold,보유중 (-0.28%),0,0,0,0,0,0,0,-0.28,0,3983.00,4162.24,3883.43
2025-10-20 03:15:44,SELL_SIGNAL,KRW-SUI,3972.00,0,0,hold,보유중 (-0.28%),0,0,0,0,0,0,0,-0.28,0,3983.00,4162.24,3883.43
2025-10-20 03:15:50,SELL_SIGNAL,KRW-SUI,3972.00,0,0,hold,보유중 (-0.28%),0,0,0,0,0,0,0,-0.28,0,3983.00,4162.24,3883.43
2025-10-20 03:15:55,SELL_SIGNAL,KRW-SUI,3972.00,0,0,hold,보유중 (-0.28%),0,0,0,0,0,0,0,-0.28,0,3983.00,4162.24,3883.43
2025-10-20 03:16:00,SELL_SIGNAL,KRW-SUI,3972.00,0,0,hold,보유중 (-0.28%),0,0,0,0,0,0,0,-0.28,0,3983.00,4162.24,3883.43
2025-10-20 03:16:05,SELL_SIGNAL,KRW-SUI,3972.00,0,0,hold,보유중 (-0.28%),0,0,0,0,0,0,0,-0.28,0,3983.00,4162.24,3883.43
2025-10-20 03:16:10,SELL_SIGNAL,KRW-SUI,3972.00,0,0,hold,보유중 (-0.28%),0,0,0,0,0,0,0,-0.28,0,3983.00,4162.24,3883.43
2025-10-20 03:16:15,SELL_SIGNAL,KRW-SUI,3972.00,0,0,hold,보유중 (-0.28%),0,0,0,0,0,0,0,-0.28,0,3983.00,4162.24,3883.43
2025-10-20 03:16:20,SELL_SIGNAL,KRW-SUI,3972.00,0,0,hold,보유중 (-0.28%),0,0,0,0,0,0,0,-0.28,0,3983.00,4162.24,3883.43
2025-10-20 03:16:25,SELL_SIGNAL,KRW-SUI,3971.00,0,0,hold,보유중 (-0.30%),0,0,0,0,0,0,0,-0.30,0,3983.00,4162.24,3883.43
2025-10-20 03:16:30,SELL_SIGNAL,KRW-SUI,3971.00,0,0,hold,보유중 (-0.30%),0,0,0,0,0,0,0,-0.30,0,3983.00,4162.24,3883.43
2025-10-20 03:16:35,SELL_SIGNAL,KRW-SUI,3971.00,0,0,hold,보유중 (-0.30%),0,0,0,0,0,0,0,-0.30,0,3983.00,4162.24,3883.43
2025-10-20 03:16:40,SELL_SIGNAL,KRW-SUI,3971.00,0,0,hold,보유중 (-0.30%),0,0,0,0,0,0,0,-0.30,0,3983.00,4162.24,3883.43
2025-10-20 03:16:46,SELL_SIGNAL,KRW-SUI,3971.00,0,0,hold,보유중 (-0.30%),0,0,0,0,0,0,0,-0.30,0,3983.00,4162.24,3883.43
2025-10-20 03:16:51,SELL_SIGNAL,KRW-SUI,3971.00,0,0,hold,보유중 (-0.30%),0,0,0,0,0,0,0,-0.30,0,3983.00,4162.24,3883.43
2025-10-20 03:16:56,SELL_SIGNAL,KRW-SUI,3970.50,0,0,hold,보유중 (-0.31%),0,0,0,0,0,0,0,-0.31,0,3983.00,4162.24,3883.43
2025-10-20 03:17:01,SELL_SIGNAL,KRW-SUI,3971.00,0,0,hold,보유중 (-0.30%),0,0,0,0,0,0,0,-0.30,0,3983.00,4162.24,3883.43
2025-10-20 03:17:07,SELL_SIGNAL,KRW-SUI,3971.00,0,0,hold,보유중 (-0.30%),0,0,0,0,0,0,0,-0.30,0,3983.00,4162.24,3883.43
2025-10-20 03:17:12,SELL_SIGNAL,KRW-SUI,3971.00,0,0,hold,보유중 (-0.30%),0,0,0,0,0,0,0,-0.30,0,3983.00,4162.24,3883.43
2025-10-20 03:17:17,SELL_SIGNAL,KRW-SUI,3971.00,0,0,hold,보유중 (-0.30%),0,0,0,0,0,0,0,-0.30,0,3983.00,4162.24,3883.43
2025-10-20 03:17:22,SELL_SIGNAL,KRW-SUI,3971.00,0,0,hold,보유중 (-0.30%),0,0,0,0,0,0,0,-0.30,0,3983.00,4162.24,3883.43
2025-10-20 03:17:27,SELL_SIGNAL,KRW-SUI,3971.00,0,0,hold,보유중 (-0.30%),0,0,0,0,0,0,0,-0.30,0,3983.00,4162.24,3883.43
2025-10-20 03:17:32,SELL_SIGNAL,KRW-SUI,3971.00,0,0,hold,보유중 (-0.30%),0,0,0,0,0,0,0,-0.30,0,3983.00,4162.24,3883.43
2025-10-20 03:17:37,SELL_SIGNAL,KRW-SUI,3970.50,0,0,hold,보유중 (-0.31%),0,0,0,0,0,0,0,-0.31,0,3983.00,4162.24,3883.43
2025-10-20 03:17:42,SELL_SIGNAL,KRW-SUI,3970.50,0,0,hold,보유중 (-0.31%),0,0,0,0,0,0,0,-0.31,0,3983.00,4162.24,3883.43
2025-10-20 03:17:48,SELL_SIGNAL,KRW-SUI,3970.00,0,0,hold,보유중 (-0.33%),0,0,0,0,0,0,0,-0.33,0,3983.00,4162.24,3883.43
2025-10-20 03:17:53,SELL_SIGNAL,KRW-SUI,3970.00,0,0,hold,보유중 (-0.33%),0,0,0,0,0,0,0,-0.33,0,3983.00,4162.24,3883.43
2025-10-20 03:17:58,SELL_SIGNAL,KRW-SUI,3970.50,0,0,hold,보유중 (-0.31%),0,0,0,0,0,0,0,-0.31,0,3983.00,4162.24,3883.43
2025-10-20 03:18:03,SELL_SIGNAL,KRW-SUI,3970.50,0,0,hold,보유중 (-0.31%),0,0,0,0,0,0,0,-0.31,0,3983.00,4162.24,3883.43
2025-10-20 03:18:08,SELL_SIGNAL,KRW-SUI,3970.00,0,0,hold,보유중 (-0.33%),0,0,0,0,0,0,0,-0.33,0,3983.00,4162.24,3883.43
2025-10-20 03:18:13,SELL_SIGNAL,KRW-SUI,3966.00,0,0,hold,보유중 (-0.43%),0,0,0,0,0,0,0,-0.43,0,3983.00,4162.24,3883.43
2025-10-20 03:18:18,SELL_SIGNAL,KRW-SUI,3966.00,0,0,hold,보유중 (-0.43%),0,0,0,0,0,0,0,-0.43,0,3983.00,4162.24,3883.43
2025-10-20 03:18:23,SELL_SIGNAL,KRW-SUI,3966.00,0,0,hold,보유중 (-0.43%),0,0,0,0,0,0,0,-0.43,0,3983.00,4162.24,3883.43
2025-10-20 03:18:29,SELL_SIGNAL,KRW-SUI,3966.00,0,0,hold,보유중 (-0.43%),0,0,0,0,0,0,0,-0.43,0,3983.00,4162.24,3883.43
2025-10-20 03:18:34,SELL_SIGNAL,KRW-SUI,3966.50,0,0,hold,보유중 (-0.41%),0,0,0,0,0,0,0,-0.41,0,3983.00,4162.24,3883.43
2025-10-20 03:18:38,SELL_SIGNAL,KRW-SUI,3966.00,0,0,hold,보유중 (-0.43%),0,0,0,0,0,0,0,-0.43,0,3983.00,4162.24,3883.43
2025-10-20 03:18:40,SELL_SIGNAL,KRW-SUI,3969.00,0,0,hold,보유중 (-0.35%),0,0,0,0,0,0,0,-0.35,0,3983.00,4162.24,3883.43
2025-10-20 03:18:49,SELL_SIGNAL,KRW-SUI,3969.00,0,0,hold,보유중 (-0.35%),0,0,0,0,0,0,0,-0.35,0,3983.00,4162.24,3883.43
2025-10-20 03:18:51,SELL_SIGNAL,KRW-SUI,3968.50,0,0,hold,보유중 (-0.36%),0,0,0,0,0,0,0,-0.36,0,3983.00,4162.24,3883.43
2025-10-20 03:19:00,SELL_SIGNAL,KRW-SUI,3968.50,0,0,hold,보유중 (-0.36%),0,0,0,0,0,0,0,-0.36,0,3983.00,4162.24,3883.43
2025-10-20 03:19:05,SELL_SIGNAL,KRW-SUI,3968.50,0,0,hold,보유중 (-0.36%),0,0,0,0,0,0,0,-0.36,0,3983.00,4162.24,3883.43
2025-10-20 03:19:10,SELL_SIGNAL,KRW-SUI,3968.50,0,0,hold,보유중 (-0.36%),0,0,0,0,0,0,0,-0.36,0,3983.00,4162.24,3883.43
2025-10-20 03:19:15,SELL_SIGNAL,KRW-SUI,3968.00,0,0,hold,보유중 (-0.38%),0,0,0,0,0,0,0,-0.38,0,3983.00,4162.24,3883.43
2025-10-20 03:19:20,SELL_SIGNAL,KRW-SUI,3968.00,0,0,hold,보유중 (-0.38%),0,0,0,0,0,0,0,-0.38,0,3983.00,4162.24,3883.43
2025-10-20 03:19:25,SELL_SIGNAL,KRW-SUI,3967.00,0,0,hold,보유중 (-0.40%),0,0,0,0,0,0,0,-0.40,0,3983.00,4162.24,3883.43
2025-10-20 03:19:30,SELL_SIGNAL,KRW-SUI,3967.00,0,0,hold,보유중 (-0.40%),0,0,0,0,0,0,0,-0.40,0,3983.00,4162.24,3883.43
2025-10-20 03:19:36,SELL_SIGNAL,KRW-SUI,3967.00,0,0,hold,보유중 (-0.40%),0,0,0,0,0,0,0,-0.40,0,3983.00,4162.24,3883.43
2025-10-20 03:19:41,SELL_SIGNAL,KRW-SUI,3967.00,0,0,hold,보유중 (-0.40%),0,0,0,0,0,0,0,-0.40,0,3983.00,4162.24,3883.43
2025-10-20 03:19:46,SELL_SIGNAL,KRW-SUI,3966.50,0,0,hold,보유중 (-0.41%),0,0,0,0,0,0,0,-0.41,0,3983.00,4162.24,3883.43
2025-10-20 03:19:51,SELL_SIGNAL,KRW-SUI,3966.50,0,0,hold,보유중 (-0.41%),0,0,0,0,0,0,0,-0.41,0,3983.00,4162.24,3883.43
2025-10-20 03:19:56,SELL_SIGNAL,KRW-SUI,3966.50,0,0,hold,보유중 (-0.41%),0,0,0,0,0,0,0,-0.41,0,3983.00,4162.24,3883.43
2025-10-20 03:20:01,SELL_SIGNAL,KRW-SUI,3966.50,0,0,hold,보유중 (-0.41%),0,0,0,0,0,0,0,-0.41,0,3983.00,4162.24,3883.43
2025-10-20 03:20:07,SELL_SIGNAL,KRW-SUI,3966.50,0,0,hold,보유중 (-0.41%),0,0,0,0,0,0,0,-0.41,0,3983.00,4162.24,3883.43
2025-10-20 03:20:12,SELL_SIGNAL,KRW-SUI,3966.00,0,0,hold,보유중 (-0.43%),0,0,0,0,0,0,0,-0.43,0,3983.00,4162.24,3883.43
2025-10-20 03:20:17,SELL_SIGNAL,KRW-SUI,3966.00,0,0,hold,보유중 (-0.43%),0,0,0,0,0,0,0,-0.43,0,3983.00,4162.24,3883.43
2025-10-20 03:20:20,SELL_SIGNAL,KRW-SUI,3964.00,0,0,hold,보유중 (-0.48%),0,0,0,0,0,0,0,-0.48,0,3983.00,4162.24,3883.43
2025-10-20 03:20:22,SELL_SIGNAL,KRW-SUI,3964.50,0,0,hold,보유중 (-0.46%),0,0,0,0,0,0,0,-0.46,0,3983.00,4162.24,3883.43
2025-10-20 03:20:27,SELL_SIGNAL,KRW-SUI,3964.50,0,0,hold,보유중 (-0.46%),0,0,0,0,0,0,0,-0.46,0,3983.00,4162.24,3883.43
2025-10-20 03:20:32,SELL_SIGNAL,KRW-SUI,3965.50,0,0,hold,보유중 (-0.44%),0,0,0,0,0,0,0,-0.44,0,3983.00,4162.24,3883.43
2025-10-20 03:20:37,SELL_SIGNAL,KRW-SUI,3967.00,0,0,hold,보유중 (-0.40%),0,0,0,0,0,0,0,-0.40,0,3983.00,4162.24,3883.43
2025-10-20 03:20:42,SELL_SIGNAL,KRW-SUI,3967.00,0,0,hold,보유중 (-0.40%),0,0,0,0,0,0,0,-0.40,0,3983.00,4162.24,3883.43
2025-10-20 03:20:47,SELL_SIGNAL,KRW-SUI,3967.00,0,0,hold,보유중 (-0.40%),0,0,0,0,0,0,0,-0.40,0,3983.00,4162.24,3883.43
2025-10-20 03:20:53,SELL_SIGNAL,KRW-SUI,3967.00,0,0,hold,보유중 (-0.40%),0,0,0,0,0,0,0,-0.40,0,3983.00,4162.24,3883.43
2025-10-20 03:20:58,SELL_SIGNAL,KRW-SUI,3966.00,0,0,hold,보유중 (-0.43%),0,0,0,0,0,0,0,-0.43,0,3983.00,4162.24,3883.43
2025-10-20 03:21:03,SELL_SIGNAL,KRW-SUI,3965.00,0,0,hold,보유중 (-0.45%),0,0,0,0,0,0,0,-0.45,0,3983.00,4162.24,3883.43
2025-10-20 03:21:09,SELL_SIGNAL,KRW-SUI,3964.50,0,0,hold,보유중 (-0.46%),0,0,0,0,0,0,0,-0.46,0,3983.00,4162.24,3883.43
2025-10-20 03:21:14,SELL_SIGNAL,KRW-SUI,3964.50,0,0,hold,보유중 (-0.46%),0,0,0,0,0,0,0,-0.46,0,3983.00,4162.24,3883.43
2025-10-20 03:21:19,SELL_SIGNAL,KRW-SUI,3964.50,0,0,hold,보유중 (-0.46%),0,0,0,0,0,0,0,-0.46,0,3983.00,4162.24,3883.43
2025-10-20 03:21:24,SELL_SIGNAL,KRW-SUI,3964.50,0,0,hold,보유중 (-0.46%),0,0,0,0,0,0,0,-0.46,0,3983.00,4162.24,3883.43
2025-10-20 03:21:29,SELL_SIGNAL,KRW-SUI,3964.50,0,0,hold,보유중 (-0.46%),0,0,0,0,0,0,0,-0.46,0,3983.00,4162.24,3883.43
2025-10-20 03:21:34,SELL_SIGNAL,KRW-SUI,3964.50,0,0,hold,보유중 (-0.46%),0,0,0,0,0,0,0,-0.46,0,3983.00,4162.24,3883.43
2025-10-20 03:21:39,SELL_SIGNAL,KRW-SUI,3964.50,0,0,hold,보유중 (-0.46%),0,0,0,0,0,0,0,-0.46,0,3983.00,4162.24,3883.43
2025-10-20 03:21:44,SELL_SIGNAL,KRW-SUI,3967.00,0,0,hold,보유중 (-0.40%),0,0,0,0,0,0,0,-0.40,0,3983.00,4162.24,3883.43
2025-10-20 03:21:49,SELL_SIGNAL,KRW-SUI,3967.00,0,0,hold,보유중 (-0.40%),0,0,0,0,0,0,0,-0.40,0,3983.00,4162.24,3883.43
2025-10-20 03:21:50,SELL_SIGNAL,KRW-SUI,3963.50,0,0,hold,보유중 (-0.49%),0,0,0,0,0,0,0,-0.49,0,3983.00,4162.24,3883.43
2025-10-20 03:21:54,SELL_SIGNAL,KRW-SUI,3967.50,0,0,hold,보유중 (-0.39%),0,0,0,0,0,0,0,-0.39,0,3983.00,4162.24,3883.43
2025-10-20 03:21:59,SELL_SIGNAL,KRW-SUI,3967.00,0,0,hold,보유중 (-0.40%),0,0,0,0,0,0,0,-0.40,0,3983.00,4162.24,3883.43
2025-10-20 03:22:01,SELL_SIGNAL,KRW-SUI,3966.50,0,0,hold,보유중 (-0.41%),0,0,0,0,0,0,0,-0.41,0,3983.00,4162.24,3883.43
2025-10-20 03:22:10,SELL_SIGNAL,KRW-SUI,3966.00,0,0,hold,보유중 (-0.43%),0,0,0,0,0,0,0,-0.43,0,3983.00,4162.24,3883.43
2025-10-20 03:22:15,SELL_SIGNAL,KRW-SUI,3966.00,0,0,hold,보유중 (-0.43%),0,0,0,0,0,0,0,-0.43,0,3983.00,4162.24,3883.43
2025-10-20 03:22:17,SELL_SIGNAL,KRW-SUI,3965.50,0,0,hold,보유중 (-0.44%),0,0,0,0,0,0,0,-0.44,0,3983.00,4162.24,3883.43
2025-10-20 03:22:22,SELL_SIGNAL,KRW-SUI,3965.50,0,0,hold,보유중 (-0.44%),0,0,0,0,0,0,0,-0.44,0,3983.00,4162.24,3883.43
2025-10-20 03:22:30,SELL_SIGNAL,KRW-SUI,3965.50,0,0,hold,보유중 (-0.44%),0,0,0,0,0,0,0,-0.44,0,3983.00,4162.24,3883.43
2025-10-20 03:22:35,SELL_SIGNAL,KRW-SUI,3965.50,0,0,hold,보유중 (-0.44%),0,0,0,0,0,0,0,-0.44,0,3983.00,4162.24,3883.43
2025-10-20 03:22:40,SELL_SIGNAL,KRW-SUI,3966.50,0,0,hold,보유중 (-0.41%),0,0,0,0,0,0,0,-0.41,0,3983.00,4162.24,3883.43
2025-10-20 03:22:45,SELL_SIGNAL,KRW-SUI,3966.50,0,0,hold,보유중 (-0.41%),0,0,0,0,0,0,0,-0.41,0,3983.00,4162.24,3883.43
2025-10-20 03:22:50,SELL_SIGNAL,KRW-SUI,3966.50,0,0,hold,보유중 (-0.41%),0,0,0,0,0,0,0,-0.41,0,3983.00,4162.24,3883.43
2025-10-20 03:22:55,SELL_SIGNAL,KRW-SUI,3966.50,0,0,hold,보유중 (-0.41%),0,0,0,0,0,0,0,-0.41,0,3983.00,4162.24,3883.43
2025-10-20 03:23:05,SELL_SIGNAL,KRW-SUI,3965.00,0,0,hold,보유중 (-0.45%),0,0,0,0,0,0,0,-0.45,0,3983.00,4162.24,3883.43
2025-10-20 03:23:10,SELL_SIGNAL,KRW-SUI,3966.00,0,0,hold,보유중 (-0.43%),0,0,0,0,0,0,0,-0.43,0,3983.00,4162.24,3883.43
2025-10-20 03:23:15,SELL_SIGNAL,KRW-SUI,3966.00,0,0,hold,보유중 (-0.43%),0,0,0,0,0,0,0,-0.43,0,3983.00,4162.24,3883.43
2025-10-20 03:23:20,SELL_SIGNAL,KRW-SUI,3965.50,0,0,hold,보유중 (-0.44%),0,0,0,0,0,0,0,-0.44,0,3983.00,4162.24,3883.43
2025-10-20 03:23:25,SELL_SIGNAL,KRW-SUI,3965.50,0,0,hold,보유중 (-0.44%),0,0,0,0,0,0,0,-0.44,0,3983.00,4162.24,3883.43
2025-10-20 03:23:29,SELL_SIGNAL,KRW-SUI,3966.00,0,0,hold,보유중 (-0.43%),0,0,0,0,0,0,0,-0.43,0,3983.00,4162.24,3883.43
2025-10-20 03:23:35,SELL_SIGNAL,KRW-SUI,3966.00,0,0,hold,보유중 (-0.43%),0,0,0,0,0,0,0,-0.43,0,3983.00,4162.24,3883.43
2025-10-20 03:23:41,SELL_SIGNAL,KRW-SUI,3966.00,0,0,hold,보유중 (-0.43%),0,0,0,0,0,0,0,-0.43,0,3983.00,4162.24,3883.43
2025-10-20 03:23:46,SELL_SIGNAL,KRW-SUI,3966.00,0,0,hold,보유중 (-0.43%),0,0,0,0,0,0,0,-0.43,0,3983.00,4162.24,3883.43
2025-10-20 03:23:51,SELL_SIGNAL,KRW-SUI,3966.00,0,0,hold,보유중 (-0.43%),0,0,0,0,0,0,0,-0.43,0,3983.00,4162.24,3883.43
2025-10-20 03:23:56,SELL_SIGNAL,KRW-SUI,3966.50,0,0,hold,보유중 (-0.41%),0,0,0,0,0,0,0,-0.41,0,3983.00,4162.24,3883.43
2025-10-20 03:24:01,SELL_SIGNAL,KRW-SUI,3966.50,0,0,hold,보유중 (-0.41%),0,0,0,0,0,0,0,-0.41,0,3983.00,4162.24,3883.43
2025-10-20 03:24:06,SELL_SIGNAL,KRW-SUI,3966.00,0,0,hold,보유중 (-0.43%),0,0,0,0,0,0,0,-0.43,0,3983.00,4162.24,3883.43
2025-10-20 03:24:11,SELL_SIGNAL,KRW-SUI,3966.00,0,0,hold,보유중 (-0.43%),0,0,0,0,0,0,0,-0.43,0,3983.00,4162.24,3883.43
2025-10-20 03:24:16,SELL_SIGNAL,KRW-SUI,3968.00,0,0,hold,보유중 (-0.38%),0,0,0,0,0,0,0,-0.38,0,3983.00,4162.24,3883.43
2025-10-20 03:24:21,SELL_SIGNAL,KRW-SUI,3968.00,0,0,hold,보유중 (-0.38%),0,0,0,0,0,0,0,-0.38,0,3983.00,4162.24,3883.43
2025-10-20 03:24:26,SELL_SIGNAL,KRW-SUI,3968.00,0,0,hold,보유중 (-0.38%),0,0,0,0,0,0,0,-0.38,0,3983.00,4162.24,3883.43
2025-10-20 03:24:31,SELL_SIGNAL,KRW-SUI,3968.00,0,0,hold,보유중 (-0.38%),0,0,0,0,0,0,0,-0.38,0,3983.00,4162.24,3883.43
2025-10-20 03:24:36,SELL_SIGNAL,KRW-SUI,3969.00,0,0,hold,보유중 (-0.35%),0,0,0,0,0,0,0,-0.35,0,3983.00,4162.24,3883.43
2025-10-20 03:24:41,SELL_SIGNAL,KRW-SUI,3968.50,0,0,hold,보유중 (-0.36%),0,0,0,0,0,0,0,-0.36,0,3983.00,4162.24,3883.43
2025-10-20 03:24:45,SELL_SIGNAL,KRW-SUI,3963.50,0,0,hold,보유중 (-0.49%),0,0,0,0,0,0,0,-0.49,0,3983.00,4162.24,3883.43
2025-10-20 03:24:51,SELL_SIGNAL,KRW-SUI,3963.50,0,0,hold,보유중 (-0.49%),0,0,0,0,0,0,0,-0.49,0,3983.00,4162.24,3883.43
2025-10-20 03:24:57,SELL_SIGNAL,KRW-SUI,3963.50,0,0,hold,보유중 (-0.49%),0,0,0,0,0,0,0,-0.49,0,3983.00,4162.24,3883.43
2025-10-20 03:25:02,SELL_SIGNAL,KRW-SUI,3963.50,0,0,hold,보유중 (-0.49%),0,0,0,0,0,0,0,-0.49,0,3983.00,4162.24,3883.43
2025-10-20 03:25:07,SELL_SIGNAL,KRW-SUI,3965.00,0,0,hold,보유중 (-0.45%),0,0,0,0,0,0,0,-0.45,0,3983.00,4162.24,3883.43
2025-10-20 03:25:12,SELL_SIGNAL,KRW-SUI,3963.50,0,0,hold,보유중 (-0.49%),0,0,0,0,0,0,0,-0.49,0,3983.00,4162.24,3883.43
2025-10-20 03:25:17,SELL_SIGNAL,KRW-SUI,3963.50,0,0,hold,보유중 (-0.49%),0,0,0,0,0,0,0,-0.49,0,3983.00,4162.24,3883.43
2025-10-20 03:25:22,SELL_SIGNAL,KRW-SUI,3963.50,0,0,hold,보유중 (-0.49%),0,0,0,0,0,0,0,-0.49,0,3983.00,4162.24,3883.43
2025-10-20 03:25:27,SELL_SIGNAL,KRW-SUI,3966.00,0,0,hold,보유중 (-0.43%),0,0,0,0,0,0,0,-0.43,0,3983.00,4162.24,3883.43
2025-10-20 03:25:28,SELL_SIGNAL,KRW-SUI,3965.50,0,0,hold,보유중 (-0.44%),0,0,0,0,0,0,0,-0.44,0,3983.00,4162.24,3883.43
2025-10-20 03:25:38,SELL_SIGNAL,KRW-SUI,3965.50,0,0,hold,보유중 (-0.44%),0,0,0,0,0,0,0,-0.44,0,3983.00,4162.24,3883.43
2025-10-20 03:25:43,SELL_SIGNAL,KRW-SUI,3965.50,0,0,hold,보유중 (-0.44%),0,0,0,0,0,0,0,-0.44,0,3983.00,4162.24,3883.43
2025-10-20 03:25:48,SELL_SIGNAL,KRW-SUI,3965.50,0,0,hold,보유중 (-0.44%),0,0,0,0,0,0,0,-0.44,0,3983.00,4162.24,3883.43
2025-10-20 03:25:53,SELL_SIGNAL,KRW-SUI,3965.50,0,0,hold,보유중 (-0.44%),0,0,0,0,0,0,0,-0.44,0,3983.00,4162.24,3883.43
2025-10-20 03:25:59,SELL_SIGNAL,KRW-SUI,3965.00,0,0,hold,보유중 (-0.45%),0,0,0,0,0,0,0,-0.45,0,3983.00,4162.24,3883.43
2025-10-20 03:26:04,SELL_SIGNAL,KRW-SUI,3965.00,0,0,hold,보유중 (-0.45%),0,0,0,0,0,0,0,-0.45,0,3983.00,4162.24,3883.43
2025-10-20 03:26:06,SELL_SIGNAL,KRW-SUI,3964.00,0,0,hold,보유중 (-0.48%),0,0,0,0,0,0,0,-0.48,0,3983.00,4162.24,3883.43
2025-10-20 03:26:14,SELL_SIGNAL,KRW-SUI,3964.00,0,0,hold,보유중 (-0.48%),0,0,0,0,0,0,0,-0.48,0,3983.00,4162.24,3883.43
2025-10-20 03:26:19,SELL_SIGNAL,KRW-SUI,3964.00,0,0,hold,보유중 (-0.48%),0,0,0,0,0,0,0,-0.48,0,3983.00,4162.24,3883.43
2025-10-20 03:26:25,SELL_SIGNAL,KRW-SUI,3964.50,0,0,hold,보유중 (-0.46%),0,0,0,0,0,0,0,-0.46,0,3983.00,4162.24,3883.43
2025-10-20 03:26:28,SELL_SIGNAL,KRW-SUI,3965.00,0,0,hold,보유중 (-0.45%),0,0,0,0,0,0,0,-0.45,0,3983.00,4162.24,3883.43
2025-10-20 03:26:34,SELL_SIGNAL,KRW-SUI,3965.00,0,0,hold,보유중 (-0.45%),0,0,0,0,0,0,0,-0.45,0,3983.00,4162.24,3883.43
2025-10-20 03:26:40,SELL_SIGNAL,KRW-SUI,3965.00,0,0,hold,보유중 (-0.45%),0,0,0,0,0,0,0,-0.45,0,3983.00,4162.24,3883.43
2025-10-20 03:26:45,SELL_SIGNAL,KRW-SUI,3965.00,0,0,hold,보유중 (-0.45%),0,0,0,0,0,0,0,-0.45,0,3983.00,4162.24,3883.43
2025-10-20 03:26:50,SELL_SIGNAL,KRW-SUI,3965.00,0,0,hold,보유중 (-0.45%),0,0,0,0,0,0,0,-0.45,0,3983.00,4162.24,3883.43
2025-10-20 03:27:01,SELL_SIGNAL,KRW-SUI,3965.00,0,0,hold,보유중 (-0.45%),0,0,0,0,0,0,0,-0.45,0,3983.00,4162.24,3883.43
2025-10-20 03:27:06,SELL_SIGNAL,KRW-SUI,3965.50,0,0,hold,보유중 (-0.44%),0,0,0,0,0,0,0,-0.44,0,3983.00,4162.24,3883.43
2025-10-20 03:27:11,SELL_SIGNAL,KRW-SUI,3966.00,0,0,hold,보유중 (-0.43%),0,0,0,0,0,0,0,-0.43,0,3983.00,4162.24,3883.43
2025-10-20 03:27:16,SELL_SIGNAL,KRW-SUI,3966.00,0,0,hold,보유중 (-0.43%),0,0,0,0,0,0,0,-0.43,0,3983.00,4162.24,3883.43
2025-10-20 03:27:21,SELL_SIGNAL,KRW-SUI,3966.00,0,0,hold,보유중 (-0.43%),0,0,0,0,0,0,0,-0.43,0,3983.00,4162.24,3883.43
2025-10-20 03:27:26,SELL_SIGNAL,KRW-SUI,3966.00,0,0,hold,보유중 (-0.43%),0,0,0,0,0,0,0,-0.43,0,3983.00,4162.24,3883.43
2025-10-20 03:27:31,SELL_SIGNAL,KRW-SUI,3966.00,0,0,hold,보유중 (-0.43%),0,0,0,0,0,0,0,-0.43,0,3983.00,4162.24,3883.43
2025-10-20 03:27:35,SELL_SIGNAL,KRW-SUI,3964.50,0,0,hold,보유중 (-0.46%),0,0,0,0,0,0,0,-0.46,0,3983.00,4162.24,3883.43
2025-10-20 03:27:42,SELL_SIGNAL,KRW-SUI,3964.50,0,0,hold,보유중 (-0.46%),0,0,0,0,0,0,0,-0.46,0,3983.00,4162.24,3883.43
2025-10-20 03:27:47,SELL_SIGNAL,KRW-SUI,3965.00,0,0,hold,보유중 (-0.45%),0,0,0,0,0,0,0,-0.45,0,3983.00,4162.24,3883.43
2025-10-20 03:27:52,SELL_SIGNAL,KRW-SUI,3965.50,0,0,hold,보유중 (-0.44%),0,0,0,0,0,0,0,-0.44,0,3983.00,4162.24,3883.43
2025-10-20 03:27:57,SELL_SIGNAL,KRW-SUI,3966.00,0,0,hold,보유중 (-0.43%),0,0,0,0,0,0,0,-0.43,0,3983.00,4162.24,3883.43
2025-10-20 03:28:02,SELL_SIGNAL,KRW-SUI,3966.00,0,0,hold,보유중 (-0.43%),0,0,0,0,0,0,0,-0.43,0,3983.00,4162.24,3883.43
2025-10-20 03:28:07,SELL_SIGNAL,KRW-SUI,3966.00,0,0,hold,보유중 (-0.43%),0,0,0,0,0,0,0,-0.43,0,3983.00,4162.24,3883.43
2025-10-20 03:28:12,SELL_SIGNAL,KRW-SUI,3966.00,0,0,hold,보유중 (-0.43%),0,0,0,0,0,0,0,-0.43,0,3983.00,4162.24,3883.43
2025-10-20 03:28:17,SELL_SIGNAL,KRW-SUI,3966.00,0,0,hold,보유중 (-0.43%),0,0,0,0,0,0,0,-0.43,0,3983.00,4162.24,3883.43
2025-10-20 03:28:22,SELL_SIGNAL,KRW-SUI,3966.00,0,0,hold,보유중 (-0.43%),0,0,0,0,0,0,0,-0.43,0,3983.00,4162.24,3883.43
2025-10-20 03:28:27,SELL_SIGNAL,KRW-SUI,3966.00,0,0,hold,보유중 (-0.43%),0,0,0,0,0,0,0,-0.43,0,3983.00,4162.24,3883.43
2025-10-20 03:28:33,SELL_SIGNAL,KRW-SUI,3966.50,0,0,hold,보유중 (-0.41%),0,0,0,0,0,0,0,-0.41,0,3983.00,4162.24,3883.43
2025-10-20 03:28:38,SELL_SIGNAL,KRW-SUI,3966.50,0,0,hold,보유중 (-0.41%),0,0,0,0,0,0,0,-0.41,0,3983.00,4162.24,3883.43
2025-10-20 03:28:43,SELL_SIGNAL,KRW-SUI,3966.00,0,0,hold,보유중 (-0.43%),0,0,0,0,0,0,0,-0.43,0,3983.00,4162.24,3883.43
2025-10-20 03:28:48,SELL_SIGNAL,KRW-SUI,3966.50,0,0,hold,보유중 (-0.41%),0,0,0,0,0,0,0,-0.41,0,3983.00,4162.24,3883.43
2025-10-20 03:28:53,SELL_SIGNAL,KRW-SUI,3966.00,0,0,hold,보유중 (-0.43%),0,0,0,0,0,0,0,-0.43,0,3983.00,4162.24,3883.43
2025-10-20 03:28:58,SELL_SIGNAL,KRW-SUI,3966.00,0,0,hold,보유중 (-0.43%),0,0,0,0,0,0,0,-0.43,0,3983.00,4162.24,3883.43
2025-10-20 03:29:05,SELL_SIGNAL,KRW-SUI,3965.50,0,0,hold,보유중 (-0.44%),0,0,0,0,0,0,0,-0.44,0,3983.00,4162.24,3883.43
2025-10-20 03:29:10,SELL_SIGNAL,KRW-SUI,3965.00,0,0,hold,보유중 (-0.45%),0,0,0,0,0,0,0,-0.45,0,3983.00,4162.24,3883.43
2025-10-20 03:29:15,SELL_SIGNAL,KRW-SUI,3965.00,0,0,hold,보유중 (-0.45%),0,0,0,0,0,0,0,-0.45,0,3983.00,4162.24,3883.43
2025-10-20 03:29:20,SELL_SIGNAL,KRW-SUI,3962.50,0,0,hold,보유중 (-0.51%),0,0,0,0,0,0,0,-0.51,0,3983.00,4162.24,3883.43
2025-10-20 03:29:25,SELL_SIGNAL,KRW-SUI,3962.50,0,0,hold,보유중 (-0.51%),0,0,0,0,0,0,0,-0.51,0,3983.00,4162.24,3883.43
2025-10-20 03:29:30,SELL_SIGNAL,KRW-SUI,3962.00,0,0,hold,보유중 (-0.53%),0,0,0,0,0,0,0,-0.53,0,3983.00,4162.24,3883.43
2025-10-20 03:29:35,SELL_SIGNAL,KRW-SUI,3962.00,0,0,hold,보유중 (-0.53%),0,0,0,0,0,0,0,-0.53,0,3983.00,4162.24,3883.43
2025-10-20 03:29:40,SELL_SIGNAL,KRW-SUI,3962.00,0,0,hold,보유중 (-0.53%),0,0,0,0,0,0,0,-0.53,0,3983.00,4162.24,3883.43
2025-10-20 03:29:45,SELL_SIGNAL,KRW-SUI,3962.00,0,0,hold,보유중 (-0.53%),0,0,0,0,0,0,0,-0.53,0,3983.00,4162.24,3883.43
2025-10-20 03:29:50,SELL_SIGNAL,KRW-SUI,3962.00,0,0,hold,보유중 (-0.53%),0,0,0,0,0,0,0,-0.53,0,3983.00,4162.24,3883.43
2025-10-20 03:29:55,SELL_SIGNAL,KRW-SUI,3961.50,0,0,hold,보유중 (-0.54%),0,0,0,0,0,0,0,-0.54,0,3983.00,4162.24,3883.43
2025-10-20 03:29:57,SELL_SIGNAL,KRW-SUI,3960.50,0,0,hold,보유중 (-0.56%),0,0,0,0,0,0,0,-0.56,0,3983.00,4162.24,3883.43
2025-10-20 03:30:05,SELL_SIGNAL,KRW-SUI,3960.50,0,0,hold,보유중 (-0.56%),0,0,0,0,0,0,0,-0.56,0,3983.00,4162.24,3883.43
2025-10-20 03:30:10,SELL_SIGNAL,KRW-SUI,3960.50,0,0,hold,보유중 (-0.56%),0,0,0,0,0,0,0,-0.56,0,3983.00,4162.24,3883.43
2025-10-20 03:30:16,SELL_SIGNAL,KRW-SUI,3960.50,0,0,hold,보유중 (-0.56%),0,0,0,0,0,0,0,-0.56,0,3983.00,4162.24,3883.43
2025-10-20 03:30:21,SELL_SIGNAL,KRW-SUI,3960.50,0,0,hold,보유중 (-0.56%),0,0,0,0,0,0,0,-0.56,0,3983.00,4162.24,3883.43
2025-10-20 03:30:26,SELL_SIGNAL,KRW-SUI,3960.50,0,0,hold,보유중 (-0.56%),0,0,0,0,0,0,0,-0.56,0,3983.00,4162.24,3883.43
2025-10-20 03:30:31,SELL_SIGNAL,KRW-SUI,3960.50,0,0,hold,보유중 (-0.56%),0,0,0,0,0,0,0,-0.56,0,3983.00,4162.24,3883.43
2025-10-20 03:30:36,SELL_SIGNAL,KRW-SUI,3960.50,0,0,hold,보유중 (-0.56%),0,0,0,0,0,0,0,-0.56,0,3983.00,4162.24,3883.43
2025-10-20 03:30:41,SELL_SIGNAL,KRW-SUI,3960.50,0,0,hold,보유중 (-0.56%),0,0,0,0,0,0,0,-0.56,0,3983.00,4162.24,3883.43
2025-10-20 03:30:46,SELL_SIGNAL,KRW-SUI,3960.50,0,0,hold,보유중 (-0.56%),0,0,0,0,0,0,0,-0.56,0,3983.00,4162.24,3883.43
2025-10-20 03:30:51,SELL_SIGNAL,KRW-SUI,3960.50,0,0,hold,보유중 (-0.56%),0,0,0,0,0,0,0,-0.56,0,3983.00,4162.24,3883.43
2025-10-20 03:30:56,SELL_SIGNAL,KRW-SUI,3960.50,0,0,hold,보유중 (-0.56%),0,0,0,0,0,0,0,-0.56,0,3983.00,4162.24,3883.43
2025-10-20 03:31:01,SELL_SIGNAL,KRW-SUI,3960.50,0,0,hold,보유중 (-0.56%),0,0,0,0,0,0,0,-0.56,0,3983.00,4162.24,3883.43
2025-10-20 03:31:06,SELL_SIGNAL,KRW-SUI,3965.50,0,0,hold,보유중 (-0.44%),0,0,0,0,0,0,0,-0.44,0,3983.00,4162.24,3883.43
2025-10-20 03:31:11,SELL_SIGNAL,KRW-SUI,3965.50,0,0,hold,보유중 (-0.44%),0,0,0,0,0,0,0,-0.44,0,3983.00,4162.24,3883.43
2025-10-20 03:31:16,SELL_SIGNAL,KRW-SUI,3965.50,0,0,hold,보유중 (-0.44%),0,0,0,0,0,0,0,-0.44,0,3983.00,4162.24,3883.43
2025-10-20 03:31:22,SELL_SIGNAL,KRW-SUI,3965.50,0,0,hold,보유중 (-0.44%),0,0,0,0,0,0,0,-0.44,0,3983.00,4162.24,3883.43
2025-10-20 03:31:28,SELL_SIGNAL,KRW-SUI,3966.00,0,0,hold,보유중 (-0.43%),0,0,0,0,0,0,0,-0.43,0,3983.00,4162.24,3883.43
2025-10-20 03:31:33,SELL_SIGNAL,KRW-SUI,3966.00,0,0,hold,보유중 (-0.43%),0,0,0,0,0,0,0,-0.43,0,3983.00,4162.24,3883.43
2025-10-20 03:31:38,SELL_SIGNAL,KRW-SUI,3966.00,0,0,hold,보유중 (-0.43%),0,0,0,0,0,0,0,-0.43,0,3983.00,4162.24,3883.43
2025-10-20 03:31:43,SELL_SIGNAL,KRW-SUI,3966.00,0,0,hold,보유중 (-0.43%),0,0,0,0,0,0,0,-0.43,0,3983.00,4162.24,3883.43
2025-10-20 03:31:48,SELL_SIGNAL,KRW-SUI,3966.00,0,0,hold,보유중 (-0.43%),0,0,0,0,0,0,0,-0.43,0,3983.00,4162.24,3883.43
2025-10-20 03:31:54,SELL_SIGNAL,KRW-SUI,3966.00,0,0,hold,보유중 (-0.43%),0,0,0,0,0,0,0,-0.43,0,3983.00,4162.24,3883.43
2025-10-20 03:32:04,SELL_SIGNAL,KRW-SUI,3966.00,0,0,hold,보유중 (-0.43%),0,0,0,0,0,0,0,-0.43,0,3983.00,4162.24,3883.43
2025-10-20 03:32:09,SELL_SIGNAL,KRW-SUI,3965.50,0,0,hold,보유중 (-0.44%),0,0,0,0,0,0,0,-0.44,0,3983.00,4162.24,3883.43
2025-10-20 03:32:14,SELL_SIGNAL,KRW-SUI,3965.50,0,0,hold,보유중 (-0.44%),0,0,0,0,0,0,0,-0.44,0,3983.00,4162.24,3883.43
2025-10-20 03:32:19,SELL_SIGNAL,KRW-SUI,3966.00,0,0,hold,보유중 (-0.43%),0,0,0,0,0,0,0,-0.43,0,3983.00,4162.24,3883.43
2025-10-20 03:32:24,SELL_SIGNAL,KRW-SUI,3964.00,0,0,hold,보유중 (-0.48%),0,0,0,0,0,0,0,-0.48,0,3983.00,4162.24,3883.43
2025-10-20 03:32:29,SELL_SIGNAL,KRW-SUI,3964.00,0,0,hold,보유중 (-0.48%),0,0,0,0,0,0,0,-0.48,0,3983.00,4162.24,3883.43
2025-10-20 03:32:34,SELL_SIGNAL,KRW-SUI,3962.00,0,0,hold,보유중 (-0.53%),0,0,0,0,0,0,0,-0.53,0,3983.00,4162.24,3883.43
2025-10-20 03:32:41,SELL_SIGNAL,KRW-SUI,3962.00,0,0,hold,보유중 (-0.53%),0,0,0,0,0,0,0,-0.53,0,3983.00,4162.24,3883.43
2025-10-20 03:32:44,SELL_SIGNAL,KRW-SUI,3960.50,0,0,hold,보유중 (-0.56%),0,0,0,0,0,0,0,-0.56,0,3983.00,4162.24,3883.43
2025-10-20 03:32:50,SELL_SIGNAL,KRW-SUI,3960.50,0,0,hold,보유중 (-0.56%),0,0,0,0,0,0,0,-0.56,0,3983.00,4162.24,3883.43
2025-10-20 03:32:56,SELL_SIGNAL,KRW-SUI,3960.50,0,0,hold,보유중 (-0.56%),0,0,0,0,0,0,0,-0.56,0,3983.00,4162.24,3883.43
2025-10-20 03:33:01,SELL_SIGNAL,KRW-SUI,3960.50,0,0,hold,보유중 (-0.56%),0,0,0,0,0,0,0,-0.56,0,3983.00,4162.24,3883.43
2025-10-20 03:33:06,SELL_SIGNAL,KRW-SUI,3960.50,0,0,hold,보유중 (-0.56%),0,0,0,0,0,0,0,-0.56,0,3983.00,4162.24,3883.43
2025-10-20 03:33:11,SELL_SIGNAL,KRW-SUI,3960.50,0,0,hold,보유중 (-0.56%),0,0,0,0,0,0,0,-0.56,0,3983.00,4162.24,3883.43
2025-10-20 03:33:15,SELL_SIGNAL,KRW-SUI,3958.50,0,0,hold,보유중 (-0.62%),0,0,0,0,0,0,0,-0.62,0,3983.00,4162.24,3883.43
2025-10-20 03:33:21,SELL_SIGNAL,KRW-SUI,3957.50,0,0,hold,보유중 (-0.64%),0,0,0,0,0,0,0,-0.64,0,3983.00,4162.24,3883.43
2025-10-20 03:33:31,SELL_SIGNAL,KRW-SUI,3957.50,0,0,hold,보유중 (-0.64%),0,0,0,0,0,0,0,-0.64,0,3983.00,4162.24,3883.43
2025-10-20 03:33:36,SELL_SIGNAL,KRW-SUI,3957.50,0,0,hold,보유중 (-0.64%),0,0,0,0,0,0,0,-0.64,0,3983.00,4162.24,3883.43
2025-10-20 03:33:41,SELL_SIGNAL,KRW-SUI,3957.00,0,0,hold,보유중 (-0.65%),0,0,0,0,0,0,0,-0.65,0,3983.00,4162.24,3883.43
2025-10-20 03:33:46,SELL_SIGNAL,KRW-SUI,3957.00,0,0,hold,보유중 (-0.65%),0,0,0,0,0,0,0,-0.65,0,3983.00,4162.24,3883.43
2025-10-20 03:33:51,SELL_SIGNAL,KRW-SUI,3958.00,0,0,hold,보유중 (-0.63%),0,0,0,0,0,0,0,-0.63,0,3983.00,4162.24,3883.43
2025-10-20 03:33:56,SELL_SIGNAL,KRW-SUI,3955.50,0,0,hold,보유중 (-0.69%),0,0,0,0,0,0,0,-0.69,0,3983.00,4162.24,3883.43
2025-10-20 03:34:01,SELL_SIGNAL,KRW-SUI,3955.50,0,0,hold,보유중 (-0.69%),0,0,0,0,0,0,0,-0.69,0,3983.00,4162.24,3883.43
2025-10-20 03:34:06,SELL_SIGNAL,KRW-SUI,3958.50,0,0,hold,보유중 (-0.62%),0,0,0,0,0,0,0,-0.62,0,3983.00,4162.24,3883.43
2025-10-20 03:34:11,SELL_SIGNAL,KRW-SUI,3961.50,0,0,hold,보유중 (-0.54%),0,0,0,0,0,0,0,-0.54,0,3983.00,4162.24,3883.43
2025-10-20 03:34:14,SELL_SIGNAL,KRW-SUI,3961.00,0,0,hold,보유중 (-0.55%),0,0,0,0,0,0,0,-0.55,0,3983.00,4162.24,3883.43
2025-10-20 03:34:17,SELL_SIGNAL,KRW-SUI,3960.00,0,0,hold,보유중 (-0.58%),0,0,0,0,0,0,0,-0.58,0,3983.00,4162.24,3883.43
2025-10-20 03:34:20,SELL_SIGNAL,KRW-SUI,3961.00,0,0,hold,보유중 (-0.55%),0,0,0,0,0,0,0,-0.55,0,3983.00,4162.24,3883.43
2025-10-20 03:34:22,SELL_SIGNAL,KRW-SUI,3960.50,0,0,hold,보유중 (-0.56%),0,0,0,0,0,0,0,-0.56,0,3983.00,4162.24,3883.43
2025-10-20 03:34:27,SELL_SIGNAL,KRW-SUI,3959.50,0,0,hold,보유중 (-0.59%),0,0,0,0,0,0,0,-0.59,0,3983.00,4162.24,3883.43
2025-10-20 03:34:33,SELL_SIGNAL,KRW-SUI,3959.50,0,0,hold,보유중 (-0.59%),0,0,0,0,0,0,0,-0.59,0,3983.00,4162.24,3883.43
2025-10-20 03:34:38,SELL_SIGNAL,KRW-SUI,3959.50,0,0,hold,보유중 (-0.59%),0,0,0,0,0,0,0,-0.59,0,3983.00,4162.24,3883.43
2025-10-20 03:34:43,SELL_SIGNAL,KRW-SUI,3960.50,0,0,hold,보유중 (-0.56%),0,0,0,0,0,0,0,-0.56,0,3983.00,4162.24,3883.43
2025-10-20 03:34:48,SELL_SIGNAL,KRW-SUI,3960.50,0,0,hold,보유중 (-0.56%),0,0,0,0,0,0,0,-0.56,0,3983.00,4162.24,3883.43
2025-10-20 03:34:53,SELL_SIGNAL,KRW-SUI,3960.50,0,0,hold,보유중 (-0.56%),0,0,0,0,0,0,0,-0.56,0,3983.00,4162.24,3883.43
2025-10-20 03:34:58,SELL_SIGNAL,KRW-SUI,3960.50,0,0,hold,보유중 (-0.56%),0,0,0,0,0,0,0,-0.56,0,3983.00,4162.24,3883.43
2025-10-20 03:35:03,SELL_SIGNAL,KRW-SUI,3960.50,0,0,hold,보유중 (-0.56%),0,0,0,0,0,0,0,-0.56,0,3983.00,4162.24,3883.43
2025-10-20 03:35:08,SELL_SIGNAL,KRW-SUI,3960.50,0,0,hold,보유중 (-0.56%),0,0,0,0,0,0,0,-0.56,0,3983.00,4162.24,3883.43
2025-10-20 03:35:13,SELL_SIGNAL,KRW-SUI,3960.50,0,0,hold,보유중 (-0.56%),0,0,0,0,0,0,0,-0.56,0,3983.00,4162.24,3883.43
2025-10-20 03:35:18,SELL_SIGNAL,KRW-SUI,3961.00,0,0,hold,보유중 (-0.55%),0,0,0,0,0,0,0,-0.55,0,3983.00,4162.24,3883.43
2025-10-20 03:35:24,SELL_SIGNAL,KRW-SUI,3961.50,0,0,hold,보유중 (-0.54%),0,0,0,0,0,0,0,-0.54,0,3983.00,4162.24,3883.43
2025-10-20 03:35:34,SELL_SIGNAL,KRW-SUI,3962.50,0,0,hold,보유중 (-0.51%),0,0,0,0,0,0,0,-0.51,0,3983.00,4162.24,3883.43
2025-10-20 03:35:39,SELL_SIGNAL,KRW-SUI,3964.50,0,0,hold,보유중 (-0.46%),0,0,0,0,0,0,0,-0.46,0,3983.00,4162.24,3883.43
2025-10-20 03:35:44,SELL_SIGNAL,KRW-SUI,3964.50,0,0,hold,보유중 (-0.46%),0,0,0,0,0,0,0,-0.46,0,3983.00,4162.24,3883.43
2025-10-20 03:35:50,SELL_SIGNAL,KRW-SUI,3964.00,0,0,hold,보유중 (-0.48%),0,0,0,0,0,0,0,-0.48,0,3983.00,4162.24,3883.43
2025-10-20 03:35:55,SELL_SIGNAL,KRW-SUI,3964.00,0,0,hold,보유중 (-0.48%),0,0,0,0,0,0,0,-0.48,0,3983.00,4162.24,3883.43
2025-10-20 03:36:00,SELL_SIGNAL,KRW-SUI,3963.50,0,0,hold,보유중 (-0.49%),0,0,0,0,0,0,0,-0.49,0,3983.00,4162.24,3883.43
2025-10-20 03:36:05,SELL_SIGNAL,KRW-SUI,3963.50,0,0,hold,보유중 (-0.49%),0,0,0,0,0,0,0,-0.49,0,3983.00,4162.24,3883.43
2025-10-20 03:36:10,SELL_SIGNAL,KRW-SUI,3963.50,0,0,hold,보유중 (-0.49%),0,0,0,0,0,0,0,-0.49,0,3983.00,4162.24,3883.43
2025-10-20 03:36:15,SELL_SIGNAL,KRW-SUI,3963.50,0,0,hold,보유중 (-0.49%),0,0,0,0,0,0,0,-0.49,0,3983.00,4162.24,3883.43
2025-10-20 03:36:20,SELL_SIGNAL,KRW-SUI,3963.50,0,0,hold,보유중 (-0.49%),0,0,0,0,0,0,0,-0.49,0,3983.00,4162.24,3883.43
2025-10-20 03:36:25,SELL_SIGNAL,KRW-SUI,3963.50,0,0,hold,보유중 (-0.49%),0,0,0,0,0,0,0,-0.49,0,3983.00,4162.24,3883.43
2025-10-20 03:36:30,SELL_SIGNAL,KRW-SUI,3963.50,0,0,hold,보유중 (-0.49%),0,0,0,0,0,0,0,-0.49,0,3983.00,4162.24,3883.43
2025-10-20 03:36:35,SELL_SIGNAL,KRW-SUI,3964.00,0,0,hold,보유중 (-0.48%),0,0,0,0,0,0,0,-0.48,0,3983.00,4162.24,3883.43
2025-10-20 03:36:40,SELL_SIGNAL,KRW-SUI,3964.50,0,0,hold,보유중 (-0.46%),0,0,0,0,0,0,0,-0.46,0,3983.00,4162.24,3883.43
2025-10-20 03:36:45,SELL_SIGNAL,KRW-SUI,3964.50,0,0,hold,보유중 (-0.46%),0,0,0,0,0,0,0,-0.46,0,3983.00,4162.24,3883.43
2025-10-20 03:36:50,SELL_SIGNAL,KRW-SUI,3963.50,0,0,hold,보유중 (-0.49%),0,0,0,0,0,0,0,-0.49,0,3983.00,4162.24,3883.43
2025-10-20 03:36:55,SELL_SIGNAL,KRW-SUI,3963.50,0,0,hold,보유중 (-0.49%),0,0,0,0,0,0,0,-0.49,0,3983.00,4162.24,3883.43
2025-10-20 03:37:01,SELL_SIGNAL,KRW-SUI,3963.50,0,0,hold,보유중 (-0.49%),0,0,0,0,0,0,0,-0.49,0,3983.00,4162.24,3883.43
2025-10-20 03:37:06,SELL_SIGNAL,KRW-SUI,3964.50,0,0,hold,보유중 (-0.46%),0,0,0,0,0,0,0,-0.46,0,3983.00,4162.24,3883.43
2025-10-20 03:37:11,SELL_SIGNAL,KRW-SUI,3964.00,0,0,hold,보유중 (-0.48%),0,0,0,0,0,0,0,-0.48,0,3983.00,4162.24,3883.43
2025-10-20 03:37:16,SELL_SIGNAL,KRW-SUI,3964.00,0,0,hold,보유중 (-0.48%),0,0,0,0,0,0,0,-0.48,0,3983.00,4162.24,3883.43
2025-10-20 03:37:21,SELL_SIGNAL,KRW-SUI,3965.50,0,0,hold,보유중 (-0.44%),0,0,0,0,0,0,0,-0.44,0,3983.00,4162.24,3883.43
2025-10-20 03:37:26,SELL_SIGNAL,KRW-SUI,3965.50,0,0,hold,보유중 (-0.44%),0,0,0,0,0,0,0,-0.44,0,3983.00,4162.24,3883.43
2025-10-20 03:37:31,SELL_SIGNAL,KRW-SUI,3965.50,0,0,hold,보유중 (-0.44%),0,0,0,0,0,0,0,-0.44,0,3983.00,4162.24,3883.43
2025-10-20 03:37:36,SELL_SIGNAL,KRW-SUI,3965.50,0,0,hold,보유중 (-0.44%),0,0,0,0,0,0,0,-0.44,0,3983.00,4162.24,3883.43
2025-10-20 03:37:42,SELL_SIGNAL,KRW-SUI,3965.50,0,0,hold,보유중 (-0.44%),0,0,0,0,0,0,0,-0.44,0,3983.00,4162.24,3883.43
2025-10-20 03:37:47,SELL_SIGNAL,KRW-SUI,3965.50,0,0,hold,보유중 (-0.44%),0,0,0,0,0,0,0,-0.44,0,3983.00,4162.24,3883.43
2025-10-20 03:37:52,SELL_SIGNAL,KRW-SUI,3965.50,0,0,hold,보유중 (-0.44%),0,0,0,0,0,0,0,-0.44,0,3983.00,4162.24,3883.43
2025-10-20 03:37:57,SELL_SIGNAL,KRW-SUI,3965.50,0,0,hold,보유중 (-0.44%),0,0,0,0,0,0,0,-0.44,0,3983.00,4162.24,3883.43
2025-10-20 03:38:02,SELL_SIGNAL,KRW-SUI,3965.50,0,0,sell,시간손절 (60분, -0.4%),0,0,0,0,0,0,0,-0.44,0,3983.00,4162.24,3883.43
